; generated by PrusaSlicer 2.9.4 on 2026-05-22 at 18:44:33 UTC

; 

; external perimeters extrusion width = 0.56mm
; perimeters extrusion width = 0.56mm
; infill extrusion width = 0.56mm
; solid infill extrusion width = 0.56mm
; top infill extrusion width = 0.50mm
; first layer extrusion width = 0.60mm

;TYPE:Custom
G21
M107
G90
M82
G92 E0
M117 Heating
M140 S65
M109 R180
M117 Anti-ooze retract
G1 E-30 F75
M117 Wiping
G1 X42 Y173 F11520
G1 Z0 F1200
G1 X42 Y173 Z-0.5 F4000
G1 X52 Y171 Z-0.5 F4000
G1 X42 Y173 Z0 F4000
G1 X52 Y171 F4000
G1 X42 Y173 F4000
G1 X52 Y171 F4000
G1 X57 Y173 F4000
G1 X77 Y171 F4000
G1 X87 Y171 F4000
G1 X97 Y171 F4000
G1 X107 Y173 F4000
G1 X112 Y171 Z-0.5 F1000
G1 Z10 F600
M117 Heating for print
M190 S65
M109 S240
G92 E0
G1 E5 F75
G92 E0
M117 Printing
G21 ; set units to millimeters
G90 ; use absolute coordinates
M82 ; use absolute distances for extrusion
G92 E0
; Filament gcode
M107
;LAYER_CHANGE
;Z:0.3
;HEIGHT:0.3
G1 E-1.5 F1200
G92 E0
G1 Z.3 F6000
G1 X63.694 Y62.976
G1 E1.5 F1200
M204 S300
;TYPE:Skirt/Brim
;WIDTH:0.6
G1 F600
G1 X66 Y62.197 E1.56131
G1 X86 Y62.197 E2.06508
G1 X87.687 Y62.591 E2.10872
G1 X89.024 Y63.694 E2.15238
G1 X89.803 Y66 E2.21369
G1 X89.803 Y86 E2.71746
G1 X89.409 Y87.687 E2.7611
G1 X88.306 Y89.024 E2.80476
G1 X86 Y89.803 E2.86607
G1 X66 Y89.803 E3.36984
G1 X64.313 Y89.409 E3.41348
G1 X62.976 Y88.306 E3.45714
G1 X62.197 Y86 E3.51845
G1 X62.197 Y66 E4.02222
G1 X62.591 Y64.313 E4.06586
G1 X63.646 Y63.034 E4.10762
M204 S500
M204 S1000
G1 X64.068 Y63.422 F6000
M204 S300
G1 F600
G1 X64.213 Y63.264 E4.11302
G1 X66 Y62.732 E4.15998
G1 X86 Y62.732 E4.66375
G1 X87.555 Y63.126 E4.70416
G1 X88.736 Y64.213 E4.74459
G1 X89.268 Y66 E4.79155
G1 X89.268 Y86 E5.29532
G1 X88.874 Y87.555 E5.33573
G1 X87.787 Y88.736 E5.37616
G1 X86 Y89.268 E5.42312
G1 X66 Y89.268 E5.92689
G1 X64.445 Y88.874 E5.9673
G1 X63.264 Y87.787 E6.00773
G1 X62.732 Y86 E6.05469
G1 X62.732 Y66 E6.55846
G1 X63.126 Y64.445 E6.59887
G1 X64.017 Y63.477 E6.63201
M204 S500
G1 E5.13201 F1200
G92 E0
M204 S1000
G92 E0
G1 X67.371 Y67.371 F6000
G1 E1.5 F1200
M204 S300
;TYPE:Perimeter
;WIDTH:0.6
G1 F600
G1 X84.629 Y67.371 E1.9347
G1 X84.629 Y84.629 E2.3694
G1 X67.371 Y84.629 E2.8041
G1 X67.371 Y67.446 E3.23691
M204 S500
M204 S1000
G1 X66.836 Y66.836 F6000
M204 S300
G1 F600
G1 X85.164 Y66.836 E3.69856
G1 X85.164 Y85.164 E4.16021
G1 X66.836 Y85.164 E4.62186
G1 X66.836 Y66.911 E5.08162
M204 S500
M204 S1000
G1 X66.3 Y66.3 F6000
M204 S300
;TYPE:External perimeter
G1 F600
G1 X85.7 Y66.3 E5.57027
G1 X85.7 Y85.7 E6.05892
G1 X66.3 Y85.7 E6.54757
G1 X66.3 Y66.375 E7.03433
M204 S500
G1 X66.794 Y66.301 F6000
G1 E5.53433 F1200
G92 E0
M204 S1000
G1 X83.363 Y67.532 F6000
G1 E1.5 F1200
M204 S300
;TYPE:Solid infill
;WIDTH:0.610451
G1 F600
G1 X84.227 Y68.396 E1.53138
G1 X84.227 Y69.168 E1.5512
G1 X82.832 Y67.773 E1.60186
G1 X82.06 Y67.773 E1.62168
G1 X84.227 Y69.94 E1.70038
G1 X84.227 Y70.713 E1.72023
G1 X81.287 Y67.773 E1.827
G1 X80.515 Y67.773 E1.84682
G1 X84.227 Y71.485 E1.98163
G1 X84.227 Y72.257 E2.00145
G1 X79.743 Y67.773 E2.16429
G1 X78.971 Y67.773 E2.18411
G1 X84.227 Y73.029 E2.37499
G1 X84.227 Y73.802 E2.39484
G1 X78.198 Y67.773 E2.61379
G1 X77.426 Y67.773 E2.63361
G1 X84.227 Y74.574 E2.8806
G1 X84.227 Y75.346 E2.90042
G1 X76.654 Y67.773 E3.17545
G1 X75.882 Y67.773 E3.19527
G1 X84.227 Y76.118 E3.49833
G1 X84.227 Y76.891 E3.51818
G1 X75.109 Y67.773 E3.84931
G1 X74.337 Y67.773 E3.86913
G1 X84.227 Y77.663 E4.2283
G1 X84.227 Y78.435 E4.24812
G1 X73.565 Y67.773 E4.63533
G1 X72.793 Y67.773 E4.65515
G1 X84.227 Y79.207 E5.07039
G1 X84.227 Y79.98 E5.09024
G1 X72.02 Y67.773 E5.53356
G1 X71.248 Y67.773 E5.55338
G1 X84.227 Y80.752 E6.02473
G1 X84.227 Y81.524 E6.04455
G1 X70.476 Y67.773 E6.54394
G1 X69.704 Y67.773 E6.56376
G1 X84.227 Y82.296 E7.09119
G1 X84.227 Y83.069 E7.11104
G1 X68.931 Y67.773 E7.66654
G1 X68.159 Y67.773 E7.68636
G1 X84.227 Y83.841 E8.26989
G1 X84.227 Y84.227 E8.2798
G1 X83.841 Y84.227 E8.28971
G1 X67.773 Y68.159 E8.87324
G1 X67.773 Y68.931 E8.89306
G1 X83.069 Y84.227 E9.44856
G1 X82.296 Y84.227 E9.46841
G1 X67.773 Y69.704 E9.99584
G1 X67.773 Y70.476 E10.01566
G1 X81.524 Y84.227 E10.51505
G1 X80.752 Y84.227 E10.53487
G1 X67.773 Y71.248 E11.00622
G1 X67.773 Y72.02 E11.02604
G1 X79.98 Y84.227 E11.46936
G1 X79.207 Y84.227 E11.48921
G1 X67.773 Y72.793 E11.90445
G1 X67.773 Y73.565 E11.92427
G1 X78.435 Y84.227 E12.31148
G1 X77.663 Y84.227 E12.3313
G1 X67.773 Y74.337 E12.69047
G1 X67.773 Y75.109 E12.71029
G1 X76.891 Y84.227 E13.04142
G1 X76.118 Y84.227 E13.06127
G1 X67.773 Y75.882 E13.36433
G1 X67.773 Y76.654 E13.38415
G1 X75.346 Y84.227 E13.65918
G1 X74.574 Y84.227 E13.679
G1 X67.773 Y77.426 E13.92599
G1 X67.773 Y78.199 E13.94584
G1 X73.801 Y84.227 E14.16476
G1 X73.029 Y84.227 E14.18458
G1 X67.773 Y78.971 E14.37546
G1 X67.773 Y79.743 E14.39528
G1 X72.257 Y84.227 E14.55812
G1 X71.485 Y84.227 E14.57794
G1 X67.773 Y80.515 E14.71275
G1 X67.773 Y81.288 E14.7326
G1 X70.712 Y84.227 E14.83933
G1 X69.94 Y84.227 E14.85915
G1 X67.773 Y82.06 E14.93785
G1 X67.773 Y82.832 E14.95767
G1 X69.168 Y84.227 E15.00833
G1 X68.396 Y84.227 E15.02815
G1 X67.532 Y83.363 E15.05953
M204 S500
;LAYER_CHANGE
;Z:0.5
;HEIGHT:0.2
G1 E13.55953 F1200
G92 E0
G1 Z.5 F6000
M104 S225 ; set temperature
M140 S60 ; set bed temperature
M204 S1000
G1 X67.32 Y67.32
G1 E1.5 F1200
M204 S500
;TYPE:Perimeter
;WIDTH:0.562499
G1 F900
G1 X84.68 Y67.32 E1.78278
G1 X84.68 Y84.68 E2.06556
G1 X67.32 Y84.68 E2.34834
G1 X67.32 Y67.395 E2.6299
M204 S1000
G1 X66.801 Y66.801 F6000
M204 S500
G1 F900
G1 X85.199 Y66.801 E2.92959
G1 X85.199 Y85.199 E3.22928
G1 X66.801 Y85.199 E3.52897
G1 X66.801 Y66.876 E3.82744
M204 S1000
G1 X66.281 Y66.281 F6000
M204 S500
;TYPE:External perimeter
G1 F720
G1 X85.719 Y66.281 E4.14407
G1 X85.719 Y85.719 E4.4607
G1 X66.281 Y85.719 E4.77733
G1 X66.281 Y66.356 E5.09274
G1 X66.776 Y66.282 F6000
M204 S1000
G1 X67.851 Y67.752
M204 S500
;TYPE:Solid infill
;WIDTH:0.688562
G1 F1080
G1 X67.794 Y67.695 E5.09437
G1 X67.716 Y67.716 E5.09601
G1 X67.695 Y67.794 E5.09765
G1 X67.752 Y67.851 E5.09928
G1 X67.83 Y67.83 E5.10092
;WIDTH:0.562499
G1 X67.71 Y68.66 E5.11458
G1 X68.66 Y67.71 E5.13646
G1 X69.395 Y67.71 E5.14843
G1 X67.71 Y69.395 E5.18725
G1 X67.71 Y70.13 E5.19922
G1 X70.13 Y67.71 E5.25497
G1 X70.864 Y67.71 E5.26693
G1 X67.71 Y70.864 E5.33959
G1 X67.71 Y71.599 E5.35156
G1 X71.599 Y67.71 E5.44115
G1 X72.334 Y67.71 E5.45312
G1 X67.71 Y72.334 E5.55964
G1 X67.71 Y73.069 E5.57161
G1 X73.069 Y67.71 E5.69506
G1 X73.804 Y67.71 E5.70703
G1 X67.71 Y73.804 E5.84741
G1 X67.71 Y74.538 E5.85937
G1 X74.538 Y67.71 E6.01666
G1 X75.273 Y67.71 E6.02863
G1 X67.71 Y75.273 E6.20286
G1 X67.71 Y76.008 E6.21483
G1 X76.008 Y67.71 E6.40599
G1 X76.743 Y67.71 E6.41796
G1 X67.71 Y76.743 E6.62605
G1 X67.71 Y77.478 E6.63802
G1 X77.478 Y67.71 E6.86304
G1 X78.212 Y67.71 E6.875
G1 X67.71 Y78.212 E7.11693
G1 X67.71 Y78.947 E7.1289
G1 X78.947 Y67.71 E7.38776
G1 X79.682 Y67.71 E7.39973
G1 X67.71 Y79.682 E7.67552
G1 X67.71 Y80.417 E7.68749
G1 X80.417 Y67.71 E7.98022
G1 X81.152 Y67.71 E7.99219
G1 X67.71 Y81.152 E8.30185
G1 X67.71 Y81.886 E8.31381
G1 X81.886 Y67.71 E8.64038
G1 X82.621 Y67.71 E8.65235
G1 X67.71 Y82.621 E8.99585
G1 X67.71 Y83.356 E9.00782
G1 X83.356 Y67.71 E9.36825
G1 X84.091 Y67.71 E9.38022
G1 X67.71 Y84.091 E9.75758
G1 X67.668 Y84.251 E9.76027
;WIDTH:0.51521
G1 X67.626 Y84.412 E9.76273
;WIDTH:0.46792
G1 X67.589 Y84.374 E9.76344
G1 X67.537 Y84.388 E9.76416
G1 X67.523 Y84.439 E9.76486
G1 X67.561 Y84.477 E9.76558
G1 X67.612 Y84.463 E9.76628
;WIDTH:0.562499
G1 X68.246 Y84.29 E9.77698
G1 X84.29 Y68.246 E10.14658
G1 X84.29 Y68.981 E10.15855
G1 X68.981 Y84.29 E10.51122
G1 X69.715 Y84.29 E10.52318
G1 X84.29 Y69.715 E10.85894
G1 X84.29 Y70.45 E10.87091
G1 X70.45 Y84.29 E11.18974
G1 X71.185 Y84.29 E11.20171
G1 X84.29 Y71.185 E11.5036
G1 X84.29 Y71.92 E11.51557
G1 X71.92 Y84.29 E11.80053
G1 X72.655 Y84.29 E11.8125
G1 X84.29 Y72.655 E12.08053
G1 X84.29 Y73.389 E12.09249
G1 X73.389 Y84.29 E12.34361
G1 X74.124 Y84.29 E12.35558
G1 X84.29 Y74.124 E12.58977
G1 X84.29 Y74.859 E12.60174
G1 X74.859 Y84.29 E12.819
G1 X75.594 Y84.29 E12.83097
G1 X84.29 Y75.594 E13.0313
G1 X84.29 Y76.329 E13.04327
G1 X76.329 Y84.29 E13.22666
G1 X77.063 Y84.29 E13.23862
G1 X84.29 Y77.063 E13.4051
G1 X84.29 Y77.798 E13.41707
G1 X77.798 Y84.29 E13.56662
G1 X78.533 Y84.29 E13.57859
G1 X84.29 Y78.533 E13.71121
G1 X84.29 Y79.268 E13.72318
G1 X79.268 Y84.29 E13.83887
G1 X80.003 Y84.29 E13.85084
G1 X84.29 Y80.003 E13.9496
G1 X84.29 Y80.737 E13.96156
G1 X80.737 Y84.29 E14.04341
G1 X81.472 Y84.29 E14.05538
G1 X84.29 Y81.472 E14.1203
G1 X84.563 Y81.994 E14.1299
;WIDTH:0.46792
G1 X84.525 Y81.956 E14.13062
G1 X84.474 Y81.97 E14.13132
G1 X84.46 Y82.021 E14.13202
G1 X84.498 Y82.059 E14.13274
G1 X84.549 Y82.045 E14.13344
;WIDTH:0.51521
G1 X84.42 Y82.126 E14.1357
;WIDTH:0.562499
G1 X84.29 Y82.207 E14.1382
G1 X82.207 Y84.29 E14.18619
G1 X82.126 Y84.42 E14.18869
;WIDTH:0.51521
G1 X82.045 Y84.549 E14.19095
;WIDTH:0.46792
G1 X81.994 Y84.563 E14.19165
G1 X81.956 Y84.525 E14.19237
G1 X81.97 Y84.474 E14.19307
G1 X82.021 Y84.46 E14.19377
G1 X82.059 Y84.498 E14.19449
M204 S1000
G1 X84.039 Y83.288 F6000
M204 S500
;WIDTH:0.697584
G1 F1080
G1 X83.105 Y84.222 E14.2216
G1 X84.222 Y84.222 E14.24453
G1 X84.222 Y83.105 E14.26746
;LAYER_CHANGE
;Z:0.7
;HEIGHT:0.2
G1 E12.76746 F1200
G92 E0
G1 Z.7 F6000
M204 S1000
G1 X67.32 Y67.32
G1 E1.5 F1200
M204 S500
;TYPE:Perimeter
;WIDTH:0.562499
G1 F900
G1 X84.68 Y67.32 E1.78278
G1 X84.68 Y84.68 E2.06556
G1 X67.32 Y84.68 E2.34834
G1 X67.32 Y67.395 E2.6299
M204 S1000
G1 X66.801 Y66.801 F6000
M204 S500
G1 F900
G1 X85.199 Y66.801 E2.92959
G1 X85.199 Y85.199 E3.22928
G1 X66.801 Y85.199 E3.52897
G1 X66.801 Y66.876 E3.82744
M204 S1000
G1 X66.281 Y66.281 F6000
M204 S500
;TYPE:External perimeter
G1 F720
G1 X85.719 Y66.281 E4.14407
G1 X85.719 Y85.719 E4.4607
G1 X66.281 Y85.719 E4.77733
G1 X66.281 Y66.356 E5.09274
G1 X66.776 Y66.282 F6000
G1 E3.59274 F1200
G92 E0
M204 S1000
G1 X67.752 Y84.149 F6000
G1 E1.5 F1200
M204 S500
;TYPE:Solid infill
;WIDTH:0.688562
G1 F1080
G1 X67.695 Y84.206 E1.50163
G1 X67.716 Y84.284 E1.50327
G1 X67.794 Y84.305 E1.50491
G1 X67.851 Y84.248 E1.50654
G1 X67.83 Y84.17 E1.50818
;WIDTH:0.562499
G1 X67.71 Y83.34 E1.52184
G1 X68.66 Y84.29 E1.54372
G1 X69.395 Y84.29 E1.55569
G1 X67.71 Y82.605 E1.59451
G1 X67.71 Y81.87 E1.60648
G1 X70.13 Y84.29 E1.66223
G1 X70.864 Y84.29 E1.67419
G1 X67.71 Y81.136 E1.74685
G1 X67.71 Y80.401 E1.75882
G1 X71.599 Y84.29 E1.84841
G1 X72.334 Y84.29 E1.86038
G1 X67.71 Y79.666 E1.9669
G1 X67.71 Y78.931 E1.97887
G1 X73.069 Y84.29 E2.10232
G1 X73.804 Y84.29 E2.11429
G1 X67.71 Y78.196 E2.25467
G1 X67.71 Y77.462 E2.26663
G1 X74.538 Y84.29 E2.42392
G1 X75.273 Y84.29 E2.43589
G1 X67.71 Y76.727 E2.61012
G1 X67.71 Y75.992 E2.62209
G1 X76.008 Y84.29 E2.81325
G1 X76.743 Y84.29 E2.82522
G1 X67.71 Y75.257 E3.03331
G1 X67.71 Y74.522 E3.04528
G1 X77.478 Y84.29 E3.2703
G1 X78.212 Y84.29 E3.28226
G1 X67.71 Y73.788 E3.52419
G1 X67.71 Y73.053 E3.53616
G1 X78.947 Y84.29 E3.79502
G1 X79.682 Y84.29 E3.80699
G1 X67.71 Y72.318 E4.08278
G1 X67.71 Y71.583 E4.09475
G1 X80.417 Y84.29 E4.38748
G1 X81.152 Y84.29 E4.39945
G1 X67.71 Y70.848 E4.70911
G1 X67.71 Y70.114 E4.72107
G1 X81.886 Y84.29 E5.04764
G1 X82.621 Y84.29 E5.05961
G1 X67.71 Y69.379 E5.40311
G1 X67.71 Y68.644 E5.41508
G1 X83.356 Y84.29 E5.77551
M204 S1000
G1 X84.463 Y84.388 F6000
M204 S500
;WIDTH:0.46792
G1 F1080
G1 X84.477 Y84.439 E5.77621
G1 X84.439 Y84.477 E5.77693
G1 X84.388 Y84.463 E5.77763
G1 X84.374 Y84.412 E5.77833
G1 X84.412 Y84.374 E5.77905
;WIDTH:0.51521
G1 X84.251 Y84.332 E5.78151
;WIDTH:0.562499
G1 X84.091 Y84.29 E5.7842
G1 X67.71 Y67.909 E6.16156
G1 X68.246 Y67.71 E6.17087
G1 X84.29 Y83.754 E6.54047
G1 X84.29 Y83.019 E6.55244
G1 X68.981 Y67.71 E6.90511
G1 X69.715 Y67.71 E6.91707
G1 X84.29 Y82.285 E7.25283
G1 X84.29 Y81.55 E7.2648
G1 X70.45 Y67.71 E7.58363
G1 X71.185 Y67.71 E7.5956
G1 X84.29 Y80.815 E7.89749
G1 X84.29 Y80.08 E7.90946
G1 X71.92 Y67.71 E8.19442
G1 X72.655 Y67.71 E8.20639
G1 X84.29 Y79.345 E8.47442
G1 X84.29 Y78.611 E8.48638
G1 X73.389 Y67.71 E8.7375
G1 X74.124 Y67.71 E8.74947
G1 X84.29 Y77.876 E8.98366
G1 X84.29 Y77.141 E8.99563
G1 X74.859 Y67.71 E9.21289
G1 X75.594 Y67.71 E9.22486
G1 X84.29 Y76.406 E9.42519
G1 X84.29 Y75.671 E9.43716
G1 X76.329 Y67.71 E9.62055
G1 X77.063 Y67.71 E9.63251
G1 X84.29 Y74.937 E9.79899
G1 X84.29 Y74.202 E9.81096
G1 X77.798 Y67.71 E9.96051
G1 X78.533 Y67.71 E9.97248
G1 X84.29 Y73.467 E10.1051
G1 X84.29 Y72.732 E10.11707
G1 X79.268 Y67.71 E10.23276
G1 X80.003 Y67.71 E10.24473
G1 X84.29 Y71.997 E10.34349
G1 X84.29 Y71.263 E10.35545
G1 X80.737 Y67.71 E10.4373
G1 X81.472 Y67.71 E10.44927
G1 X84.29 Y70.528 E10.51419
G1 X84.498 Y69.941 E10.52433
;WIDTH:0.46792
G1 X84.46 Y69.979 E10.52505
G1 X84.474 Y70.03 E10.52575
G1 X84.525 Y70.044 E10.52645
G1 X84.563 Y70.006 E10.52717
G1 X84.549 Y69.955 E10.52787
;WIDTH:0.51521
G1 X84.42 Y69.874 E10.53013
;WIDTH:0.562499
G1 X84.29 Y69.793 E10.53263
G1 X82.207 Y67.71 E10.58062
G1 X82.126 Y67.58 E10.58312
;WIDTH:0.51521
G1 X82.045 Y67.451 E10.58538
;WIDTH:0.46792
G1 X82.059 Y67.502 E10.58608
G1 X82.021 Y67.54 E10.5868
G1 X81.97 Y67.526 E10.5875
G1 X81.956 Y67.475 E10.5882
G1 X81.994 Y67.437 E10.58892
M204 S1000
G1 X83.105 Y67.778 F6000
M204 S500
;WIDTH:0.697583
G1 F1080
G1 X84.222 Y67.778 E10.61185
G1 X84.222 Y68.895 E10.63478
G1 X83.288 Y67.961 E10.66189
;LAYER_CHANGE
;Z:0.9
;HEIGHT:0.2
G1 E9.16189 F1200
G92 E0
G1 Z.9 F6000
M204 S1000
G1 X67.32 Y67.32
G1 E1.5 F1200
M204 S500
;TYPE:Perimeter
;WIDTH:0.562499
G1 F900
G1 X84.68 Y67.32 E1.78278
G1 X84.68 Y84.68 E2.06556
G1 X67.32 Y84.68 E2.34834
G1 X67.32 Y67.395 E2.6299
M204 S1000
G1 X66.801 Y66.801 F6000
M204 S500
G1 F900
G1 X85.199 Y66.801 E2.92959
G1 X85.199 Y85.199 E3.22928
G1 X66.801 Y85.199 E3.52897
G1 X66.801 Y66.876 E3.82744
M204 S1000
G1 X66.281 Y66.281 F6000
M204 S500
;TYPE:External perimeter
G1 F720
G1 X85.719 Y66.281 E4.14407
G1 X85.719 Y85.719 E4.4607
G1 X66.281 Y85.719 E4.77733
G1 X66.281 Y66.356 E5.09274
G1 X66.776 Y66.282 F6000
M204 S1000
G1 X67.851 Y67.752
M204 S500
;TYPE:Solid infill
;WIDTH:0.688562
G1 F1080
G1 X67.794 Y67.695 E5.09437
G1 X67.716 Y67.716 E5.09601
G1 X67.695 Y67.794 E5.09765
G1 X67.752 Y67.851 E5.09928
G1 X67.83 Y67.83 E5.10092
;WIDTH:0.562499
G1 X67.71 Y68.66 E5.11458
G1 X68.66 Y67.71 E5.13646
G1 X69.395 Y67.71 E5.14843
G1 X67.71 Y69.395 E5.18725
G1 X67.71 Y70.13 E5.19922
G1 X70.13 Y67.71 E5.25497
G1 X70.864 Y67.71 E5.26693
G1 X67.71 Y70.864 E5.33959
G1 X67.71 Y71.599 E5.35156
G1 X71.599 Y67.71 E5.44115
G1 X72.334 Y67.71 E5.45312
G1 X67.71 Y72.334 E5.55964
G1 X67.71 Y73.069 E5.57161
G1 X73.069 Y67.71 E5.69506
G1 X73.804 Y67.71 E5.70703
G1 X67.71 Y73.804 E5.84741
G1 X67.71 Y74.538 E5.85937
G1 X74.538 Y67.71 E6.01666
G1 X75.273 Y67.71 E6.02863
G1 X67.71 Y75.273 E6.20286
G1 X67.71 Y76.008 E6.21483
G1 X76.008 Y67.71 E6.40599
G1 X76.743 Y67.71 E6.41796
G1 X67.71 Y76.743 E6.62605
G1 X67.71 Y77.478 E6.63802
G1 X77.478 Y67.71 E6.86304
G1 X78.212 Y67.71 E6.875
G1 X67.71 Y78.212 E7.11693
G1 X67.71 Y78.947 E7.1289
G1 X78.947 Y67.71 E7.38776
G1 X79.682 Y67.71 E7.39973
G1 X67.71 Y79.682 E7.67552
G1 X67.71 Y80.417 E7.68749
G1 X80.417 Y67.71 E7.98022
G1 X81.152 Y67.71 E7.99219
G1 X67.71 Y81.152 E8.30185
G1 X67.71 Y81.886 E8.31381
G1 X81.886 Y67.71 E8.64038
G1 X82.621 Y67.71 E8.65235
G1 X67.71 Y82.621 E8.99585
G1 X67.71 Y83.356 E9.00782
G1 X83.356 Y67.71 E9.36825
G1 X84.091 Y67.71 E9.38022
G1 X67.71 Y84.091 E9.75758
G1 X67.668 Y84.251 E9.76027
;WIDTH:0.51521
G1 X67.626 Y84.412 E9.76273
;WIDTH:0.46792
G1 X67.589 Y84.374 E9.76344
G1 X67.537 Y84.388 E9.76416
G1 X67.523 Y84.439 E9.76486
G1 X67.561 Y84.477 E9.76558
G1 X67.612 Y84.463 E9.76628
;WIDTH:0.562499
G1 X68.246 Y84.29 E9.77698
G1 X84.29 Y68.246 E10.14658
G1 X84.29 Y68.981 E10.15855
G1 X68.981 Y84.29 E10.51122
G1 X69.715 Y84.29 E10.52318
G1 X84.29 Y69.715 E10.85894
G1 X84.29 Y70.45 E10.87091
G1 X70.45 Y84.29 E11.18974
G1 X71.185 Y84.29 E11.20171
G1 X84.29 Y71.185 E11.5036
G1 X84.29 Y71.92 E11.51557
G1 X71.92 Y84.29 E11.80053
G1 X72.655 Y84.29 E11.8125
G1 X84.29 Y72.655 E12.08053
G1 X84.29 Y73.389 E12.09249
G1 X73.389 Y84.29 E12.34361
G1 X74.124 Y84.29 E12.35558
G1 X84.29 Y74.124 E12.58977
G1 X84.29 Y74.859 E12.60174
G1 X74.859 Y84.29 E12.819
G1 X75.594 Y84.29 E12.83097
G1 X84.29 Y75.594 E13.0313
G1 X84.29 Y76.329 E13.04327
G1 X76.329 Y84.29 E13.22666
G1 X77.063 Y84.29 E13.23862
G1 X84.29 Y77.063 E13.4051
G1 X84.29 Y77.798 E13.41707
G1 X77.798 Y84.29 E13.56662
G1 X78.533 Y84.29 E13.57859
G1 X84.29 Y78.533 E13.71121
G1 X84.29 Y79.268 E13.72318
G1 X79.268 Y84.29 E13.83887
G1 X80.003 Y84.29 E13.85084
G1 X84.29 Y80.003 E13.9496
G1 X84.29 Y80.737 E13.96156
G1 X80.737 Y84.29 E14.04341
G1 X81.472 Y84.29 E14.05538
G1 X84.29 Y81.472 E14.1203
G1 X84.563 Y81.994 E14.1299
;WIDTH:0.46792
G1 X84.525 Y81.956 E14.13062
G1 X84.474 Y81.97 E14.13132
G1 X84.46 Y82.021 E14.13202
G1 X84.498 Y82.059 E14.13274
G1 X84.549 Y82.045 E14.13344
;WIDTH:0.51521
G1 X84.42 Y82.126 E14.1357
;WIDTH:0.562499
G1 X84.29 Y82.207 E14.1382
G1 X82.207 Y84.29 E14.18619
G1 X82.126 Y84.42 E14.18869
;WIDTH:0.51521
G1 X82.045 Y84.549 E14.19095
;WIDTH:0.46792
G1 X81.994 Y84.563 E14.19165
G1 X81.956 Y84.525 E14.19237
G1 X81.97 Y84.474 E14.19307
G1 X82.021 Y84.46 E14.19377
G1 X82.059 Y84.498 E14.19449
M204 S1000
G1 X84.039 Y83.288 F6000
M204 S500
;WIDTH:0.697584
G1 F1080
G1 X83.105 Y84.222 E14.2216
G1 X84.222 Y84.222 E14.24453
G1 X84.222 Y83.105 E14.26746
M106 S30.6
;LAYER_CHANGE
;Z:1.1
;HEIGHT:0.2
G1 E12.76746 F1200
G92 E0
G1 Z1.1 F6000
M204 S1000
G1 X67.32 Y67.32
G1 E1.5 F1200
M204 S500
;TYPE:Perimeter
;WIDTH:0.562499
G1 F900
G1 X84.68 Y67.32 E1.78278
G1 X84.68 Y84.68 E2.06556
G1 X67.32 Y84.68 E2.34834
G1 X67.32 Y67.395 E2.6299
M204 S1000
G1 X66.801 Y66.801 F6000
M204 S500
G1 F900
G1 X85.199 Y66.801 E2.92959
G1 X85.199 Y85.199 E3.22928
G1 X66.801 Y85.199 E3.52897
G1 X66.801 Y66.876 E3.82744
M204 S1000
G1 X66.281 Y66.281 F6000
M204 S500
;TYPE:External perimeter
G1 F720
G1 X85.719 Y66.281 E4.14407
G1 X85.719 Y85.719 E4.4607
G1 X66.281 Y85.719 E4.77733
G1 X66.281 Y66.356 E5.09274
G1 X66.776 Y66.282 F6000
G1 E3.59274 F1200
G92 E0
M204 S1000
G1 X67.71 Y72.711 F6000
G1 E1.5 F1200
M204 S500
;TYPE:Internal infill
;WIDTH:0.5625
G1 X67.71 Y69.594 E1.55077
G1 X69.594 Y67.71 E1.59417
G1 X67.71 Y67.71 E1.62486
G1 X84.29 Y84.29 E2.00681
G1 X84.29 Y82.406 E2.0375
G1 X82.406 Y84.29 E2.0809
G1 X76.942 Y84.29 E2.1699
G1 X67.71 Y75.058 E2.38257
G1 X67.71 Y76.942 E2.41326
G1 X76.942 Y67.71 E2.62593
G1 X75.058 Y67.71 E2.65662
G1 X84.29 Y76.942 E2.86929
G1 X84.29 Y75.058 E2.89998
G1 X75.058 Y84.29 E3.11265
G1 X69.594 Y84.29 E3.20165
G1 X67.71 Y82.406 E3.24505
G1 X67.71 Y84.29 E3.27574
G1 X84.29 Y67.71 E3.65769
G1 X82.406 Y67.71 E3.68838
G1 X84.29 Y69.594 E3.73178
G1 X84.29 Y72.711 E3.78255
;LAYER_CHANGE
;Z:1.3
;HEIGHT:0.2
G1 E2.28255 F1200
G92 E0
G1 Z1.3 F6000
M204 S1000
G1 X67.32 Y67.32
G1 E1.5 F1200
M204 S500
;TYPE:Perimeter
;WIDTH:0.562499
G1 F900
G1 X84.68 Y67.32 E1.78278
G1 X84.68 Y84.68 E2.06556
G1 X67.32 Y84.68 E2.34834
G1 X67.32 Y67.395 E2.6299
M204 S1000
G1 X66.801 Y66.801 F6000
M204 S500
G1 F900
G1 X85.199 Y66.801 E2.92959
G1 X85.199 Y85.199 E3.22928
G1 X66.801 Y85.199 E3.52897
G1 X66.801 Y66.876 E3.82744
M204 S1000
G1 X66.281 Y66.281 F6000
M204 S500
;TYPE:External perimeter
G1 F720
G1 X85.719 Y66.281 E4.14407
G1 X85.719 Y85.719 E4.4607
G1 X66.281 Y85.719 E4.77733
G1 X66.281 Y66.356 E5.09274
G1 X66.776 Y66.282 F6000
G1 E3.59274 F1200
G92 E0
M204 S1000
G1 X67.71 Y72.711 F6000
G1 E1.5 F1200
M204 S500
;TYPE:Internal infill
;WIDTH:0.5625
G1 X67.71 Y69.594 E1.55077
G1 X69.594 Y67.71 E1.59417
G1 X67.71 Y67.71 E1.62486
G1 X84.29 Y84.29 E2.00681
G1 X84.29 Y82.406 E2.0375
G1 X82.406 Y84.29 E2.0809
G1 X76.942 Y84.29 E2.1699
G1 X67.71 Y75.058 E2.38257
G1 X67.71 Y76.942 E2.41326
G1 X76.942 Y67.71 E2.62593
G1 X75.058 Y67.71 E2.65662
G1 X84.29 Y76.942 E2.86929
G1 X84.29 Y75.058 E2.89998
G1 X75.058 Y84.29 E3.11265
G1 X69.594 Y84.29 E3.20165
G1 X67.71 Y82.406 E3.24505
G1 X67.71 Y84.29 E3.27574
G1 X84.29 Y67.71 E3.65769
G1 X82.406 Y67.71 E3.68838
G1 X84.29 Y69.594 E3.73178
G1 X84.29 Y72.711 E3.78255
;LAYER_CHANGE
;Z:1.5
;HEIGHT:0.2
G1 E2.28255 F1200
G92 E0
G1 Z1.5 F6000
M204 S1000
G1 X67.32 Y67.32
G1 E1.5 F1200
M204 S500
;TYPE:Perimeter
;WIDTH:0.562499
G1 F900
G1 X84.68 Y67.32 E1.78278
G1 X84.68 Y84.68 E2.06556
G1 X67.32 Y84.68 E2.34834
G1 X67.32 Y67.395 E2.6299
M204 S1000
G1 X66.801 Y66.801 F6000
M204 S500
G1 F900
G1 X85.199 Y66.801 E2.92959
G1 X85.199 Y85.199 E3.22928
G1 X66.801 Y85.199 E3.52897
G1 X66.801 Y66.876 E3.82744
M204 S1000
G1 X66.281 Y66.281 F6000
M204 S500
;TYPE:External perimeter
G1 F720
G1 X85.719 Y66.281 E4.14407
G1 X85.719 Y85.719 E4.4607
G1 X66.281 Y85.719 E4.77733
G1 X66.281 Y66.356 E5.09274
G1 X66.776 Y66.282 F6000
G1 E3.59274 F1200
G92 E0
M204 S1000
G1 X67.71 Y72.711 F6000
G1 E1.5 F1200
M204 S500
;TYPE:Internal infill
;WIDTH:0.5625
G1 X67.71 Y69.594 E1.55077
G1 X69.594 Y67.71 E1.59417
G1 X67.71 Y67.71 E1.62486
G1 X84.29 Y84.29 E2.00681
G1 X84.29 Y82.406 E2.0375
G1 X82.406 Y84.29 E2.0809
G1 X76.942 Y84.29 E2.1699
G1 X67.71 Y75.058 E2.38257
G1 X67.71 Y76.942 E2.41326
G1 X76.942 Y67.71 E2.62593
G1 X75.058 Y67.71 E2.65662
G1 X84.29 Y76.942 E2.86929
G1 X84.29 Y75.058 E2.89998
G1 X75.058 Y84.29 E3.11265
G1 X69.594 Y84.29 E3.20165
G1 X67.71 Y82.406 E3.24505
G1 X67.71 Y84.29 E3.27574
G1 X84.29 Y67.71 E3.65769
G1 X82.406 Y67.71 E3.68838
G1 X84.29 Y69.594 E3.73178
G1 X84.29 Y72.711 E3.78255
;LAYER_CHANGE
;Z:1.7
;HEIGHT:0.2
G1 E2.28255 F1200
G92 E0
G1 Z1.7 F6000
M204 S1000
G1 X67.32 Y67.32
G1 E1.5 F1200
M204 S500
;TYPE:Perimeter
;WIDTH:0.562499
G1 F900
G1 X84.68 Y67.32 E1.78278
G1 X84.68 Y84.68 E2.06556
G1 X67.32 Y84.68 E2.34834
G1 X67.32 Y67.395 E2.6299
M204 S1000
G1 X66.801 Y66.801 F6000
M204 S500
G1 F900
G1 X85.199 Y66.801 E2.92959
G1 X85.199 Y85.199 E3.22928
G1 X66.801 Y85.199 E3.52897
G1 X66.801 Y66.876 E3.82744
M204 S1000
G1 X66.281 Y66.281 F6000
M204 S500
;TYPE:External perimeter
G1 F720
G1 X85.719 Y66.281 E4.14407
G1 X85.719 Y85.719 E4.4607
G1 X66.281 Y85.719 E4.77733
G1 X66.281 Y66.356 E5.09274
G1 X66.776 Y66.282 F6000
G1 E3.59274 F1200
G92 E0
M204 S1000
G1 X67.71 Y72.711 F6000
G1 E1.5 F1200
M204 S500
;TYPE:Internal infill
;WIDTH:0.5625
G1 X67.71 Y69.594 E1.55077
G1 X69.594 Y67.71 E1.59417
G1 X67.71 Y67.71 E1.62486
G1 X84.29 Y84.29 E2.00681
G1 X84.29 Y82.406 E2.0375
G1 X82.406 Y84.29 E2.0809
G1 X76.942 Y84.29 E2.1699
G1 X67.71 Y75.058 E2.38257
G1 X67.71 Y76.942 E2.41326
G1 X76.942 Y67.71 E2.62593
G1 X75.058 Y67.71 E2.65662
G1 X84.29 Y76.942 E2.86929
G1 X84.29 Y75.058 E2.89998
G1 X75.058 Y84.29 E3.11265
G1 X69.594 Y84.29 E3.20165
G1 X67.71 Y82.406 E3.24505
G1 X67.71 Y84.29 E3.27574
G1 X84.29 Y67.71 E3.65769
G1 X82.406 Y67.71 E3.68838
G1 X84.29 Y69.594 E3.73178
G1 X84.29 Y72.711 E3.78255
;LAYER_CHANGE
;Z:1.9
;HEIGHT:0.2
G1 E2.28255 F1200
G92 E0
G1 Z1.9 F6000
M204 S1000
G1 X67.32 Y67.32
G1 E1.5 F1200
M204 S500
;TYPE:Perimeter
;WIDTH:0.562499
G1 F900
G1 X84.68 Y67.32 E1.78278
G1 X84.68 Y84.68 E2.06556
G1 X67.32 Y84.68 E2.34834
G1 X67.32 Y67.395 E2.6299
M204 S1000
G1 X66.801 Y66.801 F6000
M204 S500
G1 F900
G1 X85.199 Y66.801 E2.92959
G1 X85.199 Y85.199 E3.22928
G1 X66.801 Y85.199 E3.52897
G1 X66.801 Y66.876 E3.82744
M204 S1000
G1 X66.281 Y66.281 F6000
M204 S500
;TYPE:External perimeter
G1 F720
G1 X85.719 Y66.281 E4.14407
G1 X85.719 Y85.719 E4.4607
G1 X66.281 Y85.719 E4.77733
G1 X66.281 Y66.356 E5.09274
G1 X66.776 Y66.282 F6000
G1 E3.59274 F1200
G92 E0
M204 S1000
G1 X67.71 Y72.711 F6000
G1 E1.5 F1200
M204 S500
;TYPE:Internal infill
;WIDTH:0.5625
G1 X67.71 Y69.594 E1.55077
G1 X69.594 Y67.71 E1.59417
G1 X67.71 Y67.71 E1.62486
G1 X84.29 Y84.29 E2.00681
G1 X84.29 Y82.406 E2.0375
G1 X82.406 Y84.29 E2.0809
G1 X76.942 Y84.29 E2.1699
G1 X67.71 Y75.058 E2.38257
G1 X67.71 Y76.942 E2.41326
G1 X76.942 Y67.71 E2.62593
G1 X75.058 Y67.71 E2.65662
G1 X84.29 Y76.942 E2.86929
G1 X84.29 Y75.058 E2.89998
G1 X75.058 Y84.29 E3.11265
G1 X69.594 Y84.29 E3.20165
G1 X67.71 Y82.406 E3.24505
G1 X67.71 Y84.29 E3.27574
G1 X84.29 Y67.71 E3.65769
G1 X82.406 Y67.71 E3.68838
G1 X84.29 Y69.594 E3.73178
G1 X84.29 Y72.711 E3.78255
;LAYER_CHANGE
;Z:2.1
;HEIGHT:0.2
G1 E2.28255 F1200
G92 E0
G1 Z2.1 F6000
M204 S1000
G1 X67.32 Y67.32
G1 E1.5 F1200
M204 S500
;TYPE:Perimeter
;WIDTH:0.562499
G1 F900
G1 X84.68 Y67.32 E1.78278
G1 X84.68 Y84.68 E2.06556
G1 X67.32 Y84.68 E2.34834
G1 X67.32 Y67.395 E2.6299
M204 S1000
G1 X66.801 Y66.801 F6000
M204 S500
G1 F900
G1 X85.199 Y66.801 E2.92959
G1 X85.199 Y85.199 E3.22928
G1 X66.801 Y85.199 E3.52897
G1 X66.801 Y66.876 E3.82744
M204 S1000
G1 X66.281 Y66.281 F6000
M204 S500
;TYPE:External perimeter
G1 F720
G1 X85.719 Y66.281 E4.14407
G1 X85.719 Y85.719 E4.4607
G1 X66.281 Y85.719 E4.77733
G1 X66.281 Y66.356 E5.09274
G1 X66.776 Y66.282 F6000
G1 E3.59274 F1200
G92 E0
M204 S1000
G1 X67.71 Y72.711 F6000
G1 E1.5 F1200
M204 S500
;TYPE:Internal infill
;WIDTH:0.5625
G1 X67.71 Y69.594 E1.55077
G1 X69.594 Y67.71 E1.59417
G1 X67.71 Y67.71 E1.62486
G1 X84.29 Y84.29 E2.00681
G1 X84.29 Y82.406 E2.0375
G1 X82.406 Y84.29 E2.0809
G1 X76.942 Y84.29 E2.1699
G1 X67.71 Y75.058 E2.38257
G1 X67.71 Y76.942 E2.41326
G1 X76.942 Y67.71 E2.62593
G1 X75.058 Y67.71 E2.65662
G1 X84.29 Y76.942 E2.86929
G1 X84.29 Y75.058 E2.89998
G1 X75.058 Y84.29 E3.11265
G1 X69.594 Y84.29 E3.20165
G1 X67.71 Y82.406 E3.24505
G1 X67.71 Y84.29 E3.27574
G1 X84.29 Y67.71 E3.65769
G1 X82.406 Y67.71 E3.68838
G1 X84.29 Y69.594 E3.73178
G1 X84.29 Y72.711 E3.78255
;LAYER_CHANGE
;Z:2.3
;HEIGHT:0.2
G1 E2.28255 F1200
G92 E0
G1 Z2.3 F6000
M204 S1000
G1 X67.32 Y67.32
G1 E1.5 F1200
M204 S500
;TYPE:Perimeter
;WIDTH:0.562499
G1 F900
G1 X84.68 Y67.32 E1.78278
G1 X84.68 Y84.68 E2.06556
G1 X67.32 Y84.68 E2.34834
G1 X67.32 Y67.395 E2.6299
M204 S1000
G1 X66.801 Y66.801 F6000
M204 S500
G1 F900
G1 X85.199 Y66.801 E2.92959
G1 X85.199 Y85.199 E3.22928
G1 X66.801 Y85.199 E3.52897
G1 X66.801 Y66.876 E3.82744
M204 S1000
G1 X66.281 Y66.281 F6000
M204 S500
;TYPE:External perimeter
G1 F720
G1 X85.719 Y66.281 E4.14407
G1 X85.719 Y85.719 E4.4607
G1 X66.281 Y85.719 E4.77733
G1 X66.281 Y66.356 E5.09274
G1 X66.776 Y66.282 F6000
G1 E3.59274 F1200
G92 E0
M204 S1000
G1 X67.71 Y72.711 F6000
G1 E1.5 F1200
M204 S500
;TYPE:Internal infill
;WIDTH:0.5625
G1 X67.71 Y69.594 E1.55077
G1 X69.594 Y67.71 E1.59417
G1 X67.71 Y67.71 E1.62486
G1 X84.29 Y84.29 E2.00681
G1 X84.29 Y82.406 E2.0375
G1 X82.406 Y84.29 E2.0809
G1 X76.942 Y84.29 E2.1699
G1 X67.71 Y75.058 E2.38257
G1 X67.71 Y76.942 E2.41326
G1 X76.942 Y67.71 E2.62593
G1 X75.058 Y67.71 E2.65662
G1 X84.29 Y76.942 E2.86929
G1 X84.29 Y75.058 E2.89998
G1 X75.058 Y84.29 E3.11265
G1 X69.594 Y84.29 E3.20165
G1 X67.71 Y82.406 E3.24505
G1 X67.71 Y84.29 E3.27574
G1 X84.29 Y67.71 E3.65769
G1 X82.406 Y67.71 E3.68838
G1 X84.29 Y69.594 E3.73178
G1 X84.29 Y72.711 E3.78255
;LAYER_CHANGE
;Z:2.5
;HEIGHT:0.2
G1 E2.28255 F1200
G92 E0
G1 Z2.5 F6000
M204 S1000
G1 X67.32 Y67.32
G1 E1.5 F1200
M204 S500
;TYPE:Perimeter
;WIDTH:0.562499
G1 F900
G1 X84.68 Y67.32 E1.78278
G1 X84.68 Y84.68 E2.06556
G1 X67.32 Y84.68 E2.34834
G1 X67.32 Y67.395 E2.6299
M204 S1000
G1 X66.801 Y66.801 F6000
M204 S500
G1 F900
G1 X85.199 Y66.801 E2.92959
G1 X85.199 Y85.199 E3.22928
G1 X66.801 Y85.199 E3.52897
G1 X66.801 Y66.876 E3.82744
M204 S1000
G1 X66.281 Y66.281 F6000
M204 S500
;TYPE:External perimeter
G1 F720
G1 X85.719 Y66.281 E4.14407
G1 X85.719 Y85.719 E4.4607
G1 X66.281 Y85.719 E4.77733
G1 X66.281 Y66.356 E5.09274
G1 X66.776 Y66.282 F6000
G1 E3.59274 F1200
G92 E0
M204 S1000
G1 X67.71 Y72.711 F6000
G1 E1.5 F1200
M204 S500
;TYPE:Internal infill
;WIDTH:0.5625
G1 X67.71 Y69.594 E1.55077
G1 X69.594 Y67.71 E1.59417
G1 X67.71 Y67.71 E1.62486
G1 X84.29 Y84.29 E2.00681
G1 X84.29 Y82.406 E2.0375
G1 X82.406 Y84.29 E2.0809
G1 X76.942 Y84.29 E2.1699
G1 X67.71 Y75.058 E2.38257
G1 X67.71 Y76.942 E2.41326
G1 X76.942 Y67.71 E2.62593
G1 X75.058 Y67.71 E2.65662
G1 X84.29 Y76.942 E2.86929
G1 X84.29 Y75.058 E2.89998
G1 X75.058 Y84.29 E3.11265
G1 X69.594 Y84.29 E3.20165
G1 X67.71 Y82.406 E3.24505
G1 X67.71 Y84.29 E3.27574
G1 X84.29 Y67.71 E3.65769
G1 X82.406 Y67.71 E3.68838
G1 X84.29 Y69.594 E3.73178
G1 X84.29 Y72.711 E3.78255
;LAYER_CHANGE
;Z:2.7
;HEIGHT:0.2
G1 E2.28255 F1200
G92 E0
G1 Z2.7 F6000
M204 S1000
G1 X67.32 Y67.32
G1 E1.5 F1200
M204 S500
;TYPE:Perimeter
;WIDTH:0.562499
G1 F900
G1 X84.68 Y67.32 E1.78278
G1 X84.68 Y84.68 E2.06556
G1 X67.32 Y84.68 E2.34834
G1 X67.32 Y67.395 E2.6299
M204 S1000
G1 X66.801 Y66.801 F6000
M204 S500
G1 F900
G1 X85.199 Y66.801 E2.92959
G1 X85.199 Y85.199 E3.22928
G1 X66.801 Y85.199 E3.52897
G1 X66.801 Y66.876 E3.82744
M204 S1000
G1 X66.281 Y66.281 F6000
M204 S500
;TYPE:External perimeter
G1 F720
G1 X85.719 Y66.281 E4.14407
G1 X85.719 Y85.719 E4.4607
G1 X66.281 Y85.719 E4.77733
G1 X66.281 Y66.356 E5.09274
G1 X66.776 Y66.282 F6000
G1 E3.59274 F1200
G92 E0
M204 S1000
G1 X67.71 Y72.711 F6000
G1 E1.5 F1200
M204 S500
;TYPE:Internal infill
;WIDTH:0.5625
G1 X67.71 Y69.594 E1.55077
G1 X69.594 Y67.71 E1.59417
G1 X67.71 Y67.71 E1.62486
G1 X84.29 Y84.29 E2.00681
G1 X84.29 Y82.406 E2.0375
G1 X82.406 Y84.29 E2.0809
G1 X76.942 Y84.29 E2.1699
G1 X67.71 Y75.058 E2.38257
G1 X67.71 Y76.942 E2.41326
G1 X76.942 Y67.71 E2.62593
G1 X75.058 Y67.71 E2.65662
G1 X84.29 Y76.942 E2.86929
G1 X84.29 Y75.058 E2.89998
G1 X75.058 Y84.29 E3.11265
G1 X69.594 Y84.29 E3.20165
G1 X67.71 Y82.406 E3.24505
G1 X67.71 Y84.29 E3.27574
G1 X84.29 Y67.71 E3.65769
G1 X82.406 Y67.71 E3.68838
G1 X84.29 Y69.594 E3.73178
G1 X84.29 Y72.711 E3.78255
;LAYER_CHANGE
;Z:2.9
;HEIGHT:0.2
G1 E2.28255 F1200
G92 E0
G1 Z2.9 F6000
M204 S1000
G1 X67.32 Y67.32
G1 E1.5 F1200
M204 S500
;TYPE:Perimeter
;WIDTH:0.562499
G1 F900
G1 X84.68 Y67.32 E1.78278
G1 X84.68 Y84.68 E2.06556
G1 X67.32 Y84.68 E2.34834
G1 X67.32 Y67.395 E2.6299
M204 S1000
G1 X66.801 Y66.801 F6000
M204 S500
G1 F900
G1 X85.199 Y66.801 E2.92959
G1 X85.199 Y85.199 E3.22928
G1 X66.801 Y85.199 E3.52897
G1 X66.801 Y66.876 E3.82744
M204 S1000
G1 X66.281 Y66.281 F6000
M204 S500
;TYPE:External perimeter
G1 F720
G1 X85.719 Y66.281 E4.14407
G1 X85.719 Y85.719 E4.4607
G1 X66.281 Y85.719 E4.77733
G1 X66.281 Y66.356 E5.09274
G1 X66.776 Y66.282 F6000
G1 E3.59274 F1200
G92 E0
M204 S1000
G1 X67.71 Y72.711 F6000
G1 E1.5 F1200
M204 S500
;TYPE:Internal infill
;WIDTH:0.5625
G1 X67.71 Y69.594 E1.55077
G1 X69.594 Y67.71 E1.59417
G1 X67.71 Y67.71 E1.62486
G1 X84.29 Y84.29 E2.00681
G1 X84.29 Y82.406 E2.0375
G1 X82.406 Y84.29 E2.0809
G1 X76.942 Y84.29 E2.1699
G1 X67.71 Y75.058 E2.38257
G1 X67.71 Y76.942 E2.41326
G1 X76.942 Y67.71 E2.62593
G1 X75.058 Y67.71 E2.65662
G1 X84.29 Y76.942 E2.86929
G1 X84.29 Y75.058 E2.89998
G1 X75.058 Y84.29 E3.11265
G1 X69.594 Y84.29 E3.20165
G1 X67.71 Y82.406 E3.24505
G1 X67.71 Y84.29 E3.27574
G1 X84.29 Y67.71 E3.65769
G1 X82.406 Y67.71 E3.68838
G1 X84.29 Y69.594 E3.73178
G1 X84.29 Y72.711 E3.78255
;LAYER_CHANGE
;Z:3.1
;HEIGHT:0.2
G1 E2.28255 F1200
G92 E0
G1 Z3.1 F6000
M204 S1000
G1 X67.32 Y67.32
G1 E1.5 F1200
M204 S500
;TYPE:Perimeter
;WIDTH:0.562499
G1 F900
G1 X84.68 Y67.32 E1.78278
G1 X84.68 Y84.68 E2.06556
G1 X67.32 Y84.68 E2.34834
G1 X67.32 Y67.395 E2.6299
M204 S1000
G1 X66.801 Y66.801 F6000
M204 S500
G1 F900
G1 X85.199 Y66.801 E2.92959
G1 X85.199 Y85.199 E3.22928
G1 X66.801 Y85.199 E3.52897
G1 X66.801 Y66.876 E3.82744
M204 S1000
G1 X66.281 Y66.281 F6000
M204 S500
;TYPE:External perimeter
G1 F720
G1 X85.719 Y66.281 E4.14407
G1 X85.719 Y85.719 E4.4607
G1 X66.281 Y85.719 E4.77733
G1 X66.281 Y66.356 E5.09274
G1 X66.776 Y66.282 F6000
G1 E3.59274 F1200
G92 E0
M204 S1000
G1 X67.71 Y72.711 F6000
G1 E1.5 F1200
M204 S500
;TYPE:Internal infill
;WIDTH:0.5625
G1 X67.71 Y69.594 E1.55077
G1 X69.594 Y67.71 E1.59417
G1 X67.71 Y67.71 E1.62486
G1 X84.29 Y84.29 E2.00681
G1 X84.29 Y82.406 E2.0375
G1 X82.406 Y84.29 E2.0809
G1 X76.942 Y84.29 E2.1699
G1 X67.71 Y75.058 E2.38257
G1 X67.71 Y76.942 E2.41326
G1 X76.942 Y67.71 E2.62593
G1 X75.058 Y67.71 E2.65662
G1 X84.29 Y76.942 E2.86929
G1 X84.29 Y75.058 E2.89998
G1 X75.058 Y84.29 E3.11265
G1 X69.594 Y84.29 E3.20165
G1 X67.71 Y82.406 E3.24505
G1 X67.71 Y84.29 E3.27574
G1 X84.29 Y67.71 E3.65769
G1 X82.406 Y67.71 E3.68838
G1 X84.29 Y69.594 E3.73178
G1 X84.29 Y72.711 E3.78255
M106 S12.75
;LAYER_CHANGE
;Z:3.3
;HEIGHT:0.2
G1 E2.28255 F1200
G92 E0
G1 Z3.3 F6000
M204 S1000
G1 X67.32 Y67.32
G1 E1.5 F1200
M204 S500
;TYPE:Perimeter
;WIDTH:0.562499
G1 F900
G1 X84.68 Y67.32 E1.78278
G1 X84.68 Y84.68 E2.06556
G1 X67.32 Y84.68 E2.34834
G1 X67.32 Y67.395 E2.6299
M204 S1000
G1 X66.801 Y66.801 F6000
M204 S500
G1 F900
G1 X85.199 Y66.801 E2.92959
G1 X85.199 Y85.199 E3.22928
G1 X66.801 Y85.199 E3.52897
G1 X66.801 Y66.876 E3.82744
M204 S1000
G1 X66.281 Y66.281 F6000
M204 S500
;TYPE:External perimeter
G1 F720
G1 X85.719 Y66.281 E4.14407
G1 X85.719 Y85.719 E4.4607
G1 X66.281 Y85.719 E4.77733
G1 X66.281 Y66.356 E5.09274
G1 X66.776 Y66.282 F6000
G1 E3.59274 F1200
G92 E0
M204 S1000
G1 X67.71 Y72.711 F6000
G1 E1.5 F1200
M204 S500
;TYPE:Internal infill
;WIDTH:0.5625
G1 X67.71 Y69.594 E1.55077
G1 X69.298 Y68.006 E1.58735
G1 X69.288 Y67.71 E1.59217
G1 X67.71 Y67.71 E1.61787
G1 X84.29 Y84.29 E1.99982
G1 X84.29 Y82.406 E2.03051
G1 X82.406 Y84.29 E2.07391
G1 X79.289 Y84.29 E2.12468
G1 E.62468
G92 E0
M204 S1000
G1 X72.711 Y84.29 F6000
G1 E1.5 F1200
M204 S500
G1 X69.594 Y84.29 E1.55077
G1 X67.71 Y82.406 E1.59417
G1 X67.71 Y84.29 E1.62486
G1 X84.29 Y67.71 E2.00681
G1 X82.406 Y67.71 E2.0375
G1 X84.29 Y69.594 E2.0809
G1 X84.29 Y73.009 E2.13653
G1 X83.455 Y73.106 E2.15022
G1 X83.11 Y73.265 E2.15641
G1 X82.781 Y73.518 E2.16317
G1 X82.537 Y73.813 E2.16941
G1 X82.354 Y74.166 E2.17589
G1 X82.271 Y74.452 E2.18074
G1 X82.241 Y74.893 E2.18794
G1 X75.058 Y67.71 E2.35341
G1 X76.643 Y67.71 E2.37923
G1 X76.655 Y67.997 E2.38391
G1 X67.71 Y76.942 E2.58997
G1 X67.71 Y75.058 E2.62066
G1 X76.942 Y84.29 E2.83333
G1 X75.058 Y84.29 E2.86402
G1 X82.313 Y77.035 E3.03115
G1 X82.559 Y77.559 E3.04058
G1 X83.106 Y78.07 E3.05277
G1 X83.522 Y78.251 E3.06016
G1 X84.29 Y78.328 E3.07273
G1 X84.29 Y78.883 E3.08177
G1 E1.58177
G92 E0
M204 S1000
G1 X84.031 Y73.554 F6000
G1 E1.5 F1200
M204 S500
;TYPE:Solid infill
;WIDTH:0.562499
G1 F1080
G1 X83.711 Y73.587 E1.50524
G1 X83.248 Y73.804 E1.51357
G1 X82.918 Y74.2 E1.52197
G1 X82.763 Y74.685 E1.53026
G1 X82.754 Y76.505 E1.55991
G1 X82.821 Y76.904 E1.5665
G1 X82.943 Y77.175 E1.57134
G1 X83.158 Y77.442 E1.57692
G1 X83.453 Y77.66 E1.5829
G1 X83.687 Y77.747 E1.58697
G1 X84.29 Y77.808 E1.59684
G1 X84.29 Y73.529 E1.66654
G1 X83.778 Y74.1 E1.67903
;WIDTH:0.546705
G1 X83.778 Y74.781 E1.68979
;WIDTH:0.550785
G1 X83.782 Y76.648 E1.71952
;WIDTH:0.539765
G1 X83.771 Y77.246 E1.72884
G1 X83.481 Y77.05 E1.73429
G1 X83.348 Y76.866 E1.73783
;WIDTH:0.550785
G1 X83.268 Y76.476 E1.74417
G1 X83.274 Y74.78 E1.77117
;WIDTH:0.546705
G1 X83.336 Y74.505 E1.77562
G1 X83.553 Y74.229 E1.78117
G1 E.28117 F1200
G92 E0
M204 S1000
G1 X81.279 Y67.71 F6000
G1 E1.5 F1200
M204 S500
;WIDTH:0.562499
G1 F1080
G1 X77.162 Y67.71 E1.56706
G1 X77.251 Y68.324 E1.57717
G1 X77.4 Y68.651 E1.58302
G1 X77.594 Y68.854 E1.58759
G1 X77.853 Y69.043 E1.59281
G1 X78.289 Y69.178 E1.60024
G1 X80.239 Y69.191 E1.632
G1 X80.603 Y69.133 E1.638
G1 X80.9 Y69.009 E1.64324
G1 X81.218 Y68.743 E1.64999
G1 X81.452 Y68.357 E1.65734
G1 X81.539 Y67.71 E1.66797
M204 S1000
G1 X80.202 Y68.21 F6000
M204 S500
;WIDTH:0.523422
G1 F1080
G1 X80.362 Y68.206 E1.67038
;WIDTH:0.514878
G1 X80.971 Y68.206 E1.67939
G1 X80.76 Y68.504 E1.68479
G1 X80.589 Y68.612 E1.68778
;WIDTH:0.523422
G1 X80.214 Y68.691 E1.69355
G1 X78.4 Y68.681 E1.72088
;WIDTH:0.517223
G1 X78.111 Y68.603 E1.72533
G1 X77.888 Y68.453 E1.72933
G1 X77.735 Y68.207 E1.73364
G1 X78.402 Y68.207 E1.74356
;WIDTH:0.522528
G1 X79.942 Y68.21 E1.76672
G1 E.26672 F1200
G92 E0
M204 S1000
G1 X73.763 Y67.71 F6000
G1 E1.5 F1200
M204 S500
;WIDTH:0.562499
G1 F1080
G1 X69.808 Y67.71 E1.56442
G1 X69.853 Y68.229 E1.57291
G1 X70.088 Y68.683 E1.58124
G1 X70.362 Y68.949 E1.58746
G1 X70.649 Y69.103 E1.59277
G1 X71.094 Y69.19 E1.60016
G1 X72.731 Y69.191 E1.62683
G1 X73 Y69.151 E1.63126
G1 X73.438 Y68.98 E1.63892
G1 X73.717 Y68.723 E1.6451
G1 X73.92 Y68.398 E1.65134
G1 X74.021 Y67.897 E1.65967
G1 X74.022 Y67.71 E1.66272
M204 S1000
G1 X71.133 Y68.21 F6000
M204 S500
;WIDTH:0.523625
G1 F1080
G1 X72.774 Y68.209 E1.68745
;WIDTH:0.521096
G1 X73.435 Y68.209 E1.69736
G1 X73.362 Y68.373 E1.70005
G1 X73.127 Y68.586 E1.7048
;WIDTH:0.523625
G1 X72.704 Y68.691 E1.71137
G1 X70.973 Y68.69 E1.73746
;WIDTH:0.523321
G1 X70.625 Y68.528 E1.74324
;WIDTH:0.515866
G1 X70.457 Y68.351 E1.74686
G1 X70.387 Y68.206 E1.74925
G1 X70.521 Y68.206 E1.75124
;WIDTH:0.520154
G1 X70.873 Y68.208 E1.75651
M106 S15.3
;LAYER_CHANGE
;Z:3.5
;HEIGHT:0.2
G1 E.25651 F1200
G92 E0
G1 Z3.5 F6000
M204 S1000
G1 X67.32 Y67.32
G1 E1.5 F1200
M204 S500
;TYPE:Perimeter
;WIDTH:0.562499
G1 F900
G1 X84.68 Y67.32 E1.78278
G1 X84.68 Y84.68 E2.06556
G1 X67.32 Y84.68 E2.34834
G1 X67.32 Y67.395 E2.6299
M204 S1000
G1 X66.801 Y66.801 F6000
M204 S500
G1 F900
G1 X85.199 Y66.801 E2.92959
G1 X85.199 Y85.199 E3.22928
G1 X66.801 Y85.199 E3.52897
G1 X66.801 Y66.876 E3.82744
M204 S1000
G1 X66.281 Y66.281 F6000
M204 S500
;TYPE:External perimeter
G1 F720
G1 X85.719 Y66.281 E4.14407
G1 X85.719 Y85.719 E4.4607
G1 X66.281 Y85.719 E4.77733
G1 X66.281 Y66.356 E5.09274
G1 X66.776 Y66.282 F6000
G1 E3.59274 F1200
G92 E0
M204 S1000
G1 X69.83 Y67.969 F6000
G1 E1.5 F1200
M204 S500
;TYPE:Solid infill
G1 F1080
G1 X69.853 Y68.229 E1.50425
G1 X70.088 Y68.683 E1.51258
G1 X70.362 Y68.949 E1.5188
G1 X70.649 Y69.103 E1.52411
G1 X71.094 Y69.19 E1.5315
G1 X72.839 Y69.191 E1.55992
G1 X73.325 Y69.097 E1.56798
G1 X73.648 Y68.911 E1.57405
G1 X73.935 Y68.606 E1.58087
G1 X74.07 Y68.286 E1.58653
G1 X74.141 Y67.71 E1.59598
G1 X69.808 Y67.71 E1.66656
G1 X70.387 Y68.206 E1.67898
;WIDTH:0.515865
G1 X70.521 Y68.206 E1.68097
;WIDTH:0.523322
G1 X71.133 Y68.21 E1.69019
;WIDTH:0.523701
G1 X72.999 Y68.204 E1.71832
;WIDTH:0.511607
G1 X73.581 Y68.204 E1.72687
G1 X73.459 Y68.415 E1.73045
G1 X73.186 Y68.623 E1.73549
;WIDTH:0.523701
G1 X72.795 Y68.691 E1.74147
G1 X70.973 Y68.69 E1.76893
;WIDTH:0.523322
G1 X70.625 Y68.528 E1.77471
;WIDTH:0.515865
G1 X70.525 Y68.423 E1.77686
G1 E.27686 F1200
G92 E0
M204 S1000
G1 X67.71 Y72.711 F6000
G1 E1.5 F1200
M204 S500
;TYPE:Internal infill
;WIDTH:0.5625
G1 X67.71 Y69.594 E1.55077
G1 X69.298 Y68.006 E1.58735
G1 X69.288 Y67.71 E1.59217
G1 X67.71 Y67.71 E1.61787
G1 X84.29 Y84.29 E1.99982
G1 X84.29 Y82.406 E2.03051
G1 X82.406 Y84.29 E2.07391
G1 X79.289 Y84.29 E2.12468
G1 E.62468
G92 E0
M204 S1000
G1 X72.711 Y84.29 F6000
G1 E1.5 F1200
M204 S500
G1 X69.594 Y84.29 E1.55077
G1 X67.71 Y82.406 E1.59417
G1 X67.71 Y84.29 E1.62486
G1 X84.29 Y67.71 E2.00681
G1 X82.406 Y67.71 E2.0375
G1 X84.29 Y69.594 E2.0809
G1 X84.29 Y73.007 E2.1365
G1 X83.45 Y73.106 E2.15028
G1 X83.103 Y73.267 E2.15651
G1 X82.758 Y73.538 E2.16366
G1 X82.508 Y73.857 E2.17026
G1 X82.355 Y74.164 E2.17585
G1 X82.265 Y74.486 E2.1813
G1 X82.241 Y74.893 E2.18794
G1 X75.058 Y67.71 E2.35341
G1 X76.521 Y67.71 E2.37724
G1 X76.551 Y68.101 E2.38363
G1 X67.71 Y76.942 E2.5873
G1 X67.71 Y75.058 E2.61799
G1 X76.942 Y84.29 E2.83066
G1 X75.058 Y84.29 E2.86135
G1 X82.313 Y77.035 E3.02848
G1 X82.559 Y77.559 E3.03791
G1 X83.106 Y78.07 E3.0501
G1 X83.522 Y78.251 E3.05749
G1 X84.29 Y78.328 E3.07006
G1 X84.29 Y78.883 E3.0791
M204 S1000
G1 X82.754 Y76.505 F6000
M204 S500
;TYPE:Solid infill
;WIDTH:0.562499
G1 F1080
G1 X82.763 Y74.775 E3.10728
G1 X82.852 Y74.329 E3.11469
G1 X83.042 Y74.014 E3.12068
G1 X83.395 Y73.701 E3.12836
G1 X83.714 Y73.581 E3.13391
G1 X84.29 Y73.526 E3.14334
G1 X84.29 Y77.808 E3.21309
G1 X83.687 Y77.747 E3.22296
G1 X83.453 Y77.66 E3.22703
G1 X83.158 Y77.442 E3.23301
G1 X82.943 Y77.175 E3.23859
G1 X82.821 Y76.904 E3.24343
G1 X82.797 Y76.761 E3.24579
G1 X83.32 Y76.73 E3.25432
;WIDTH:0.543596
G1 X83.348 Y76.866 E3.2565
;WIDTH:0.539764
G1 X83.481 Y77.05 E3.26004
G1 X83.771 Y77.246 E3.26549
G1 X83.782 Y76.648 E3.27481
;WIDTH:0.550777
G1 X83.778 Y74.779 E3.30457
;WIDTH:0.546539
G1 X83.778 Y74.093 E3.3154
G1 X83.487 Y74.276 E3.32083
G1 X83.321 Y74.561 E3.32604
G1 X83.275 Y74.778 E3.32954
;WIDTH:0.550777
G1 X83.268 Y76.476 E3.35658
G1 E1.85658 F1200
G92 E0
M204 S1000
G1 X77.075 Y67.968 F6000
G1 E1.5 F1200
M204 S500
;WIDTH:0.562499
G1 F1080
G1 X77.117 Y68.291 E1.50531
G1 X77.314 Y68.676 E1.51235
G1 X77.564 Y68.941 E1.51828
G1 X77.992 Y69.138 E1.52595
G1 X78.258 Y69.181 E1.53034
G1 X80.114 Y69.191 E1.56057
G1 X80.617 Y69.128 E1.56883
G1 X80.996 Y68.947 E1.57567
G1 X81.276 Y68.684 E1.58193
G1 X81.466 Y68.283 E1.58916
G1 X81.539 Y67.71 E1.59857
G1 X77.041 Y67.71 E1.67184
G1 X77.613 Y68.208 E1.68419
;WIDTH:0.518394
G1 X78.262 Y68.208 E1.69386
;WIDTH:0.523487
G1 X80.376 Y68.205 E1.72571
;WIDTH:0.512354
G1 X80.973 Y68.205 E1.7345
G1 X80.761 Y68.505 E1.73991
G1 X80.454 Y68.661 E1.74498
;WIDTH:0.523487
G1 X80.096 Y68.691 E1.75039
G1 X78.261 Y68.683 E1.77804
;WIDTH:0.518394
G1 X78.102 Y68.653 E1.78045
G1 X77.836 Y68.515 E1.78492
G1 X77.766 Y68.418 E1.7867
M106 S10.2
;LAYER_CHANGE
;Z:3.7
;HEIGHT:0.2
G1 E.2867 F1200
G92 E0
G1 Z3.7 F6000
M204 S1000
G1 X67.32 Y67.32
G1 E1.5 F1200
M204 S500
;TYPE:Perimeter
;WIDTH:0.562499
G1 F900
G1 X84.68 Y67.32 E1.78278
G1 X84.68 Y84.68 E2.06556
G1 X67.32 Y84.68 E2.34834
G1 X67.32 Y67.395 E2.6299
M204 S1000
G1 X66.801 Y66.801 F6000
M204 S500
G1 F900
G1 X85.199 Y66.801 E2.92959
G1 X85.199 Y85.199 E3.22928
G1 X66.801 Y85.199 E3.52897
G1 X66.801 Y66.876 E3.82744
M204 S1000
G1 X66.281 Y66.281 F6000
M204 S500
;TYPE:External perimeter
G1 F720
G1 X85.719 Y66.281 E4.14407
G1 X85.719 Y85.719 E4.4607
G1 X66.281 Y85.719 E4.77733
G1 X66.281 Y66.356 E5.09274
G1 X66.776 Y66.282 F6000
G1 E3.59274 F1200
G92 E0
M204 S1000
G1 X67.71 Y72.711 F6000
G1 E1.5 F1200
M204 S500
;TYPE:Internal infill
;WIDTH:0.5625
G1 X67.71 Y69.594 E1.55077
G1 X69.298 Y68.006 E1.58735
G1 X69.288 Y67.71 E1.59217
G1 X67.71 Y67.71 E1.61787
G1 X84.29 Y84.29 E1.99982
G1 X84.29 Y82.406 E2.03051
G1 X82.406 Y84.29 E2.07391
G1 X79.289 Y84.29 E2.12468
G1 E.62468
G92 E0
M204 S1000
G1 X72.711 Y84.29 F6000
G1 E1.5 F1200
M204 S500
G1 X69.594 Y84.29 E1.55077
G1 X67.71 Y82.406 E1.59417
G1 X67.71 Y84.29 E1.62486
G1 X84.29 Y67.71 E2.00681
G1 X82.406 Y67.71 E2.0375
G1 X84.29 Y69.594 E2.0809
G1 X84.29 Y73.005 E2.13646
G1 X83.515 Y73.084 E2.14915
G1 X82.888 Y73.417 E2.16071
G1 X82.537 Y73.813 E2.16933
G1 X82.373 Y74.12 E2.175
G1 X82.265 Y74.486 E2.18122
G1 X82.24 Y74.892 E2.18785
G1 X75.058 Y67.71 E2.3533
G1 X76.399 Y67.71 E2.37514
G1 X76.443 Y68.209 E2.3833
G1 X67.71 Y76.942 E2.58448
G1 X67.71 Y75.058 E2.61517
G1 X76.942 Y84.29 E2.82784
G1 X75.058 Y84.29 E2.85853
G1 X82.313 Y77.035 E3.02566
G1 X82.559 Y77.559 E3.03509
G1 X83.106 Y78.07 E3.04728
G1 X83.522 Y78.251 E3.05467
G1 X84.29 Y78.328 E3.06724
G1 X84.29 Y78.883 E3.07628
M204 S1000
G1 X84.527 Y77.05 F6000
M204 S500
;TYPE:Top solid infill
;WIDTH:0.50619
G1 F900
G1 X83.78 Y77.797 E3.09162
G1 X83.623 Y77.771 E3.09393
G1 X83.307 Y77.615 E3.09905
G1 X84.321 Y76.6 E3.11989
G1 X84.321 Y75.945 E3.1294
G1 X82.972 Y77.294 E3.15711
G1 X82.868 Y77.127 E3.15997
G1 X82.764 Y76.847 E3.16431
G1 X84.321 Y75.29 E3.19629
G1 X84.321 Y74.635 E3.2058
G1 X82.724 Y76.232 E3.2386
G1 X82.726 Y75.574 E3.24816
G1 X84.321 Y73.98 E3.28091
G1 X84.321 Y73.493 E3.28798
G1 X84.153 Y73.493 E3.29042
G1 X82.728 Y74.917 E3.31968
G1 X82.751 Y74.545 E3.32509
G1 X82.801 Y74.365 E3.3278
G1 X82.891 Y74.166 E3.33097
G1 X83.073 Y73.918 E3.33544
G1 X83.64 Y73.351 E3.34709
G1 E1.84709 F1200
G92 E0
M204 S1000
G1 X81.706 Y68.29 F6000
G1 E1.5 F1200
M204 S500
;WIDTH:0.527811
G1 F900
G1 X81.038 Y68.959 E1.51437
G1 X80.861 Y69.075 E1.51759
G1 X80.542 Y69.19 E1.52274
G1 X80.088 Y69.222 E1.52966
G1 X81.571 Y67.739 E1.56154
G1 X81.571 Y67.679 E1.56245
G1 X80.946 Y67.679 E1.57195
G1 X79.405 Y69.219 E1.60507
G1 X78.719 Y69.22 E1.6155
G1 X80.26 Y67.679 E1.64863
G1 X79.575 Y67.679 E1.65904
G1 X78.044 Y69.209 E1.69194
G1 X77.985 Y69.204 E1.69284
G1 X77.666 Y69.108 E1.6979
G1 X77.533 Y69.034 E1.70021
G1 X78.889 Y67.679 E1.72935
G1 X78.203 Y67.679 E1.73978
G1 X77.168 Y68.714 E1.76203
G1 X77.076 Y68.588 E1.7644
G1 X76.957 Y68.328 E1.76875
G1 X76.944 Y68.252 E1.76992
G1 X77.723 Y67.473 E1.78667
G1 E.28667 F1200
G92 E0
M204 S1000
G1 X74.437 Y68.296 F6000
G1 E1.5 F1200
M204 S500
;WIDTH:0.515071
G1 F900
G1 X73.807 Y68.925 E1.51318
G1 X73.649 Y69.039 E1.51606
G1 X73.382 Y69.159 E1.52039
G1 X73.147 Y69.211 E1.52395
G1 X72.842 Y69.223 E1.52847
G1 X74.292 Y67.772 E1.55883
G1 X74.292 Y67.679 E1.56021
G1 X73.718 Y67.679 E1.56871
G1 X72.174 Y69.223 E1.60103
G1 X71.507 Y69.223 E1.6109
G1 X73.05 Y67.679 E1.64321
G1 X72.383 Y67.679 E1.65308
G1 X70.861 Y69.2 E1.68493
G1 X70.84 Y69.197 E1.68524
G1 X70.568 Y69.113 E1.68945
G1 X70.388 Y69.006 E1.69255
G1 X71.715 Y67.679 E1.72033
G1 X71.047 Y67.679 E1.73022
G1 X70.04 Y68.686 E1.7513
G1 X70.006 Y68.646 E1.75208
G1 X69.823 Y68.236 E1.75873
G1 X70.585 Y67.473 E1.77469
M106 S22.95
;LAYER_CHANGE
;Z:3.9
;HEIGHT:0.2
G1 E.27469 F1200
G92 E0
G1 Z3.9 F6000
M204 S1000
G1 X83.128 Y73.901
G1 E1.5 F1200
M204 S500
;TYPE:Perimeter
;WIDTH:0.562499
G1 F900
G1 X82.939 Y74.106 E1.50454
G1 X82.762 Y74.539 E1.51216
G1 X82.734 Y74.806 E1.51653
G1 X82.734 Y76.53 E1.54461
G1 X82.772 Y76.842 E1.54973
G1 X82.96 Y77.263 E1.55724
G1 X83.208 Y77.534 E1.56322
G1 X83.635 Y77.767 E1.57114
G1 X84.032 Y77.829 E1.57769
G1 X84.68 Y77.83 E1.58825
G1 X84.68 Y84.68 E1.69983
G1 X67.32 Y84.68 E1.98261
G1 X67.32 Y67.32 E2.26539
G1 X69.787 Y67.32 E2.30558
G1 X69.787 Y67.914 E2.31526
G1 X69.834 Y68.259 E2.32093
G1 X70.013 Y68.645 E2.32786
G1 X70.276 Y68.928 E2.33415
G1 X70.566 Y69.103 E2.33967
G1 X70.842 Y69.189 E2.34438
G1 X71.086 Y69.212 E2.34837
G1 X72.881 Y69.212 E2.37761
G1 X73.284 Y69.095 E2.38445
G1 X73.658 Y68.837 E2.39185
G1 X73.943 Y68.416 E2.40013
G1 X74.045 Y67.912 E2.40851
G1 X74.044 Y67.32 E2.41815
G1 X77.142 Y67.32 E2.46861
G1 X77.141 Y67.912 E2.47825
G1 X77.243 Y68.416 E2.48663
G1 X77.384 Y68.67 E2.49136
G1 X77.652 Y68.945 E2.49761
G1 X78.002 Y69.136 E2.5041
G1 X78.44 Y69.212 E2.51134
G1 X80.262 Y69.212 E2.54102
G1 X80.699 Y69.136 E2.54825
G1 X81.09 Y68.914 E2.55557
G1 X81.308 Y68.683 E2.56074
G1 X81.473 Y68.381 E2.56635
G1 X81.561 Y67.914 E2.57409
G1 X81.561 Y67.32 E2.58377
G1 X84.68 Y67.32 E2.63458
G1 X84.68 Y73.508 E2.73538
G1 X84.034 Y73.508 E2.7459
G1 X83.636 Y73.57 E2.75246
G1 X83.239 Y73.779 E2.75977
G1 X83.178 Y73.845 E2.76123
M204 S1000
G1 X83.481 Y74.259 F6000
M204 S500
G1 F900
G1 X83.309 Y74.519 E2.76631
G1 X83.254 Y74.806 E2.77107
G1 X83.253 Y75.861 E2.78826
G1 X83.254 Y76.568 E2.79978
G1 X83.338 Y76.884 E2.80511
G1 X83.538 Y77.132 E2.8103
G1 X83.794 Y77.272 E2.81505
G1 X84.032 Y77.31 E2.81898
G1 X85.199 Y77.31 E2.83799
G1 X85.199 Y85.199 E2.9665
G1 X66.801 Y85.199 E3.26619
G1 X66.801 Y66.801 E3.56588
G1 X70.306 Y66.801 E3.62297
G1 X70.307 Y68.06 E3.64348
G1 X70.442 Y68.352 E3.64872
G1 X70.6 Y68.522 E3.6525
G1 X70.774 Y68.627 E3.65581
G1 X71.086 Y68.692 E3.661
G1 X72.746 Y68.692 E3.68804
G1 X73.009 Y68.647 E3.69239
G1 X73.293 Y68.468 E3.69786
G1 X73.464 Y68.215 E3.70283
G1 X73.525 Y67.913 E3.70785
G1 X73.525 Y66.801 E3.72596
G1 X77.661 Y66.801 E3.79333
G1 X77.661 Y67.913 E3.81144
G1 X77.722 Y68.215 E3.81646
G1 X77.893 Y68.468 E3.82143
G1 X78.117 Y68.622 E3.82586
G1 X78.44 Y68.692 E3.83124
G1 X80.344 Y68.688 E3.86225
G1 X80.616 Y68.607 E3.86687
G1 X80.889 Y68.375 E3.87271
G1 X80.989 Y68.194 E3.87608
G1 X81.041 Y67.913 E3.88074
G1 X81.042 Y66.801 E3.89885
G1 X85.199 Y66.801 E3.96656
G1 X85.199 Y74.028 E4.08428
G1 X84.034 Y74.027 E4.10326
G1 X83.795 Y74.065 E4.1072
G1 X83.64 Y74.134 E4.10996
G1 X83.539 Y74.212 E4.11204
M204 S1000
G1 X83.856 Y74.627 F6000
M204 S500
;TYPE:External perimeter
G1 F720
G1 X83.83 Y74.644 E4.11255
G1 X83.773 Y74.806 E4.11535
G1 X83.773 Y75.862 E4.13255
G1 X83.775 Y76.567 E4.14403
G1 X83.868 Y76.731 E4.1471
G1 X84.032 Y76.79 E4.14994
G1 X85.719 Y76.791 E4.17742
G1 X85.719 Y85.719 E4.32285
G1 X66.281 Y85.719 E4.63948
G1 X66.281 Y66.281 E4.95611
G1 X70.825 Y66.281 E5.03013
G1 X70.826 Y67.968 E5.05761
G1 X70.924 Y68.116 E5.0605
G1 X71.086 Y68.173 E5.0633
G1 X72.776 Y68.173 E5.09083
G1 X72.928 Y68.098 E5.09359
G1 X73.006 Y67.913 E5.09686
G1 X73.005 Y66.281 E5.12344
G1 X78.181 Y66.281 E5.20775
G1 X78.18 Y67.987 E5.23554
G1 X78.283 Y68.119 E5.23827
G1 X78.44 Y68.173 E5.24097
G1 X80.319 Y68.166 E5.27158
G1 X80.471 Y68.067 E5.27453
G1 X80.522 Y67.913 E5.27717
G1 X80.523 Y66.281 E5.30375
G1 X85.719 Y66.281 E5.38839
G1 X85.719 Y74.548 E5.52305
G1 X83.972 Y74.547 E5.55151
G1 X83.918 Y74.584 E5.55258
G1 X83.784 Y75.066 F6000
G1 E4.05258 F1200
G92 E0
M204 S1000
G1 X72.711 Y84.29 F6000
G1 E1.5 F1200
M204 S500
;TYPE:Internal infill
;WIDTH:0.5625
G1 X69.594 Y84.29 E1.55077
G1 X67.71 Y82.406 E1.59417
G1 X67.71 Y84.29 E1.62486
G1 X84.29 Y67.71 E2.00681
G1 X82.406 Y67.71 E2.0375
G1 X84.29 Y69.594 E2.0809
G1 X84.29 Y73.118 E2.1383
G1 X83.519 Y73.197 E2.15092
G1 X83.183 Y73.347 E2.15691
G1 X82.842 Y73.609 E2.16391
G1 X82.463 Y74.183 E2.17511
G1 X82.351 Y74.651 E2.18295
G1 X82.35 Y75.002 E2.18867
G1 X75.058 Y67.71 E2.35665
G1 X76.752 Y67.71 E2.38424
G1 X76.752 Y67.9 E2.38733
G1 X67.71 Y76.942 E2.59563
G1 X67.71 Y75.058 E2.62632
G1 X76.942 Y84.29 E2.83899
G1 X75.058 Y84.29 E2.86968
G1 X82.398 Y76.95 E3.03877
G1 X82.638 Y77.483 E3.04829
G1 X82.96 Y77.835 E3.05606
G1 X83.181 Y77.989 E3.06045
G1 X83.518 Y78.14 E3.06647
G1 X84.29 Y78.219 E3.07911
G1 X84.29 Y82.406 E3.14731
G1 X82.406 Y84.29 E3.19071
G1 X84.29 Y84.29 E3.2214
G1 X67.71 Y67.71 E3.60335
G1 X69.397 Y67.71 E3.63083
G1 X69.397 Y67.907 E3.63404
G1 X67.71 Y69.594 E3.6729
G1 X67.71 Y72.711 E3.72367
M106 S20.4
;LAYER_CHANGE
;Z:4.1
;HEIGHT:0.2
G1 E2.22367 F1200
G92 E0
G1 Z4.1 F6000
M204 S1000
G1 X83.127 Y73.897
G1 E1.5 F1200
M204 S500
;TYPE:Perimeter
;WIDTH:0.562499
G1 F900
G1 X83 Y74.018 E1.50286
G1 X82.815 Y74.356 E1.50914
G1 X82.735 Y74.804 E1.51655
G1 X82.734 Y76.528 E1.54463
G1 X82.772 Y76.84 E1.54975
G1 X82.96 Y77.261 E1.55726
G1 X83.208 Y77.532 E1.56324
G1 X83.635 Y77.765 E1.57116
G1 X84.032 Y77.827 E1.57771
G1 X84.68 Y77.827 E1.58827
G1 X84.68 Y84.68 E1.6999
G1 X67.32 Y84.68 E1.98268
G1 X67.32 Y67.32 E2.26546
G1 X69.898 Y67.32 E2.30745
G1 X69.898 Y67.914 E2.31713
G1 X69.951 Y68.282 E2.32319
G1 X70.096 Y68.603 E2.32893
G1 X70.303 Y68.856 E2.33425
G1 X70.539 Y69.033 E2.33906
G1 X70.777 Y69.142 E2.34332
G1 X71.197 Y69.212 E2.35026
G1 X72.864 Y69.212 E2.37741
G1 X73.176 Y69.174 E2.38253
G1 X73.537 Y69.024 E2.3889
G1 X73.837 Y68.774 E2.39526
G1 X74.081 Y68.368 E2.40298
G1 X74.163 Y67.912 E2.41053
G1 X74.163 Y67.32 E2.42017
G1 X77.02 Y67.32 E2.46671
G1 X77.019 Y67.912 E2.47635
G1 X77.102 Y68.368 E2.4839
G1 X77.346 Y68.774 E2.49162
G1 X77.562 Y68.969 E2.49636
G1 X77.863 Y69.13 E2.50192
G1 X78.318 Y69.212 E2.50945
G1 X80.135 Y69.212 E2.53905
G1 X80.593 Y69.129 E2.54663
G1 X80.977 Y68.903 E2.55389
G1 X81.181 Y68.684 E2.55877
G1 X81.339 Y68.402 E2.56404
G1 X81.434 Y67.914 E2.57214
G1 X81.435 Y67.32 E2.58182
G1 X84.68 Y67.32 E2.63468
G1 X84.68 Y73.506 E2.73545
G1 X84.034 Y73.505 E2.74597
G1 X83.632 Y73.569 E2.7526
G1 X83.298 Y73.734 E2.75867
G1 X83.181 Y73.845 E2.7613
M204 S1000
G1 X83.485 Y74.253 F6000
M204 S500
G1 F900
G1 X83.475 Y74.261 E2.76151
G1 X83.302 Y74.535 E2.76679
G1 X83.254 Y74.804 E2.77124
G1 X83.254 Y75.906 E2.78919
G1 X83.254 Y76.566 E2.79994
G1 X83.338 Y76.882 E2.80527
G1 X83.538 Y77.13 E2.81046
G1 X83.794 Y77.27 E2.81521
G1 X84.032 Y77.308 E2.81914
G1 X85.199 Y77.308 E2.83815
G1 X85.199 Y85.199 E2.96669
G1 X66.801 Y85.199 E3.26638
G1 X66.801 Y66.801 E3.56607
G1 X70.417 Y66.801 E3.62497
G1 X70.418 Y67.913 E3.64308
G1 X70.45 Y68.134 E3.64672
G1 X70.537 Y68.327 E3.65017
G1 X70.661 Y68.479 E3.65337
G1 X70.945 Y68.651 E3.65878
G1 X71.197 Y68.692 E3.66294
G1 X72.864 Y68.692 E3.69009
G1 X73.191 Y68.62 E3.69554
G1 X73.448 Y68.43 E3.70075
G1 X73.594 Y68.186 E3.70538
G1 X73.644 Y67.913 E3.7099
G1 X73.643 Y66.801 E3.72801
G1 X77.54 Y66.801 E3.79149
G1 X77.539 Y67.913 E3.8096
G1 X77.588 Y68.186 E3.81412
G1 X77.735 Y68.43 E3.81876
G1 X77.991 Y68.62 E3.82395
G1 X78.318 Y68.692 E3.8294
G1 X80.135 Y68.692 E3.859
G1 X80.41 Y68.642 E3.86355
G1 X80.64 Y68.507 E3.86789
G1 X80.857 Y68.206 E3.87393
G1 X80.915 Y67.913 E3.8788
G1 X80.915 Y66.801 E3.89691
G1 X85.199 Y66.801 E3.96669
G1 X85.199 Y74.026 E4.08438
G1 X84.034 Y74.025 E4.10336
G1 X83.793 Y74.063 E4.10733
G1 X83.637 Y74.133 E4.11012
G1 X83.544 Y74.207 E4.11206
M204 S1000
G1 X83.854 Y74.619 F6000
M204 S500
;TYPE:External perimeter
G1 F720
G1 X83.847 Y74.623 E4.11219
G1 X83.774 Y74.804 E4.11537
G1 X83.773 Y75.906 E4.13332
G1 X83.776 Y76.565 E4.14405
G1 X83.868 Y76.729 E4.14711
G1 X84.033 Y76.788 E4.14996
G1 X85.719 Y76.789 E4.17742
G1 X85.719 Y85.719 E4.32288
G1 X66.281 Y85.719 E4.63951
G1 X66.281 Y66.281 E4.95614
G1 X70.936 Y66.281 E5.03197
G1 X70.937 Y67.969 E5.05947
G1 X71.018 Y68.102 E5.06201
G1 X71.197 Y68.173 E5.06515
G1 X72.894 Y68.173 E5.09279
G1 X73.059 Y68.085 E5.09584
G1 X73.124 Y67.913 E5.09884
G1 X73.123 Y66.281 E5.12542
G1 X78.059 Y66.281 E5.20582
G1 X78.059 Y67.98 E5.2335
G1 X78.147 Y68.108 E5.23603
G1 X78.318 Y68.173 E5.23901
G1 X80.195 Y68.166 E5.26959
G1 X80.344 Y68.067 E5.2725
G1 X80.395 Y67.913 E5.27514
G1 X80.396 Y66.281 E5.30172
G1 X85.719 Y66.281 E5.38843
G1 X85.719 Y74.545 E5.52304
G1 X83.974 Y74.545 E5.55146
G1 X83.918 Y74.579 E5.55253
G1 X83.785 Y75.061 F6000
G1 E4.05253 F1200
G92 E0
M204 S1000
G1 X84.29 Y78.855 F6000
G1 E1.5 F1200
M204 S500
;TYPE:Internal infill
;WIDTH:0.5625
G1 X84.29 Y78.217 E1.51039
G1 X83.518 Y78.138 E1.52303
G1 X83.181 Y77.987 E1.52905
G1 X82.96 Y77.833 E1.53344
G1 X82.638 Y77.481 E1.54121
G1 X82.399 Y76.949 E1.55071
G1 X75.058 Y84.29 E1.71982
G1 X76.942 Y84.29 E1.75051
G1 X67.71 Y75.058 E1.96318
G1 X67.71 Y76.942 E1.99387
G1 X76.645 Y68.007 E2.1997
G1 X76.63 Y67.71 E2.20454
G1 X75.058 Y67.71 E2.23015
G1 X82.349 Y75.001 E2.39811
G1 X82.351 Y74.664 E2.4036
G1 X82.449 Y74.22 E2.41101
G1 X82.821 Y73.629 E2.42239
G1 X83.177 Y73.349 E2.42977
G1 X83.515 Y73.196 E2.43581
G1 X84.29 Y73.116 E2.4485
G1 X84.29 Y69.594 E2.50587
G1 X82.406 Y67.71 E2.54927
G1 X84.29 Y67.71 E2.57996
G1 X67.71 Y84.29 E2.96191
G1 X67.71 Y82.406 E2.9926
G1 X69.594 Y84.29 E3.036
G1 X72.711 Y84.29 E3.08677
G1 E1.58677
G92 E0
M204 S1000
G1 X79.289 Y84.29 F6000
G1 E1.5 F1200
M204 S500
G1 X82.406 Y84.29 E1.55077
G1 X84.29 Y82.406 E1.59417
G1 X84.29 Y84.29 E1.62486
G1 X67.71 Y67.71 E2.00681
G1 X69.508 Y67.71 E2.0361
G1 X69.508 Y67.796 E2.0375
G1 X67.71 Y69.594 E2.07892
G1 X67.71 Y72.711 E2.12969
;LAYER_CHANGE
;Z:4.3
;HEIGHT:0.2
G1 E.62969 F1200
G92 E0
G1 Z4.3 F6000
M204 S1000
G1 X83.128 Y73.896
G1 E1.5 F1200
M204 S500
;TYPE:Perimeter
;WIDTH:0.562499
G1 F900
G1 X82.982 Y74.04 E1.50334
G1 X82.804 Y74.383 E1.50963
G1 X82.735 Y74.802 E1.51655
G1 X82.734 Y76.525 E1.54462
G1 X82.772 Y76.838 E1.54976
G1 X82.96 Y77.258 E1.55726
G1 X83.208 Y77.529 E1.56324
G1 X83.635 Y77.762 E1.57116
G1 X84.033 Y77.825 E1.57772
G1 X84.68 Y77.825 E1.58826
G1 X84.68 Y84.68 E1.69992
G1 X67.32 Y84.68 E1.9827
G1 X67.32 Y67.32 E2.26548
G1 X70.009 Y67.32 E2.30928
G1 X70.009 Y67.914 E2.31896
G1 X70.069 Y68.304 E2.32539
G1 X70.217 Y68.618 E2.33104
G1 X70.424 Y68.865 E2.33629
G1 X70.658 Y69.038 E2.34103
G1 X70.893 Y69.144 E2.34523
G1 X71.308 Y69.212 E2.35208
G1 X73.103 Y69.212 E2.38132
G1 X73.46 Y69.121 E2.38732
G1 X73.834 Y68.894 E2.39445
G1 X74.096 Y68.583 E2.40107
G1 X74.218 Y68.316 E2.40585
G1 X74.282 Y67.913 E2.4125
G1 X74.281 Y67.32 E2.42216
G1 X76.898 Y67.32 E2.46479
G1 X76.898 Y67.913 E2.47445
G1 X76.962 Y68.316 E2.4811
G1 X77.083 Y68.583 E2.48588
G1 X77.22 Y68.77 E2.48966
G1 X77.451 Y68.977 E2.49471
G1 X77.76 Y69.137 E2.50038
G1 X78.197 Y69.212 E2.5076
G1 X80.156 Y69.204 E2.53951
G1 X80.487 Y69.121 E2.54507
G1 X80.863 Y68.892 E2.55224
G1 X81.054 Y68.685 E2.55683
G1 X81.204 Y68.422 E2.56176
G1 X81.308 Y67.914 E2.57021
G1 X81.308 Y67.32 E2.57989
G1 X84.68 Y67.32 E2.63482
G1 X84.68 Y73.504 E2.73555
G1 X84.034 Y73.503 E2.74607
G1 X83.629 Y73.568 E2.75275
G1 X83.283 Y73.742 E2.75906
G1 X83.181 Y73.843 E2.7614
M204 S1000
G1 X83.486 Y74.252 F6000
M204 S500
G1 F900
G1 X83.465 Y74.269 E2.76184
G1 X83.296 Y74.551 E2.7672
G1 X83.254 Y74.802 E2.77135
G1 X83.254 Y75.948 E2.79002
G1 X83.255 Y76.564 E2.80005
G1 X83.339 Y76.88 E2.80538
G1 X83.538 Y77.128 E2.81056
G1 X83.794 Y77.268 E2.81531
G1 X84.033 Y77.305 E2.81925
G1 X85.199 Y77.306 E2.83824
G1 X85.199 Y85.199 E2.96681
G1 X66.801 Y85.199 E3.2665
G1 X66.801 Y66.801 E3.56619
G1 X70.528 Y66.801 E3.6269
G1 X70.529 Y67.914 E3.64503
G1 X70.565 Y68.148 E3.64889
G1 X70.653 Y68.336 E3.65227
G1 X70.778 Y68.484 E3.65543
G1 X71.059 Y68.652 E3.66076
G1 X71.308 Y68.693 E3.66487
G1 X72.983 Y68.693 E3.69215
G1 X73.299 Y68.626 E3.69741
G1 X73.569 Y68.427 E3.70287
G1 X73.724 Y68.155 E3.70797
G1 X73.762 Y67.913 E3.71196
G1 X73.762 Y66.801 E3.73007
G1 X77.418 Y66.801 E3.78962
G1 X77.417 Y67.913 E3.80773
G1 X77.456 Y68.155 E3.81172
G1 X77.611 Y68.427 E3.81682
G1 X77.881 Y68.626 E3.82228
G1 X78.197 Y68.693 E3.82754
G1 X80.009 Y68.693 E3.85706
G1 X80.296 Y68.638 E3.86182
G1 X80.521 Y68.501 E3.86611
G1 X80.726 Y68.218 E3.8718
G1 X80.788 Y67.914 E3.87685
G1 X80.789 Y66.801 E3.89498
G1 X85.199 Y66.801 E3.96682
G1 X85.199 Y74.023 E4.08446
G1 X84.034 Y74.023 E4.10344
G1 X83.791 Y74.062 E4.10745
G1 X83.634 Y74.133 E4.11026
G1 X83.545 Y74.205 E4.11212
M204 S1000
G1 X83.855 Y74.618 F6000
M204 S500
;TYPE:External perimeter
G1 F720
G1 X83.844 Y74.625 E4.11233
G1 X83.774 Y74.802 E4.11543
G1 X83.774 Y75.948 E4.1341
G1 X83.776 Y76.563 E4.14412
G1 X83.868 Y76.727 E4.14718
G1 X84.033 Y76.786 E4.15003
G1 X85.719 Y76.786 E4.17749
G1 X85.719 Y85.719 E4.323
G1 X66.281 Y85.719 E4.63963
G1 X66.281 Y66.281 E4.95626
G1 X71.047 Y66.281 E5.03389
G1 X71.048 Y67.972 E5.06144
G1 X71.131 Y68.104 E5.06398
G1 X71.308 Y68.173 E5.06707
G1 X73.011 Y68.173 E5.09481
G1 X73.178 Y68.085 E5.09788
G1 X73.243 Y67.913 E5.10088
G1 X73.242 Y66.281 E5.12746
G1 X77.938 Y66.281 E5.20395
G1 X77.937 Y67.974 E5.23153
G1 X78.026 Y68.109 E5.23416
G1 X78.197 Y68.173 E5.23713
G1 X80.071 Y68.166 E5.26766
G1 X80.218 Y68.068 E5.27054
G1 X80.269 Y67.913 E5.2732
G1 X80.27 Y66.281 E5.29978
G1 X85.719 Y66.281 E5.38854
G1 X85.719 Y74.543 E5.52312
G1 X83.973 Y74.542 E5.55156
G1 X83.918 Y74.577 E5.55262
G1 X83.785 Y75.059 F6000
G1 E4.05262 F1200
G92 E0
M204 S1000
G1 X84.29 Y78.854 F6000
G1 E1.5 F1200
M204 S500
;TYPE:Internal infill
;WIDTH:0.5625
G1 X84.29 Y78.215 E1.51041
G1 X83.518 Y78.135 E1.52305
G1 X83.181 Y77.984 E1.52907
G1 X82.96 Y77.831 E1.53345
G1 X82.638 Y77.479 E1.54122
G1 X82.399 Y76.949 E1.55069
G1 X75.058 Y84.29 E1.7198
G1 X76.942 Y84.29 E1.75049
G1 X67.71 Y75.058 E1.96316
G1 X67.71 Y76.942 E1.99385
G1 X76.538 Y68.114 E2.19722
G1 X76.508 Y67.71 E2.20382
G1 X75.058 Y67.71 E2.22744
G1 X82.349 Y75.001 E2.3954
G1 X82.434 Y74.26 E2.40755
G1 X82.8 Y73.649 E2.41915
G1 X83.17 Y73.351 E2.42689
G1 X83.51 Y73.196 E2.43298
G1 X84.29 Y73.114 E2.44576
G1 X84.29 Y69.594 E2.5031
G1 X82.406 Y67.71 E2.5465
G1 X84.29 Y67.71 E2.57719
G1 X67.71 Y84.29 E2.95914
G1 X67.71 Y82.406 E2.98983
G1 X69.594 Y84.29 E3.03323
G1 X72.711 Y84.29 E3.084
G1 E1.584
G92 E0
M204 S1000
G1 X79.289 Y84.29 F6000
G1 E1.5 F1200
M204 S500
G1 X82.406 Y84.29 E1.55077
G1 X84.29 Y82.406 E1.59417
G1 X84.29 Y84.29 E1.62486
G1 X67.71 Y67.71 E2.00681
G1 X67.71 Y69.594 E2.0375
G1 X69.619 Y67.71 E2.08119
G1 X69.696 Y68.421 E2.09284
G1 X69.888 Y68.83 E2.1002
G1 X70.158 Y69.151 E2.10703
G1 X70.462 Y69.375 E2.11318
G1 X70.767 Y69.514 E2.11864
G1 X71.55 Y69.6 E2.13147
M106 S22.95
;LAYER_CHANGE
;Z:4.5
;HEIGHT:0.2
G1 E.63147 F1200
G92 E0
G1 Z4.5 F6000
M204 S1000
G1 X83.129 Y73.894
G1 E1.5 F1200
M204 S500
;TYPE:Perimeter
;WIDTH:0.562499
G1 F900
G1 X82.965 Y74.063 E1.50384
G1 X82.795 Y74.411 E1.51015
G1 X82.735 Y74.8 E1.51656
G1 X82.734 Y76.523 E1.54463
G1 X82.773 Y76.836 E1.54977
G1 X82.961 Y77.256 E1.55727
G1 X83.208 Y77.527 E1.56324
G1 X83.635 Y77.76 E1.57116
G1 X84.033 Y77.823 E1.57772
G1 X84.68 Y77.823 E1.58826
G1 X84.68 Y84.68 E1.69996
G1 X67.32 Y84.68 E1.98274
G1 X67.32 Y67.32 E2.26552
G1 X70.12 Y67.32 E2.31113
G1 X70.12 Y67.914 E2.32081
G1 X70.187 Y68.325 E2.32759
G1 X70.338 Y68.633 E2.33318
G1 X70.544 Y68.874 E2.33834
G1 X70.776 Y69.042 E2.34301
G1 X71.008 Y69.146 E2.34715
G1 X71.419 Y69.212 E2.35393
G1 X73.214 Y69.212 E2.38317
G1 X73.56 Y69.129 E2.38897
G1 X73.946 Y68.9 E2.39628
G1 X74.228 Y68.56 E2.40348
G1 X74.353 Y68.26 E2.40877
G1 X74.4 Y67.913 E2.41447
G1 X74.4 Y67.32 E2.42413
G1 X76.776 Y67.32 E2.46283
G1 X76.776 Y67.913 E2.47249
G1 X76.823 Y68.26 E2.47819
G1 X76.948 Y68.56 E2.48348
G1 X77.095 Y68.766 E2.4876
G1 X77.342 Y68.986 E2.49299
G1 X77.658 Y69.144 E2.49874
G1 X78.075 Y69.212 E2.50562
G1 X79.883 Y69.212 E2.53507
G1 X80.203 Y69.172 E2.54032
G1 X80.553 Y69.026 E2.5465
G1 X80.927 Y68.686 E2.55473
G1 X81.07 Y68.441 E2.55935
G1 X81.181 Y67.914 E2.56812
G1 X81.182 Y67.32 E2.5778
G1 X84.68 Y67.32 E2.63478
G1 X84.68 Y73.501 E2.73546
G1 X84.035 Y73.501 E2.74597
G1 X83.625 Y73.567 E2.75273
G1 X83.269 Y73.75 E2.75925
G1 X83.181 Y73.841 E2.76131
M204 S1000
G1 X83.488 Y74.251 F6000
M204 S500
G1 F900
G1 X83.456 Y74.277 E2.76198
G1 X83.291 Y74.567 E2.76741
G1 X83.255 Y74.8 E2.77125
G1 X83.254 Y76.54 E2.79959
G1 X83.339 Y76.878 E2.80527
G1 X83.538 Y77.126 E2.81045
G1 X83.794 Y77.266 E2.8152
G1 X84.033 Y77.303 E2.81914
G1 X85.199 Y77.304 E2.83813
G1 X85.199 Y85.199 E2.96673
G1 X66.801 Y85.199 E3.26642
G1 X66.801 Y66.801 E3.56611
G1 X70.639 Y66.801 E3.62863
G1 X70.64 Y67.914 E3.64676
G1 X70.68 Y68.16 E3.65082
G1 X70.77 Y68.345 E3.65417
G1 X70.894 Y68.49 E3.65728
G1 X71.173 Y68.653 E3.66254
G1 X71.419 Y68.693 E3.6666
G1 X73.173 Y68.693 E3.69517
G1 X73.442 Y68.614 E3.69974
G1 X73.689 Y68.425 E3.70481
G1 X73.852 Y68.121 E3.71043
G1 X73.881 Y67.913 E3.71385
G1 X73.88 Y66.801 E3.73196
G1 X77.296 Y66.801 E3.7876
G1 X77.295 Y68.053 E3.80799
G1 X77.399 Y68.301 E3.81237
G1 X77.568 Y68.505 E3.81669
G1 X77.77 Y68.631 E3.82057
G1 X78.075 Y68.693 E3.82564
G1 X79.883 Y68.693 E3.85509
G1 X80.181 Y68.633 E3.86004
G1 X80.402 Y68.494 E3.86429
G1 X80.595 Y68.23 E3.86962
G1 X80.662 Y67.914 E3.87488
G1 X80.662 Y66.801 E3.89301
G1 X85.199 Y66.801 E3.96691
G1 X85.199 Y74.021 E4.08452
G1 X84.034 Y74.021 E4.1035
G1 X83.789 Y74.06 E4.10754
G1 X83.632 Y74.133 E4.11036
G1 X83.546 Y74.204 E4.11218
M204 S1000
G1 X83.856 Y74.617 F6000
M204 S500
;TYPE:External perimeter
G1 F720
G1 X83.842 Y74.626 E4.11245
G1 X83.774 Y74.8 E4.11549
G1 X83.774 Y75.988 E4.13484
G1 X83.776 Y76.561 E4.14417
G1 X83.868 Y76.724 E4.14722
G1 X84.033 Y76.784 E4.15008
G1 X85.719 Y76.784 E4.17754
G1 X85.719 Y85.719 E4.32308
G1 X66.281 Y85.719 E4.63971
G1 X66.281 Y66.281 E4.95634
G1 X71.158 Y66.281 E5.03578
G1 X71.159 Y67.975 E5.06337
G1 X71.244 Y68.105 E5.0659
G1 X71.419 Y68.173 E5.06896
G1 X73.128 Y68.173 E5.0968
G1 X73.297 Y68.084 E5.09991
G1 X73.361 Y67.913 E5.10288
G1 X73.36 Y66.281 E5.12946
G1 X77.816 Y66.281 E5.20205
G1 X77.815 Y67.968 E5.22953
G1 X77.906 Y68.111 E5.23229
G1 X78.075 Y68.173 E5.23522
G1 X79.947 Y68.165 E5.26571
G1 X80.091 Y68.068 E5.26854
G1 X80.142 Y67.914 E5.27118
G1 X80.143 Y66.281 E5.29778
G1 X85.719 Y66.281 E5.38861
G1 X85.719 Y74.541 E5.52316
G1 X83.973 Y74.54 E5.5516
G1 X83.918 Y74.576 E5.55267
G1 X83.785 Y75.058 F6000
G1 E4.05267 F1200
G92 E0
M204 S1000
G1 X71.55 Y69.602 F6000
G1 E1.5 F1200
M204 S500
;TYPE:Internal infill
;WIDTH:0.5625
G1 X70.884 Y69.516 E1.51094
G1 X70.281 Y69.162 E1.52233
G1 X70.012 Y68.849 E1.52905
G1 X69.816 Y68.447 E1.53634
G1 X69.73 Y67.71 E1.54843
G1 X69.594 Y67.71 E1.55065
G1 X67.71 Y69.594 E1.59405
G1 X67.71 Y67.71 E1.62474
G1 X84.29 Y84.29 E2.00669
G1 X82.406 Y84.29 E2.03738
G1 X84.29 Y82.406 E2.08078
G1 X84.29 Y78.213 E2.14908
G1 X83.518 Y78.133 E2.16172
G1 X83.181 Y77.982 E2.16774
G1 X82.96 Y77.828 E2.17213
G1 X82.639 Y77.476 E2.17989
G1 X82.4 Y76.948 E2.18933
G1 X75.058 Y84.29 E2.35846
G1 X76.942 Y84.29 E2.38915
G1 X67.71 Y75.058 E2.60182
G1 X67.71 Y76.942 E2.63251
G1 X76.427 Y68.225 E2.83332
G1 X76.386 Y67.71 E2.84174
G1 X75.058 Y67.71 E2.86337
G1 X82.348 Y75 E3.03131
G1 X82.422 Y74.296 E3.04284
G1 X82.541 Y74.009 E3.0479
G1 X82.779 Y73.669 E3.05466
G1 X83.164 Y73.352 E3.06278
G1 X83.505 Y73.195 E3.0689
G1 X84.29 Y73.112 E3.08176
G1 X84.29 Y69.594 E3.13907
G1 X82.406 Y67.71 E3.18247
G1 X84.29 Y67.71 E3.21316
G1 X67.71 Y84.29 E3.59511
G1 X67.71 Y82.406 E3.6258
G1 X69.594 Y84.29 E3.6692
G1 X72.711 Y84.29 E3.71997
M106 S20.4
;LAYER_CHANGE
;Z:4.7
;HEIGHT:0.2
G1 E2.21997 F1200
G92 E0
G1 Z4.7 F6000
M204 S1000
G1 X83.13 Y73.892
G1 E1.5 F1200
M204 S500
;TYPE:Perimeter
;WIDTH:0.562499
G1 F900
G1 X82.948 Y74.086 E1.50433
G1 X82.786 Y74.438 E1.51064
G1 X82.736 Y74.797 E1.51654
G1 X82.735 Y76.521 E1.54462
G1 X82.773 Y76.834 E1.54976
G1 X82.961 Y77.254 E1.55726
G1 X83.208 Y77.525 E1.56323
G1 X83.635 Y77.758 E1.57115
G1 X84.033 Y77.821 E1.57771
G1 X84.68 Y77.821 E1.58825
G1 X84.68 Y84.68 E1.69998
G1 X67.32 Y84.68 E1.98276
G1 X67.32 Y67.32 E2.26554
G1 X70.231 Y67.32 E2.31296
G1 X70.231 Y67.914 E2.32264
G1 X70.305 Y68.346 E2.32978
G1 X70.458 Y68.647 E2.33528
G1 X70.664 Y68.882 E2.34037
G1 X70.894 Y69.046 E2.34497
G1 X71.124 Y69.147 E2.34906
G1 X71.53 Y69.213 E2.35576
G1 X73.329 Y69.213 E2.38506
G1 X73.708 Y69.117 E2.39143
G1 X74.057 Y68.907 E2.39806
G1 X74.36 Y68.536 E2.40586
G1 X74.487 Y68.199 E2.41173
G1 X74.519 Y67.913 E2.41642
G1 X74.518 Y67.32 E2.42608
G1 X76.654 Y67.32 E2.46087
G1 X76.686 Y68.199 E2.4752
G1 X76.813 Y68.536 E2.48107
G1 X76.971 Y68.764 E2.48559
G1 X77.234 Y68.996 E2.4913
G1 X77.514 Y69.136 E2.4964
G1 X77.953 Y69.213 E2.50366
G1 X79.756 Y69.213 E2.53303
G1 X80.088 Y69.169 E2.53849
G1 X80.451 Y69.011 E2.54494
G1 X80.8 Y68.687 E2.5527
G1 X80.935 Y68.459 E2.55702
G1 X81.055 Y67.914 E2.56611
G1 X81.055 Y67.32 E2.57579
G1 X84.68 Y67.32 E2.63484
G1 X84.68 Y73.499 E2.73549
G1 X84.035 Y73.499 E2.746
G1 X83.622 Y73.566 E2.75282
G1 X83.255 Y73.759 E2.75957
G1 X83.181 Y73.838 E2.76133
M204 S1000
G1 X83.49 Y74.255 F6000
M204 S500
G1 F900
G1 X83.336 Y74.453 E2.76542
G1 X83.255 Y74.798 E2.77119
G1 X83.255 Y76.026 E2.79119
G1 X83.255 Y76.54 E2.79956
G1 X83.339 Y76.875 E2.80519
G1 X83.538 Y77.123 E2.81037
G1 X83.795 Y77.263 E2.81514
G1 X84.033 Y77.301 E2.81907
G1 X85.199 Y77.302 E2.83806
G1 X85.199 Y85.199 E2.9667
G1 X66.801 Y85.199 E3.26639
G1 X66.801 Y66.801 E3.56608
G1 X70.75 Y66.801 E3.63041
G1 X70.751 Y67.914 E3.64854
G1 X70.795 Y68.173 E3.65282
G1 X71.011 Y68.495 E3.65914
G1 X71.286 Y68.654 E3.66431
G1 X71.53 Y68.693 E3.66834
G1 X73.22 Y68.693 E3.69587
G1 X73.438 Y68.662 E3.69946
G1 X73.722 Y68.509 E3.70471
G1 X73.904 Y68.287 E3.70939
G1 X73.999 Y67.913 E3.71568
G1 X73.999 Y66.801 E3.73379
G1 X77.174 Y66.801 E3.78551
G1 X77.173 Y68.047 E3.80581
G1 X77.364 Y68.424 E3.81269
G1 X77.624 Y68.62 E3.81799
G1 X77.953 Y68.693 E3.82348
G1 X79.756 Y68.693 E3.85285
G1 X80.066 Y68.629 E3.85801
G1 X80.282 Y68.488 E3.86221
G1 X80.463 Y68.241 E3.8672
G1 X80.535 Y67.914 E3.87265
G1 X80.536 Y66.801 E3.89078
G1 X85.199 Y66.801 E3.96674
G1 X85.199 Y74.019 E4.08432
G1 X84.035 Y74.019 E4.10328
G1 X83.787 Y74.059 E4.10737
G1 X83.538 Y74.199 E4.11202
M204 S1000
G1 X83.856 Y74.615 F6000
M204 S500
;TYPE:External perimeter
G1 F720
G1 X83.839 Y74.627 E4.11236
G1 X83.775 Y74.798 E4.11533
G1 X83.774 Y76.027 E4.13535
G1 X83.777 Y76.558 E4.144
G1 X83.869 Y76.722 E4.14706
G1 X84.034 Y76.781 E4.14991
G1 X85.719 Y76.782 E4.17736
G1 X85.719 Y85.719 E4.32294
G1 X66.281 Y85.719 E4.63957
G1 X66.281 Y66.281 E4.9562
G1 X71.269 Y66.281 E5.03745
G1 X71.27 Y67.978 E5.06509
G1 X71.357 Y68.107 E5.06762
G1 X71.53 Y68.173 E5.07064
G1 X73.245 Y68.173 E5.09858
G1 X73.416 Y68.084 E5.10172
G1 X73.48 Y67.913 E5.10469
G1 X73.479 Y66.281 E5.13127
G1 X77.694 Y66.281 E5.19993
G1 X77.693 Y67.96 E5.22728
G1 X77.785 Y68.112 E5.23017
G1 X77.953 Y68.173 E5.23308
G1 X79.756 Y68.173 E5.26245
G1 X79.932 Y68.105 E5.26552
G1 X80.016 Y67.914 E5.26892
G1 X80.017 Y66.281 E5.29552
G1 X85.719 Y66.281 E5.3884
G1 X85.719 Y74.539 E5.52292
G1 X83.972 Y74.538 E5.55138
G1 X83.919 Y74.574 E5.55242
G1 X83.785 Y75.056 F6000
G1 E4.05242 F1200
G92 E0
M204 S1000
G1 X84.29 Y78.853 F6000
G1 E1.5 F1200
M204 S500
;TYPE:Internal infill
;WIDTH:0.5625
G1 X84.29 Y78.21 E1.51047
G1 X83.518 Y78.131 E1.52311
G1 X83.181 Y77.98 E1.52913
G1 X82.961 Y77.826 E1.5335
G1 X82.639 Y77.474 E1.54127
G1 X82.401 Y76.947 E1.55069
G1 X75.058 Y84.29 E1.71985
G1 X76.942 Y84.29 E1.75054
G1 X67.71 Y75.058 E1.96321
G1 X67.71 Y76.942 E1.9939
G1 X76.321 Y68.331 E2.19227
G1 X76.264 Y67.71 E2.20243
G1 X75.058 Y67.71 E2.22207
G1 X82.355 Y75.007 E2.39017
G1 X82.412 Y74.329 E2.40125
G1 X82.519 Y74.052 E2.40609
G1 X82.763 Y73.686 E2.41326
G1 X83.159 Y73.353 E2.42169
G1 X83.5 Y73.195 E2.42781
G1 X84.29 Y73.109 E2.44075
G1 X84.29 Y69.594 E2.49801
G1 X82.406 Y67.71 E2.54141
G1 X84.29 Y67.71 E2.5721
G1 X67.71 Y84.29 E2.95405
G1 X67.71 Y82.406 E2.98474
G1 X69.594 Y84.29 E3.02814
G1 X72.711 Y84.29 E3.07891
G1 E1.57891
G92 E0
M204 S1000
G1 X79.289 Y84.29 F6000
G1 E1.5 F1200
M204 S500
G1 X82.406 Y84.29 E1.55077
G1 X84.29 Y82.406 E1.59417
G1 X84.29 Y84.29 E1.62486
G1 X67.71 Y67.71 E2.00681
G1 X67.71 Y69.594 E2.0375
G1 X69.594 Y67.71 E2.0809
G1 X69.841 Y67.71 E2.08492
G1 X69.935 Y68.473 E2.09744
G1 X70.135 Y68.867 E2.10464
G1 X70.404 Y69.173 E2.11128
G1 X71.001 Y69.518 E2.12251
G1 X71.55 Y69.602 E2.13156
M106 S22.95
;LAYER_CHANGE
;Z:4.9
;HEIGHT:0.2
G1 E.63156 F1200
G92 E0
G1 Z4.9 F6000
M204 S1000
G1 X83.13 Y73.89
G1 E1.5 F1200
M204 S500
;TYPE:Perimeter
;WIDTH:0.562499
G1 F900
G1 X82.932 Y74.109 E1.50481
G1 X82.779 Y74.465 E1.51112
G1 X82.736 Y74.795 E1.51654
G1 X82.735 Y76.519 E1.54462
G1 X82.773 Y76.832 E1.54976
G1 X82.961 Y77.252 E1.55726
G1 X83.208 Y77.522 E1.56322
G1 X83.635 Y77.756 E1.57115
G1 X84.033 Y77.818 E1.57771
G1 X84.68 Y77.819 E1.58825
G1 X84.68 Y84.68 E1.70001
G1 X67.32 Y84.68 E1.98279
G1 X67.32 Y67.32 E2.26557
G1 X70.342 Y67.32 E2.3148
G1 X70.342 Y67.914 E2.32448
G1 X70.423 Y68.365 E2.33194
G1 X70.578 Y68.66 E2.33737
G1 X70.784 Y68.89 E2.3424
G1 X71.012 Y69.05 E2.34694
G1 X71.239 Y69.149 E2.35097
G1 X71.641 Y69.213 E2.3576
G1 X73.338 Y69.213 E2.38524
G1 X73.684 Y69.166 E2.39093
G1 X74.041 Y69.006 E2.3973
G1 X74.322 Y68.762 E2.40336
G1 X74.492 Y68.511 E2.4083
G1 X74.618 Y68.134 E2.41477
G1 X74.637 Y67.913 E2.41838
G1 X74.637 Y67.32 E2.42804
G1 X76.532 Y67.32 E2.45891
G1 X76.551 Y68.134 E2.47217
G1 X76.678 Y68.511 E2.47865
G1 X76.848 Y68.762 E2.48359
G1 X77.128 Y69.006 E2.48964
G1 X77.412 Y69.143 E2.49478
G1 X77.831 Y69.213 E2.5017
G1 X79.792 Y69.202 E2.53364
G1 X80.232 Y69.065 E2.54115
G1 X80.598 Y68.78 E2.54871
G1 X80.8 Y68.477 E2.55464
G1 X80.929 Y67.914 E2.56405
G1 X80.929 Y67.32 E2.57373
G1 X84.68 Y67.32 E2.63483
G1 X84.68 Y73.497 E2.73545
G1 X84.035 Y73.497 E2.74596
G1 X83.618 Y73.566 E2.75284
G1 X83.242 Y73.767 E2.75978
G1 X83.18 Y73.835 E2.76128
M204 S1000
G1 X83.49 Y74.253 F6000
M204 S500
G1 F900
G1 X83.327 Y74.469 E2.76569
G1 X83.255 Y74.795 E2.77113
G1 X83.255 Y76.54 E2.79955
G1 X83.34 Y76.873 E2.80515
G1 X83.539 Y77.121 E2.81033
G1 X83.795 Y77.261 E2.81508
G1 X84.034 Y77.299 E2.81902
G1 X85.199 Y77.299 E2.838
G1 X85.199 Y85.199 E2.96669
G1 X66.801 Y85.199 E3.26638
G1 X66.801 Y66.801 E3.56607
G1 X70.861 Y66.801 E3.6322
G1 X70.862 Y67.914 E3.65033
G1 X70.91 Y68.185 E3.65481
G1 X71.127 Y68.5 E3.66104
G1 X71.4 Y68.655 E3.66615
G1 X71.641 Y68.693 E3.67012
G1 X73.338 Y68.693 E3.69776
G1 X73.545 Y68.665 E3.70116
G1 X73.835 Y68.514 E3.70649
G1 X74.03 Y68.272 E3.71155
G1 X74.118 Y67.913 E3.71757
G1 X74.117 Y66.801 E3.73568
G1 X77.052 Y66.801 E3.78349
G1 X77.052 Y67.913 E3.8016
G1 X77.139 Y68.272 E3.80762
G1 X77.241 Y68.423 E3.81059
G1 X77.514 Y68.626 E3.81613
G1 X77.831 Y68.693 E3.82141
G1 X79.63 Y68.693 E3.85071
G1 X79.95 Y68.624 E3.85604
G1 X80.211 Y68.433 E3.86131
G1 X80.332 Y68.251 E3.86487
G1 X80.409 Y67.914 E3.8705
G1 X80.41 Y66.801 E3.88863
G1 X85.199 Y66.801 E3.96664
G1 X85.199 Y74.017 E4.08418
G1 X84.035 Y74.016 E4.10314
G1 X83.785 Y74.058 E4.10727
G1 X83.54 Y74.198 E4.11187
M204 S1000
G1 X83.857 Y74.614 F6000
M204 S500
;TYPE:External perimeter
G1 F720
G1 X83.836 Y74.628 E4.11228
G1 X83.775 Y74.796 E4.11519
G1 X83.775 Y75.429 E4.1255
G1 X83.777 Y76.556 E4.14386
G1 X83.869 Y76.72 E4.14692
G1 X84.034 Y76.779 E4.14977
G1 X85.719 Y76.78 E4.17722
G1 X85.719 Y85.719 E4.32283
G1 X66.281 Y85.719 E4.63946
G1 X66.281 Y66.281 E4.95609
G1 X71.38 Y66.281 E5.03915
G1 X71.381 Y67.981 E5.06684
G1 X71.47 Y68.109 E5.06938
G1 X71.641 Y68.174 E5.07236
G1 X73.362 Y68.174 E5.10039
G1 X73.535 Y68.083 E5.10357
G1 X73.598 Y67.914 E5.10651
G1 X73.597 Y66.281 E5.13311
G1 X77.572 Y66.281 E5.19786
G1 X77.571 Y67.951 E5.22506
G1 X77.665 Y68.114 E5.22813
G1 X77.831 Y68.174 E5.23101
G1 X79.662 Y68.171 E5.26084
G1 X79.823 Y68.087 E5.2638
G1 X79.889 Y67.914 E5.26682
G1 X79.89 Y66.281 E5.29342
G1 X85.719 Y66.281 E5.38837
G1 X85.719 Y74.537 E5.52285
G1 X83.972 Y74.536 E5.55131
G1 X83.919 Y74.572 E5.55235
G1 X83.786 Y75.054 F6000
M204 S1000
G1 X84.29 Y72.711
M204 S500
;TYPE:Internal infill
;WIDTH:0.5625
G1 F1200
G1 X84.29 Y69.594 E5.60312
G1 X82.406 Y67.71 E5.64652
G1 X84.29 Y67.71 E5.67721
G1 X67.71 Y84.29 E6.05916
G1 X67.71 Y82.406 E6.08985
G1 X69.594 Y84.29 E6.13325
G1 X72.711 Y84.29 E6.18402
G1 E4.68402
G92 E0
M204 S1000
G1 X79.289 Y84.29 F6000
G1 E1.5 F1200
M204 S500
G1 X82.406 Y84.29 E1.55077
G1 X84.29 Y82.406 E1.59417
G1 X84.29 Y84.29 E1.62486
G1 X67.71 Y67.71 E2.00681
G1 X69.594 Y67.71 E2.0375
G1 X67.71 Y69.594 E2.0809
G1 X67.71 Y72.711 E2.13167
G1 E.63167
G92 E0
M204 S1000
G1 X73.104 Y69.596 F6000
G1 E1.5 F1200
M204 S500
G1 X73.831 Y69.53 E1.51189
G1 X74.414 Y69.216 E1.52268
G1 X74.84 Y68.689 E1.53372
G1 X75.002 Y68.205 E1.54203
G1 X75.058 Y67.71 E1.55014
G1 X82.353 Y75.005 E1.71819
G1 X82.345 Y76.526 E1.74297
G1 X82.402 Y76.946 E1.74987
G1 X75.058 Y84.29 E1.91905
G1 X76.942 Y84.29 E1.94974
G1 X67.71 Y75.058 E2.16241
G1 X67.71 Y76.942 E2.1931
G1 X76.237 Y68.415 E2.38953
;LAYER_CHANGE
;Z:5.1
;HEIGHT:0.2
G1 E.88953 F1200
G92 E0
G1 Z5.1 F6000
M204 S1000
G1 X83.13 Y73.888
G1 E1.5 F1200
M204 S500
;TYPE:Perimeter
;WIDTH:0.562499
G1 F900
G1 X82.917 Y74.132 E1.50528
G1 X82.772 Y74.492 E1.5116
G1 X82.736 Y74.793 E1.51654
G1 X82.735 Y76.517 E1.54462
G1 X82.774 Y76.83 E1.54976
G1 X82.961 Y77.25 E1.55725
G1 X83.208 Y77.52 E1.56321
G1 X83.635 Y77.753 E1.57113
G1 X84.034 Y77.816 E1.57771
G1 X84.68 Y77.817 E1.58823
G1 X84.68 Y84.68 E1.70002
G1 X67.32 Y84.68 E1.9828
G1 X67.32 Y67.32 E2.26558
G1 X70.453 Y67.32 E2.31661
G1 X70.453 Y67.915 E2.3263
G1 X70.541 Y68.384 E2.33407
G1 X70.698 Y68.673 E2.33943
G1 X70.904 Y68.898 E2.3444
G1 X71.13 Y69.054 E2.34887
G1 X71.355 Y69.151 E2.35286
G1 X71.752 Y69.213 E2.35941
G1 X73.457 Y69.213 E2.38718
G1 X73.784 Y69.171 E2.39255
G1 X74.142 Y69.017 E2.3989
G1 X74.44 Y68.762 E2.40529
G1 X74.623 Y68.485 E2.4107
G1 X74.747 Y68.065 E2.41783
G1 X74.755 Y67.32 E2.42997
G1 X76.411 Y67.32 E2.45695
G1 X76.419 Y68.065 E2.46909
G1 X76.543 Y68.485 E2.47622
G1 X76.726 Y68.762 E2.48163
G1 X77.023 Y69.017 E2.48801
G1 X77.311 Y69.15 E2.49318
G1 X77.709 Y69.213 E2.49974
G1 X79.67 Y69.202 E2.53168
G1 X80.12 Y69.057 E2.53938
G1 X80.476 Y68.775 E2.54678
G1 X80.666 Y68.494 E2.55231
G1 X80.802 Y67.915 E2.562
G1 X80.802 Y67.32 E2.57169
G1 X84.68 Y67.32 E2.63486
G1 X84.68 Y73.495 E2.73545
G1 X84.036 Y73.495 E2.74594
G1 X83.614 Y73.565 E2.75291
G1 X83.229 Y73.775 E2.76005
G1 X83.179 Y73.832 E2.76129
M204 S1000
G1 X83.489 Y74.25 F6000
M204 S500
G1 F900
G1 X83.319 Y74.486 E2.76603
G1 X83.256 Y74.793 E2.77114
G1 X83.255 Y76.54 E2.7996
G1 X83.34 Y76.871 E2.80517
G1 X83.539 Y77.119 E2.81035
G1 X83.795 Y77.259 E2.8151
G1 X84.034 Y77.297 E2.81904
G1 X85.199 Y77.297 E2.83802
G1 X85.199 Y85.199 E2.96674
G1 X66.801 Y85.199 E3.26643
G1 X66.801 Y66.801 E3.56612
G1 X70.972 Y66.801 E3.63406
G1 X70.973 Y67.914 E3.65219
G1 X71.025 Y68.196 E3.65686
G1 X71.243 Y68.504 E3.66301
G1 X71.514 Y68.656 E3.66807
G1 X71.752 Y68.693 E3.67199
G1 X73.603 Y68.693 E3.70214
G1 X73.947 Y68.52 E3.70841
G1 X74.157 Y68.257 E3.71389
G1 X74.236 Y67.914 E3.71962
G1 X74.236 Y66.801 E3.73775
G1 X76.93 Y66.801 E3.78163
G1 X76.93 Y67.914 E3.79976
G1 X77.009 Y68.257 E3.80549
G1 X77.119 Y68.423 E3.80873
G1 X77.405 Y68.631 E3.81449
G1 X77.709 Y68.693 E3.81954
G1 X79.503 Y68.693 E3.84876
G1 X79.716 Y68.664 E3.85226
G1 X79.949 Y68.553 E3.85646
G1 X80.201 Y68.262 E3.86273
G1 X80.283 Y67.914 E3.86855
G1 X80.283 Y66.801 E3.88668
G1 X85.199 Y66.801 E3.96676
G1 X85.199 Y74.015 E4.08427
G1 X84.035 Y74.014 E4.10323
G1 X83.782 Y74.056 E4.10741
G1 X83.541 Y74.198 E4.11197
M204 S1000
G1 X83.857 Y74.613 F6000
M204 S500
;TYPE:External perimeter
G1 F720
G1 X83.833 Y74.63 E4.11245
G1 X83.775 Y74.794 E4.11528
G1 X83.775 Y75.445 E4.12588
G1 X83.777 Y76.554 E4.14394
G1 X83.869 Y76.718 E4.147
G1 X84.034 Y76.777 E4.14985
G1 X85.719 Y76.778 E4.1773
G1 X85.719 Y85.719 E4.32294
G1 X66.281 Y85.719 E4.63957
G1 X66.281 Y66.281 E4.9562
G1 X71.491 Y66.281 E5.04107
G1 X71.492 Y67.983 E5.06879
G1 X71.582 Y68.111 E5.07134
G1 X71.752 Y68.174 E5.07429
G1 X73.478 Y68.174 E5.10241
G1 X73.653 Y68.084 E5.10562
G1 X73.717 Y67.914 E5.10858
G1 X73.716 Y66.281 E5.13518
G1 X77.45 Y66.281 E5.196
G1 X77.449 Y67.941 E5.22304
G1 X77.546 Y68.116 E5.2263
G1 X77.709 Y68.174 E5.22912
G1 X79.537 Y68.172 E5.2589
G1 X79.698 Y68.086 E5.26187
G1 X79.763 Y67.914 E5.26487
G1 X79.764 Y66.281 E5.29147
G1 X85.719 Y66.281 E5.38847
G1 X85.719 Y74.535 E5.52292
G1 X83.971 Y74.534 E5.55139
G1 X83.919 Y74.57 E5.55242
G1 X83.786 Y75.052 F6000
M204 S1000
G1 X84.29 Y72.711
M204 S500
;TYPE:Internal infill
;WIDTH:0.5625
G1 F1200
G1 X84.29 Y69.594 E5.60319
G1 X82.406 Y67.71 E5.64659
G1 X84.29 Y67.71 E5.67728
G1 X67.71 Y84.29 E6.05923
G1 X67.71 Y82.406 E6.08992
G1 X69.594 Y84.29 E6.13332
G1 X72.711 Y84.29 E6.18409
G1 E4.68409
G92 E0
M204 S1000
G1 X79.289 Y84.29 F6000
G1 E1.5 F1200
M204 S500
G1 X82.406 Y84.29 E1.55077
G1 X84.29 Y82.406 E1.59417
G1 X84.29 Y84.29 E1.62486
G1 X67.71 Y67.71 E2.00681
G1 X69.594 Y67.71 E2.0375
G1 X67.71 Y69.594 E2.0809
G1 X67.71 Y72.711 E2.13167
G1 E.63167
G92 E0
M204 S1000
G1 X73.108 Y69.598 F6000
G1 E1.5 F1200
M204 S500
G1 X73.924 Y69.537 E1.51333
G1 X74.518 Y69.228 E1.52424
G1 X74.737 Y69.016 E1.52921
G1 X74.976 Y68.655 E1.53626
G1 X75.134 Y68.115 E1.54543
G1 X75.141 Y67.793 E1.55068
G1 X82.351 Y75.003 E1.71677
G1 X82.346 Y76.524 E1.74155
G1 X82.402 Y76.945 E1.74847
G1 X75.058 Y84.29 E1.91766
G1 X76.942 Y84.29 E1.94835
G1 X67.71 Y75.058 E2.16102
G1 X67.71 Y76.942 E2.19171
G1 X76.146 Y68.506 E2.38605
;LAYER_CHANGE
;Z:5.3
;HEIGHT:0.2
G1 E.88605 F1200
G92 E0
G1 Z5.3 F6000
M204 S1000
G1 X83.122 Y73.88
G1 E1.5 F1200
M204 S500
;TYPE:Perimeter
;WIDTH:0.562499
G1 F900
G1 X82.903 Y74.155 E1.50573
G1 X82.766 Y74.518 E1.51205
G1 X82.736 Y74.791 E1.51652
G1 X82.736 Y76.515 E1.5446
G1 X82.774 Y76.828 E1.54974
G1 X82.962 Y77.247 E1.55722
G1 X83.208 Y77.517 E1.56317
G1 X83.635 Y77.751 E1.5711
G1 X84.034 Y77.814 E1.57768
G1 X84.68 Y77.814 E1.5882
G1 X84.68 Y84.68 E1.70004
G1 X67.32 Y84.68 E1.98282
G1 X67.32 Y67.32 E2.2656
G1 X70.564 Y67.32 E2.31844
G1 X70.564 Y67.915 E2.32813
G1 X70.659 Y68.402 E2.33621
G1 X70.818 Y68.686 E2.34151
G1 X71.023 Y68.905 E2.3464
G1 X71.248 Y69.058 E2.35083
G1 X71.47 Y69.152 E2.35476
G1 X71.863 Y69.213 E2.36124
G1 X73.763 Y69.213 E2.39219
G1 X74.242 Y69.029 E2.40055
G1 X74.557 Y68.764 E2.40726
G1 X74.755 Y68.459 E2.41318
G1 X74.874 Y67.913 E2.42228
G1 X74.874 Y67.32 E2.43194
G1 X76.289 Y67.32 E2.45499
G1 X76.288 Y67.913 E2.46465
G1 X76.408 Y68.459 E2.47376
G1 X76.605 Y68.764 E2.47967
G1 X76.783 Y68.934 E2.48368
G1 X77.162 Y69.141 E2.49071
G1 X77.587 Y69.213 E2.49773
G1 X79.377 Y69.213 E2.52689
G1 X79.741 Y69.161 E2.53288
G1 X80.009 Y69.049 E2.53761
G1 X80.354 Y68.77 E2.54484
G1 X80.531 Y68.51 E2.54996
G1 X80.627 Y68.267 E2.55422
G1 X80.676 Y67.915 E2.56001
G1 X80.676 Y67.32 E2.5697
G1 X84.68 Y67.32 E2.63492
G1 X84.68 Y73.493 E2.73547
G1 X84.036 Y73.493 E2.74596
G1 X83.61 Y73.564 E2.75299
G1 X83.344 Y73.692 E2.7578
G1 X83.171 Y73.823 E2.76133
M204 S1000
G1 X83.488 Y74.247 F6000
M204 S500
G1 F900
G1 X83.312 Y74.502 E2.76638
G1 X83.256 Y74.791 E2.77118
G1 X83.256 Y76.54 E2.79967
G1 X83.34 Y76.869 E2.8052
G1 X83.539 Y77.117 E2.81038
G1 X83.795 Y77.257 E2.81513
G1 X84.034 Y77.295 E2.81907
G1 X85.199 Y77.295 E2.83805
G1 X85.199 Y85.199 E2.9668
G1 X66.801 Y85.199 E3.26649
G1 X66.801 Y66.801 E3.56618
G1 X71.083 Y66.801 E3.63593
G1 X71.084 Y67.914 E3.65406
G1 X71.141 Y68.207 E3.65892
G1 X71.359 Y68.509 E3.66499
G1 X71.627 Y68.657 E3.66998
G1 X71.863 Y68.693 E3.67387
G1 X73.715 Y68.693 E3.70404
G1 X74.058 Y68.526 E3.71025
G1 X74.283 Y68.241 E3.71616
G1 X74.355 Y67.914 E3.72161
G1 X74.354 Y66.801 E3.73974
G1 X76.809 Y66.801 E3.77973
G1 X76.808 Y67.914 E3.79786
G1 X76.88 Y68.241 E3.80331
G1 X77.105 Y68.526 E3.80922
G1 X77.296 Y68.637 E3.81282
G1 X77.587 Y68.693 E3.81765
G1 X79.377 Y68.693 E3.84681
G1 X79.595 Y68.662 E3.8504
G1 X79.835 Y68.544 E3.85476
G1 X80.069 Y68.271 E3.86062
G1 X80.156 Y67.914 E3.86661
G1 X80.157 Y66.801 E3.88474
G1 X85.199 Y66.801 E3.96687
G1 X85.199 Y74.013 E4.08435
G1 X84.036 Y74.012 E4.10329
G1 X83.78 Y74.055 E4.10752
G1 X83.542 Y74.197 E4.11203
M204 S1000
G1 X83.858 Y74.612 F6000
M204 S500
;TYPE:External perimeter
G1 F720
G1 X83.831 Y74.631 E4.11257
G1 X83.776 Y74.791 E4.11533
G1 X83.775 Y75.461 E4.12624
G1 X83.777 Y76.552 E4.14401
G1 X83.869 Y76.716 E4.14707
G1 X84.035 Y76.775 E4.14994
G1 X85.719 Y76.776 E4.17737
G1 X85.719 Y85.719 E4.32305
G1 X66.281 Y85.719 E4.63968
G1 X66.281 Y66.281 E4.95631
G1 X71.603 Y66.281 E5.043
G1 X71.603 Y67.985 E5.07076
G1 X71.695 Y68.112 E5.07331
G1 X71.863 Y68.174 E5.07623
G1 X73.611 Y68.174 E5.1047
G1 X73.772 Y68.084 E5.1077
G1 X73.835 Y67.914 E5.11065
G1 X73.834 Y66.281 E5.13725
G1 X77.328 Y66.281 E5.19416
G1 X77.328 Y67.935 E5.2211
G1 X77.427 Y68.118 E5.22449
G1 X77.587 Y68.174 E5.22725
G1 X79.411 Y68.172 E5.25696
G1 X79.572 Y68.085 E5.25994
G1 X79.636 Y67.914 E5.26291
G1 X79.637 Y66.281 E5.28951
G1 X85.719 Y66.281 E5.38858
G1 X85.719 Y74.532 E5.52298
G1 X83.97 Y74.532 E5.55147
G1 X83.919 Y74.568 E5.55249
G1 X83.786 Y75.05 F6000
M204 S1000
G1 X84.29 Y72.711
M204 S500
;TYPE:Internal infill
;WIDTH:0.5625
G1 F1200
G1 X84.29 Y69.594 E5.60326
G1 X82.406 Y67.71 E5.64666
G1 X84.29 Y67.71 E5.67735
G1 X67.71 Y84.29 E6.0593
G1 X67.71 Y82.406 E6.08999
G1 X69.594 Y84.29 E6.13339
G1 X72.711 Y84.29 E6.18416
G1 E4.68416
G92 E0
M204 S1000
G1 X79.289 Y84.29 F6000
G1 E1.5 F1200
M204 S500
G1 X82.406 Y84.29 E1.55077
G1 X84.29 Y82.406 E1.59417
G1 X84.29 Y84.29 E1.62486
G1 X67.71 Y67.71 E2.00681
G1 X67.71 Y69.594 E2.0375
G1 X69.594 Y67.71 E2.0809
G1 X70.174 Y67.71 E2.09035
G1 X70.295 Y68.545 E2.10409
G1 X70.503 Y68.917 E2.11103
G1 X70.77 Y69.202 E2.11739
G1 X71.351 Y69.524 E2.12821
G1 X71.859 Y69.603 E2.13658
G1 X73.719 Y69.597 E2.16688
G1 X74.309 Y69.436 E2.17684
G1 X74.855 Y69.017 E2.18805
G1 X75.111 Y68.621 E2.19573
G1 X75.26 Y67.912 E2.20753
G1 X76.203 Y68.855 E2.22925
G1 X76.048 Y68.604 E2.23406
G1 X67.71 Y76.942 E2.42614
G1 X67.71 Y75.058 E2.45683
G1 X76.942 Y84.29 E2.6695
G1 X75.058 Y84.29 E2.70019
G1 X82.403 Y76.945 E2.86939
G1 X82.346 Y76.522 E2.87634
G1 X82.349 Y75.001 E2.90112
G1 X76.356 Y69.064 E3.03853
;LAYER_CHANGE
;Z:5.5
;HEIGHT:0.2
G1 E1.53853 F1200
G92 E0
G1 Z5.5 F6000
M204 S1000
G1 X83.132 Y73.884
G1 E1.5 F1200
M204 S500
;TYPE:Perimeter
;WIDTH:0.562499
G1 F900
G1 X82.999 Y74.007 E1.50295
G1 X82.818 Y74.338 E1.5091
G1 X82.737 Y74.789 E1.51656
G1 X82.736 Y76.512 E1.54463
G1 X82.774 Y76.826 E1.54978
G1 X82.962 Y77.245 E1.55726
G1 X83.208 Y77.515 E1.56321
G1 X83.636 Y77.749 E1.57116
G1 X84.034 Y77.812 E1.57772
G1 X84.68 Y77.812 E1.58824
G1 X84.68 Y84.68 E1.70011
G1 X67.32 Y84.68 E1.98289
G1 X67.32 Y67.32 E2.26567
G1 X70.675 Y67.32 E2.32032
G1 X70.675 Y67.915 E2.33001
G1 X70.777 Y68.42 E2.3384
G1 X70.938 Y68.698 E2.34363
G1 X71.142 Y68.912 E2.34845
G1 X71.585 Y69.154 E2.35667
G1 X71.974 Y69.213 E2.36308
G1 X73.872 Y69.213 E2.394
G1 X74.339 Y69.042 E2.4021
G1 X74.672 Y68.769 E2.40911
G1 X74.884 Y68.434 E2.41557
G1 X74.993 Y67.914 E2.42422
G1 X74.992 Y67.32 E2.4339
G1 X76.167 Y67.32 E2.45304
G1 X76.167 Y67.914 E2.46272
G1 X76.275 Y68.434 E2.47137
G1 X76.487 Y68.769 E2.47783
G1 X76.678 Y68.947 E2.48208
G1 X77.062 Y69.149 E2.48915
G1 X77.466 Y69.213 E2.49581
G1 X79.25 Y69.213 E2.52487
G1 X79.624 Y69.158 E2.53103
G1 X79.897 Y69.041 E2.53587
G1 X80.232 Y68.765 E2.54294
G1 X80.396 Y68.525 E2.54768
G1 X80.497 Y68.278 E2.55203
G1 X80.549 Y67.915 E2.558
G1 X80.549 Y67.32 E2.56769
G1 X84.68 Y67.32 E2.63498
G1 X84.68 Y73.491 E2.7355
G1 X84.036 Y73.49 E2.74599
G1 X83.606 Y73.563 E2.75309
G1 X83.339 Y73.693 E2.75793
G1 X83.187 Y73.833 E2.7613
M204 S1000
G1 X83.487 Y74.245 F6000
M204 S500
G1 F900
G1 X83.305 Y74.519 E2.76666
G1 X83.256 Y74.789 E2.77113
G1 X83.256 Y75.475 E2.7823
G1 X83.256 Y76.54 E2.79965
G1 X83.341 Y76.867 E2.80515
G1 X83.539 Y77.114 E2.81031
G1 X83.795 Y77.255 E2.81507
G1 X84.035 Y77.292 E2.81903
G1 X85.199 Y77.293 E2.83799
G1 X85.199 Y85.199 E2.96677
G1 X66.801 Y85.199 E3.26646
G1 X66.801 Y66.801 E3.56615
G1 X71.194 Y66.801 E3.63771
G1 X71.195 Y67.915 E3.65586
G1 X71.256 Y68.218 E3.66089
G1 X71.475 Y68.513 E3.66687
G1 X71.741 Y68.658 E3.6718
G1 X71.974 Y68.694 E3.67564
G1 X73.826 Y68.694 E3.70581
G1 X74.166 Y68.534 E3.71193
G1 X74.408 Y68.226 E3.71831
G1 X74.473 Y67.914 E3.7235
G1 X74.473 Y66.801 E3.74163
G1 X76.687 Y66.801 E3.77769
G1 X76.686 Y67.908 E3.79572
G1 X76.751 Y68.226 E3.80101
G1 X76.879 Y68.427 E3.80489
G1 X77.141 Y68.623 E3.81022
G1 X77.466 Y68.694 E3.81564
G1 X79.25 Y68.694 E3.8447
G1 X79.475 Y68.661 E3.8484
G1 X79.722 Y68.535 E3.85292
G1 X79.938 Y68.281 E3.85835
G1 X80.03 Y67.915 E3.8645
G1 X80.03 Y66.801 E3.88265
G1 X85.199 Y66.801 E3.96685
G1 X85.199 Y74.01 E4.08428
G1 X84.036 Y74.01 E4.10322
G1 X83.778 Y74.054 E4.10748
G1 X83.542 Y74.196 E4.11197
M204 S1000
G1 X83.859 Y74.61 F6000
M204 S500
;TYPE:External perimeter
G1 F720
G1 X83.828 Y74.633 E4.1126
G1 X83.776 Y74.789 E4.11528
G1 X83.776 Y75.475 E4.12645
G1 X83.778 Y76.55 E4.14396
G1 X83.87 Y76.713 E4.14701
G1 X84.035 Y76.773 E4.14987
G1 X85.719 Y76.774 E4.1773
G1 X85.719 Y85.719 E4.32301
G1 X66.281 Y85.719 E4.63964
G1 X66.281 Y66.281 E4.95627
G1 X71.714 Y66.281 E5.04477
G1 X71.714 Y67.988 E5.07258
G1 X71.808 Y68.114 E5.07514
G1 X71.974 Y68.174 E5.07802
G1 X73.727 Y68.174 E5.10658
G1 X73.889 Y68.085 E5.10959
G1 X73.954 Y67.914 E5.11257
G1 X73.953 Y66.281 E5.13917
G1 X77.207 Y66.281 E5.19218
G1 X77.206 Y67.99 E5.22002
G1 X77.308 Y68.121 E5.22272
G1 X77.466 Y68.174 E5.22543
G1 X79.285 Y68.172 E5.25506
G1 X79.447 Y68.084 E5.25806
G1 X79.51 Y67.914 E5.26101
G1 X79.511 Y66.281 E5.28761
G1 X85.719 Y66.281 E5.38873
G1 X85.719 Y74.53 E5.5231
G1 X83.97 Y74.529 E5.55159
G1 X83.919 Y74.566 E5.55262
G1 X83.786 Y75.048 F6000
M204 S1000
G1 X84.29 Y72.711
M204 S500
;TYPE:Internal infill
;WIDTH:0.5625
G1 F1200
G1 X84.29 Y69.594 E5.60339
G1 X82.406 Y67.71 E5.64679
G1 X84.29 Y67.71 E5.67748
G1 X67.71 Y84.29 E6.05943
G1 X67.71 Y82.406 E6.09012
G1 X69.594 Y84.29 E6.13352
G1 X72.711 Y84.29 E6.18429
G1 E4.68429
G92 E0
M204 S1000
G1 X79.289 Y84.29 F6000
G1 E1.5 F1200
M204 S500
G1 X82.406 Y84.29 E1.55077
G1 X84.29 Y82.406 E1.59417
G1 X84.29 Y84.29 E1.62486
G1 X67.71 Y67.71 E2.00681
G1 X67.71 Y69.594 E2.0375
G1 X69.594 Y67.71 E2.0809
G1 X70.285 Y67.71 E2.09216
G1 X70.415 Y68.567 E2.10628
G1 X70.626 Y68.933 E2.11316
G1 X70.892 Y69.212 E2.11944
G1 X71.181 Y69.406 E2.12511
G1 X71.734 Y69.586 E2.13458
G1 X73.825 Y69.598 E2.16864
G1 X74.398 Y69.45 E2.17828
G1 X74.718 Y69.258 E2.18436
G1 X74.968 Y69.023 E2.18995
G1 X75.243 Y68.59 E2.19831
G1 X75.377 Y68.029 E2.20771
G1 X75.973 Y68.679 E2.22208
G1 X67.71 Y76.942 E2.41243
G1 X67.71 Y75.058 E2.44312
G1 X76.942 Y84.29 E2.65579
G1 X75.058 Y84.29 E2.68648
G1 X82.404 Y76.944 E2.85571
G1 X82.346 Y76.52 E2.86268
G1 X82.348 Y75 E2.88744
G1 X76.803 Y69.455 E3.01518
G1 X77.385 Y69.601 E3.02495
G1 X79.255 Y69.603 E3.05541
G1 X79.881 Y69.474 E3.06582
;LAYER_CHANGE
;Z:5.7
;HEIGHT:0.2
G1 E1.56582 F1200
G92 E0
G1 Z5.7 F6000
M204 S1000
G1 X83.133 Y73.884
G1 E1.5 F1200
M204 S500
;TYPE:Perimeter
;WIDTH:0.562499
G1 F900
G1 X82.986 Y74.023 E1.5033
G1 X82.807 Y74.367 E1.50962
G1 X82.737 Y74.787 E1.51656
G1 X82.736 Y76.51 E1.54463
G1 X82.775 Y76.824 E1.54978
G1 X82.962 Y77.243 E1.55725
G1 X83.209 Y77.513 E1.56321
G1 X83.636 Y77.747 E1.57114
G1 X84.035 Y77.81 E1.57772
G1 X84.68 Y77.81 E1.58823
G1 X84.68 Y84.68 E1.70014
G1 X67.32 Y84.68 E1.98292
G1 X67.32 Y67.32 E2.2657
G1 X70.786 Y67.32 E2.32216
G1 X70.786 Y67.915 E2.33185
G1 X70.896 Y68.437 E2.34054
G1 X71.058 Y68.709 E2.3457
G1 X71.261 Y68.919 E2.35046
G1 X71.7 Y69.155 E2.35858
G1 X72.085 Y69.213 E2.36492
G1 X73.965 Y69.213 E2.39554
G1 X74.424 Y69.06 E2.40342
G1 X74.76 Y68.802 E2.41032
;WIDTH:0.605249
G1 X74.851 Y68.649 E2.41346
;WIDTH:0.647999
G1 X74.941 Y68.496 E2.41683
;WIDTH:0.690749
G1 X75.032 Y68.343 E2.42045
;WIDTH:0.733499
G1 X75.122 Y68.19 E2.42429
;WIDTH:0.776248
G1 X75.213 Y68.037 E2.42838
G1 X75.214 Y67.424 E2.44247
;WIDTH:0.769568
G1 X75.941 Y67.424 E2.45903
;WIDTH:0.776248
G1 X75.943 Y68.037 E2.47312
G1 X76.034 Y68.19 E2.47721
;WIDTH:0.733499
G1 X76.124 Y68.343 E2.48105
;WIDTH:0.690749
G1 X76.215 Y68.496 E2.48467
;WIDTH:0.647999
G1 X76.305 Y68.649 E2.48804
;WIDTH:0.605249
G1 X76.396 Y68.802 E2.49118
;WIDTH:0.562499
G1 X76.59 Y68.973 E2.49539
G1 X76.908 Y69.138 E2.50123
G1 X77.344 Y69.213 E2.50844
G1 X79.124 Y69.213 E2.53743
G1 X79.507 Y69.156 E2.54374
G1 X79.784 Y69.033 E2.54868
G1 X80.11 Y68.76 E2.55561
G1 X80.262 Y68.54 E2.55997
G1 X80.367 Y68.289 E2.5644
G1 X80.423 Y67.915 E2.57056
G1 X80.423 Y67.32 E2.58025
G1 X84.68 Y67.32 E2.64959
G1 X84.68 Y73.488 E2.75006
G1 X84.037 Y73.488 E2.76053
G1 X83.602 Y73.563 E2.76772
G1 X83.334 Y73.694 E2.77258
G1 X83.188 Y73.832 E2.77585
M204 S1000
G1 X83.494 Y74.245 F6000
M204 S500
G1 F900
G1 X83.406 Y74.329 E2.77783
G1 X83.299 Y74.535 E2.78161
G1 X83.257 Y74.787 E2.78577
G1 X83.256 Y75.488 E2.79719
G1 X83.256 Y76.539 E2.81431
G1 X83.341 Y76.865 E2.8198
G1 X83.539 Y77.112 E2.82496
G1 X83.796 Y77.252 E2.82973
G1 X84.035 Y77.29 E2.83367
G1 X85.199 Y77.291 E2.85263
G1 X85.199 Y85.199 E2.98145
G1 X66.801 Y85.199 E3.28114
G1 X66.801 Y66.801 E3.58083
G1 X71.305 Y66.801 E3.6542
G1 X71.306 Y67.915 E3.67235
G1 X71.371 Y68.228 E3.67756
G1 X71.591 Y68.517 E3.68348
G1 X71.854 Y68.659 E3.68835
G1 X72.085 Y68.694 E3.69216
G1 X73.918 Y68.694 E3.72202
G1 X74.264 Y68.549 E3.72813
G1 X74.518 Y68.245 E3.73458
G1 X74.592 Y67.914 E3.7401
G1 X74.591 Y66.801 E3.75823
G1 X76.565 Y66.801 E3.79039
G1 X76.564 Y67.914 E3.80852
G1 X76.638 Y68.245 E3.81404
G1 X76.775 Y68.447 E3.81802
G1 X77.038 Y68.631 E3.82325
G1 X77.344 Y68.694 E3.82834
G1 X79.124 Y68.694 E3.85733
G1 X79.354 Y68.659 E3.86112
G1 X79.608 Y68.525 E3.8658
G1 X79.807 Y68.29 E3.87082
G1 X79.903 Y67.915 E3.87713
G1 X79.904 Y66.801 E3.89528
G1 X85.199 Y66.801 E3.98153
G1 X85.199 Y74.008 E4.09893
G1 X84.036 Y74.008 E4.11787
G1 X83.776 Y74.053 E4.12217
G1 X83.615 Y74.131 E4.12508
G1 X83.549 Y74.193 E4.12656
M204 S1000
G1 X83.86 Y74.609 F6000
M204 S500
;TYPE:External perimeter
G1 F720
G1 X83.826 Y74.634 E4.12725
G1 X83.776 Y74.787 E4.12987
G1 X83.776 Y75.488 E4.14129
G1 X83.778 Y76.548 E4.15856
G1 X83.87 Y76.711 E4.16161
G1 X84.035 Y76.771 E4.16447
G1 X85.719 Y76.771 E4.1919
G1 X85.719 Y85.719 E4.33766
G1 X66.281 Y85.719 E4.65429
G1 X66.281 Y66.281 E4.97092
G1 X71.825 Y66.281 E5.06123
G1 X71.825 Y67.99 E5.08907
G1 X71.92 Y68.115 E5.09163
G1 X72.085 Y68.174 E5.09448
G1 X73.843 Y68.174 E5.12312
G1 X74.002 Y68.092 E5.12603
G1 X74.072 Y67.914 E5.12915
G1 X74.071 Y66.281 E5.15575
G1 X77.085 Y66.281 E5.20485
G1 X77.084 Y67.995 E5.23277
G1 X77.193 Y68.126 E5.23555
G1 X77.344 Y68.174 E5.23813
G1 X79.16 Y68.172 E5.26771
G1 X79.321 Y68.084 E5.2707
G1 X79.384 Y67.915 E5.27364
G1 X79.384 Y66.281 E5.30026
G1 X85.719 Y66.281 E5.40345
G1 X85.719 Y74.528 E5.53779
G1 X83.969 Y74.527 E5.5663
G1 X83.92 Y74.564 E5.5673
G1 X83.787 Y75.046 F6000
G1 E4.0673 F1200
G92 E0
M204 S1000
G1 X72.711 Y84.29 F6000
G1 E1.5 F1200
M204 S500
;TYPE:Internal infill
;WIDTH:0.5625
G1 X69.594 Y84.29 E1.55077
G1 X67.71 Y82.406 E1.59417
G1 X67.71 Y84.29 E1.62486
G1 X84.29 Y67.71 E2.00681
G1 X82.406 Y67.71 E2.0375
G1 X84.29 Y69.594 E2.0809
G1 X84.29 Y73.099 E2.13799
G1 X83.475 Y73.193 E2.15135
G1 X82.935 Y73.506 E2.16152
G1 X82.672 Y73.791 E2.16784
G1 X82.438 Y74.241 E2.1761
G1 X82.348 Y75 E2.18855
G1 X76.879 Y69.531 E2.31454
G1 X76.364 Y69.291 E2.3238
G1 X76.108 Y69.067 E2.32934
G1 X75.895 Y68.757 E2.33547
G1 X67.71 Y76.942 E2.52402
G1 X67.71 Y75.058 E2.55471
G1 X76.942 Y84.29 E2.76738
G1 X75.058 Y84.29 E2.79807
G1 X82.405 Y76.943 E2.96732
G1 X82.64 Y77.463 E2.97662
G1 X82.961 Y77.814 E2.98437
G1 X83.181 Y77.968 E2.98874
G1 X83.518 Y78.12 E2.99476
G1 X84.29 Y78.2 E3.0074
G1 X84.29 Y82.406 E3.07591
G1 X82.406 Y84.29 E3.11931
G1 X84.29 Y84.29 E3.15
G1 X67.71 Y67.71 E3.53195
G1 X69.594 Y67.71 E3.56264
G1 X67.71 Y69.594 E3.60604
G1 X67.71 Y72.711 E3.65681
;LAYER_CHANGE
;Z:5.9
;HEIGHT:0.2
G1 E2.15681 F1200
G92 E0
G1 Z5.9 F6000
M204 S1000
G1 X83.123 Y73.872
G1 E1.5 F1200
M204 S500
;TYPE:Perimeter
;WIDTH:0.562499
G1 F900
G1 X82.973 Y74.039 E1.50366
G1 X82.797 Y74.395 E1.51013
G1 X82.737 Y74.784 E1.51654
G1 X82.737 Y76.216 E1.53987
G1 X82.775 Y76.822 E1.54976
G1 X82.963 Y77.241 E1.55724
G1 X83.209 Y77.51 E1.56318
G1 X83.636 Y77.745 E1.57112
G1 X84.035 Y77.808 E1.5777
G1 X84.68 Y77.808 E1.58821
G1 X84.68 Y84.68 E1.70015
G1 X67.32 Y84.68 E1.98293
G1 X67.32 Y67.32 E2.26571
G1 X70.897 Y67.32 E2.32398
G1 X70.897 Y67.915 E2.33367
G1 X71.014 Y68.453 E2.34264
G1 X71.177 Y68.72 E2.34774
G1 X71.38 Y68.925 E2.35244
G1 X71.815 Y69.156 E2.36046
G1 X72.196 Y69.214 E2.36674
G1 X74.057 Y69.214 E2.39705
G1 X74.508 Y69.078 E2.40472
G1 X74.845 Y68.837 E2.41147
G1 X75.091 Y68.499 E2.41828
;WIDTH:0.609063
G1 X75.181 Y68.265 E2.42273
;WIDTH:0.655627
G1 X75.271 Y68.032 E2.42753
G1 X75.273 Y67.914 E2.4298
;WIDTH:0.649465
G1 X75.273 Y67.364 E2.44026
G1 X75.88 Y67.364 E2.4518
;WIDTH:0.655627
G1 X75.881 Y68.032 E2.46463
G1 X75.972 Y68.265 E2.46943
;WIDTH:0.609063
G1 X76.062 Y68.499 E2.47388
;WIDTH:0.562499
G1 X76.307 Y68.837 E2.48068
G1 X76.505 Y68.998 E2.48484
G1 X76.814 Y69.148 E2.49044
G1 X77.222 Y69.214 E2.49717
G1 X79.18 Y69.201 E2.52907
G1 X79.612 Y69.059 E2.53648
G1 X79.824 Y68.917 E2.54064
G1 X80.128 Y68.555 E2.54834
G1 X80.238 Y68.3 E2.55286
G1 X80.296 Y67.915 E2.5592
G1 X80.297 Y67.32 E2.56889
G1 X84.68 Y67.32 E2.64029
G1 X84.68 Y73.486 E2.74073
G1 X84.037 Y73.486 E2.7512
G1 X83.598 Y73.562 E2.75846
G1 X83.18 Y73.808 E2.76636
G1 X83.173 Y73.816 E2.76653
M204 S1000
G1 X83.49 Y74.241 F6000
M204 S500
G1 F900
G1 X83.333 Y74.449 E2.77078
G1 X83.257 Y74.779 E2.7763
G1 X83.257 Y75.5 E2.78804
G1 X83.257 Y76.539 E2.80496
G1 X83.341 Y76.863 E2.81041
G1 X83.539 Y77.11 E2.81557
G1 X83.796 Y77.25 E2.82034
G1 X84.035 Y77.288 E2.82428
G1 X85.199 Y77.289 E2.84324
G1 X85.199 Y85.199 E2.97209
G1 X66.801 Y85.199 E3.27178
G1 X66.801 Y66.801 E3.57147
G1 X71.416 Y66.801 E3.64665
G1 X71.417 Y67.915 E3.6648
G1 X71.487 Y68.238 E3.67018
G1 X71.707 Y68.521 E3.67602
G1 X71.967 Y68.66 E3.68082
G1 X72.196 Y68.694 E3.68459
G1 X74.02 Y68.694 E3.7143
G1 X74.361 Y68.565 E3.72024
G1 X74.627 Y68.265 E3.72677
G1 X74.71 Y67.914 E3.73265
G1 X74.71 Y66.801 E3.75078
G1 X76.443 Y66.801 E3.77901
G1 X76.442 Y67.914 E3.79714
G1 X76.526 Y68.265 E3.80302
G1 X76.673 Y68.468 E3.8071
G1 X76.934 Y68.639 E3.81218
G1 X77.216 Y68.694 E3.81686
G1 X78.997 Y68.694 E3.84587
G1 X79.233 Y68.658 E3.84976
G1 X79.493 Y68.516 E3.85459
G1 X79.675 Y68.299 E3.8592
G1 X79.777 Y67.915 E3.86567
G1 X79.777 Y66.801 E3.88382
G1 X85.199 Y66.801 E3.97214
G1 X85.199 Y74.006 E4.0895
G1 X84.037 Y74.006 E4.10843
G1 X83.773 Y74.051 E4.11279
G1 X83.541 Y74.188 E4.11718
M204 S1000
G1 X83.86 Y74.608 F6000
M204 S500
;TYPE:External perimeter
G1 F720
G1 X83.824 Y74.636 E4.11792
G1 X83.777 Y74.783 E4.12043
G1 X83.776 Y75.5 E4.13211
G1 X83.778 Y76.546 E4.14915
G1 X83.87 Y76.709 E4.1522
G1 X84.035 Y76.768 E4.15505
G1 X85.719 Y76.769 E4.18248
G1 X85.719 Y85.719 E4.32827
G1 X66.281 Y85.719 E4.6449
G1 X66.281 Y66.281 E4.96153
G1 X71.936 Y66.281 E5.05365
G1 X71.936 Y67.992 E5.08152
G1 X72.033 Y68.117 E5.0841
G1 X72.196 Y68.174 E5.08691
G1 X73.958 Y68.174 E5.11561
G1 X74.114 Y68.099 E5.11843
G1 X74.19 Y67.914 E5.12169
G1 X74.19 Y66.281 E5.14829
G1 X76.963 Y66.281 E5.19346
G1 X76.962 Y67.668 E5.21605
G1 X76.99 Y68.031 E5.22198
G1 X77.079 Y68.131 E5.22416
G1 X77.22 Y68.174 E5.22656
G1 X78.11 Y68.174 E5.24106
G1 X79.034 Y68.172 E5.25611
G1 X79.195 Y68.083 E5.25911
G1 X79.257 Y67.915 E5.26203
G1 X79.258 Y66.281 E5.28865
G1 X85.719 Y66.281 E5.3939
G1 X85.719 Y74.526 E5.52821
G1 X83.969 Y74.525 E5.55672
G1 X83.92 Y74.562 E5.55772
G1 X83.787 Y75.044 F6000
G1 E4.05772 F1200
G92 E0
M204 S1000
G1 X84.29 Y78.851 F6000
G1 E1.5 F1200
M204 S500
;TYPE:Internal infill
;WIDTH:0.5625
G1 X84.29 Y78.197 E1.51065
G1 X83.519 Y78.117 E1.52328
G1 X83.181 Y77.966 E1.52931
G1 X82.961 Y77.812 E1.53368
G1 X82.641 Y77.461 E1.54142
G1 X82.406 Y76.942 E1.5507
G1 X75.058 Y84.29 E1.71997
G1 X76.942 Y84.29 E1.75066
G1 X67.71 Y75.058 E1.96333
G1 X67.71 Y76.942 E1.99402
G1 X75.824 Y68.828 E2.18094
G1 X76.029 Y69.111 E2.18663
G1 X76.29 Y69.324 E2.19212
G1 X76.922 Y69.574 E2.20319
G1 X82.348 Y75 E2.32819
G1 X82.425 Y74.278 E2.34002
G1 X82.655 Y73.813 E2.34847
G1 X82.92 Y73.517 E2.35494
G1 X83.469 Y73.193 E2.36532
G1 X84.29 Y73.096 E2.37879
G1 X84.29 Y69.594 E2.43584
G1 X82.406 Y67.71 E2.47924
G1 X84.29 Y67.71 E2.50993
G1 X67.71 Y84.29 E2.89188
G1 X67.71 Y82.406 E2.92257
G1 X69.594 Y84.29 E2.96597
G1 X72.711 Y84.29 E3.01674
G1 E1.51674
G92 E0
M204 S1000
G1 X79.289 Y84.29 F6000
G1 E1.5 F1200
M204 S500
G1 X82.406 Y84.29 E1.55077
G1 X84.29 Y82.406 E1.59417
G1 X84.29 Y84.29 E1.62486
G1 X67.71 Y67.71 E2.00681
G1 X67.71 Y69.594 E2.0375
G1 X69.594 Y67.71 E2.0809
G1 X70.507 Y67.71 E2.09577
G1 X70.655 Y68.609 E2.11061
G1 X70.87 Y68.962 E2.11734
G1 X71.135 Y69.229 E2.12347
G1 X71.568 Y69.475 E2.13158
;LAYER_CHANGE
;Z:6.1
;HEIGHT:0.2
G1 E.63158 F1200
G92 E0
G1 Z6.1 F6000
M204 S1000
G1 X83.122 Y73.87
G1 E1.5 F1200
M204 S500
;TYPE:Perimeter
;WIDTH:0.562499
G1 F900
G1 X82.96 Y74.055 E1.50401
G1 X82.789 Y74.423 E1.51062
G1 X82.738 Y74.782 E1.51653
G1 X82.737 Y76.241 E1.5403
G1 X82.775 Y76.82 E1.54975
G1 X82.963 Y77.239 E1.55723
G1 X83.209 Y77.508 E1.56317
G1 X83.636 Y77.742 E1.5711
G1 X84.035 Y77.805 E1.57768
G1 X84.68 Y77.806 E1.58819
G1 X84.68 Y84.68 E1.70016
G1 X67.32 Y84.68 E1.98294
G1 X67.32 Y67.32 E2.26572
G1 X71.008 Y67.32 E2.32579
G1 X71.008 Y67.915 E2.33548
G1 X71.132 Y68.469 E2.34473
G1 X71.296 Y68.731 E2.34976
G1 X71.499 Y68.932 E2.35441
G1 X71.929 Y69.158 E2.36232
G1 X72.307 Y69.214 E2.36854
G1 X74.163 Y69.214 E2.39877
G1 X74.59 Y69.096 E2.40599
G1 X74.927 Y68.872 E2.41258
G1 X75.19 Y68.536 E2.41953
G1 X75.331 Y67.914 E2.42992
;WIDTH:0.529363
G1 X75.331 Y67.304 E2.43922
G1 X75.818 Y67.304 E2.44665
;WIDTH:0.535005
G1 X75.82 Y68.027 E2.4578
;WIDTH:0.562499
G1 X75.96 Y68.536 E2.4664
G1 X76.222 Y68.872 E2.47334
G1 X76.423 Y69.023 E2.47744
G1 X76.721 Y69.157 E2.48276
G1 X77.1 Y69.214 E2.489
G1 X79.057 Y69.2 E2.52088
G1 X79.5 Y69.051 E2.52849
G1 X79.864 Y68.752 E2.53616
G1 X80.108 Y68.311 E2.54437
G1 X80.17 Y67.915 E2.5509
G1 X80.17 Y67.32 E2.56059
G1 X84.68 Y67.32 E2.63405
G1 X84.68 Y73.484 E2.73446
G1 X84.037 Y73.484 E2.74493
G1 X83.594 Y73.562 E2.75226
G1 X83.173 Y73.814 E2.76025
M204 S1000
G1 X83.49 Y74.239 F6000
M204 S500
G1 F900
G1 X83.326 Y74.462 E2.76476
G1 X83.257 Y74.782 E2.77009
G1 X83.257 Y76.522 E2.79843
G1 X83.341 Y76.86 E2.8041
G1 X83.54 Y77.107 E2.80927
G1 X83.796 Y77.248 E2.81403
G1 X84.036 Y77.286 E2.81799
G1 X85.199 Y77.286 E2.83693
G1 X85.199 Y85.199 E2.96583
G1 X66.801 Y85.199 E3.26552
G1 X66.801 Y66.801 E3.56521
G1 X71.527 Y66.801 E3.64219
G1 X71.528 Y67.915 E3.66034
G1 X71.602 Y68.247 E3.66588
G1 X71.822 Y68.525 E3.67165
G1 X72.081 Y68.66 E3.67641
G1 X72.307 Y68.694 E3.68013
G1 X74.121 Y68.694 E3.70968
G1 X74.456 Y68.58 E3.71544
G1 X74.733 Y68.288 E3.722
G1 X74.829 Y67.914 E3.72829
G1 X74.828 Y66.801 E3.74642
G1 X76.321 Y66.801 E3.77074
G1 X76.321 Y67.914 E3.78887
G1 X76.416 Y68.288 E3.79516
G1 X76.573 Y68.489 E3.79931
G1 X76.775 Y68.623 E3.80326
G1 X77.1 Y68.694 E3.80868
G1 X78.982 Y68.686 E3.83934
G1 X79.248 Y68.597 E3.84391
G1 X79.467 Y68.417 E3.84853
G1 X79.613 Y68.152 E3.85346
G1 X79.65 Y67.915 E3.85737
G1 X79.651 Y66.801 E3.87552
G1 X85.199 Y66.801 E3.96589
G1 X85.199 Y74.004 E4.08322
G1 X84.037 Y74.003 E4.10215
G1 X83.771 Y74.05 E4.10655
G1 X83.542 Y74.187 E4.1109
M204 S1000
G1 X83.861 Y74.606 F6000
M204 S500
;TYPE:External perimeter
G1 F720
G1 X83.821 Y74.637 E4.11172
G1 X83.777 Y74.783 E4.1142
G1 X83.776 Y75.548 E4.12666
G1 X83.779 Y76.544 E4.14288
G1 X83.87 Y76.707 E4.14592
G1 X84.036 Y76.766 E4.14879
G1 X85.719 Y76.767 E4.1762
G1 X85.719 Y85.719 E4.32202
G1 X66.281 Y85.719 E4.63865
G1 X66.281 Y66.281 E4.95528
G1 X72.047 Y66.281 E5.0492
G1 X72.047 Y67.994 E5.0771
G1 X72.145 Y68.118 E5.07967
G1 X72.307 Y68.175 E5.08247
G1 X74.049 Y68.175 E5.11085
G1 X74.225 Y68.106 E5.11393
G1 X74.309 Y67.915 E5.11733
G1 X74.308 Y66.281 E5.14395
G1 X76.841 Y66.281 E5.18521
G1 X76.84 Y67.915 E5.21183
G1 X76.924 Y68.106 E5.21523
G1 X77.1 Y68.175 E5.21831
G1 X78.908 Y68.172 E5.24776
G1 X79.07 Y68.082 E5.25078
G1 X79.131 Y67.915 E5.25368
G1 X79.132 Y66.281 E5.2803
G1 X85.719 Y66.281 E5.3876
G1 X85.719 Y74.524 E5.52187
G1 X83.968 Y74.523 E5.55039
G1 X83.92 Y74.56 E5.55138
G1 X83.787 Y75.042 F6000
G1 E4.05138 F1200
G92 E0
M204 S1000
G1 X84.29 Y78.851 F6000
G1 E1.5 F1200
M204 S500
;TYPE:Internal infill
;WIDTH:0.5625
G1 X84.29 Y78.195 E1.51069
G1 X83.519 Y78.115 E1.52332
G1 X83.181 Y77.963 E1.52936
G1 X82.961 Y77.809 E1.53373
G1 X82.641 Y77.459 E1.54145
G1 X82.406 Y76.942 E1.5507
G1 X75.058 Y84.29 E1.71997
G1 X76.942 Y84.29 E1.75066
G1 X67.71 Y75.058 E1.96333
G1 X67.71 Y76.942 E1.99402
G1 X75.753 Y68.899 E2.1793
G1 X75.955 Y69.157 E2.18464
G1 X76.217 Y69.355 E2.18999
G1 X76.672 Y69.549 E2.19805
G1 X76.944 Y69.596 E2.20255
G1 X82.358 Y75.01 E2.32727
G1 X82.362 Y74.563 E2.33455
G1 X82.498 Y74.086 E2.34263
G1 X82.905 Y73.528 E2.35388
G1 X83.464 Y73.193 E2.3645
G1 X84.29 Y73.094 E2.37805
G1 X84.29 Y69.594 E2.43506
G1 X82.406 Y67.71 E2.47846
G1 X84.29 Y67.71 E2.50915
G1 X67.71 Y84.29 E2.8911
G1 X67.71 Y82.406 E2.92179
G1 X69.594 Y84.29 E2.96519
G1 X72.711 Y84.29 E3.01596
G1 E1.51596
G92 E0
M204 S1000
G1 X79.289 Y84.29 F6000
G1 E1.5 F1200
M204 S500
G1 X82.406 Y84.29 E1.55077
G1 X84.29 Y82.406 E1.59417
G1 X84.29 Y84.29 E1.62486
G1 X67.71 Y67.71 E2.00681
G1 X67.71 Y69.594 E2.0375
G1 X69.594 Y67.71 E2.0809
G1 X70.618 Y67.71 E2.09758
G1 X70.775 Y68.629 E2.11277
G1 X70.992 Y68.975 E2.11942
G1 X71.255 Y69.237 E2.12547
G1 X71.576 Y69.434 E2.13161
M106 S20.4
;LAYER_CHANGE
;Z:6.3
;HEIGHT:0.2
G1 E.63161 F1200
G92 E0
G1 Z6.3 F6000
M204 S1000
G1 X83.127 Y73.868
G1 E1.5 F1200
M204 S500
;TYPE:Perimeter
;WIDTH:0.562499
G1 F900
G1 X83.05 Y73.937 E1.50168
G1 X82.817 Y74.333 E1.50916
G1 X82.738 Y74.78 E1.51655
G1 X82.737 Y76.264 E1.54072
G1 X82.776 Y76.818 E1.54977
G1 X82.963 Y77.236 E1.55723
G1 X83.209 Y77.506 E1.56318
G1 X83.636 Y77.74 E1.57111
G1 X84.036 Y77.803 E1.57771
G1 X84.68 Y77.804 E1.5882
G1 X84.68 Y84.68 E1.70021
G1 X67.32 Y84.68 E1.98299
G1 X67.32 Y67.32 E2.26577
G1 X71.119 Y67.32 E2.32765
G1 X71.119 Y67.916 E2.33736
G1 X71.25 Y68.484 E2.34686
G1 X71.416 Y68.741 E2.35184
G1 X71.617 Y68.938 E2.35642
G1 X72.044 Y69.159 E2.36425
G1 X72.418 Y69.214 E2.37041
G1 X74.269 Y69.214 E2.40056
G1 X74.672 Y69.112 E2.40733
G1 X75.004 Y68.908 E2.41368
G1 X75.285 Y68.578 E2.42074
;WIDTH:0.607169
G1 X75.342 Y68.47 E2.4229
;WIDTH:0.651839
G1 X75.4 Y68.362 E2.42524
;WIDTH:0.696509
G1 X75.458 Y68.254 E2.42775
;WIDTH:0.741179
G1 X75.515 Y68.146 E2.43042
;WIDTH:0.785848
G1 X75.573 Y68.038 E2.43328
G1 X75.631 Y68.146 E2.43614
;WIDTH:0.741179
G1 X75.688 Y68.254 E2.43881
;WIDTH:0.696509
G1 X75.746 Y68.362 E2.44132
;WIDTH:0.651839
G1 X75.804 Y68.47 E2.44366
;WIDTH:0.607169
G1 X75.861 Y68.578 E2.44582
;WIDTH:0.562499
G1 X76.141 Y68.908 E2.45287
G1 X76.342 Y69.048 E2.45686
G1 X76.564 Y69.146 E2.46081
G1 X76.978 Y69.214 E2.46764
G1 X78.744 Y69.214 E2.49641
G1 X79.153 Y69.148 E2.50316
G1 X79.445 Y69.009 E2.50843
G1 X79.742 Y68.747 E2.51488
G1 X79.978 Y68.321 E2.52281
G1 X80.043 Y67.916 E2.52949
G1 X80.044 Y67.32 E2.5392
G1 X84.68 Y67.32 E2.61472
G1 X84.68 Y73.482 E2.71509
G1 X84.037 Y73.482 E2.72556
G1 X83.59 Y73.561 E2.73295
G1 X83.318 Y73.699 E2.73792
G1 X83.183 Y73.819 E2.74086
G1 E1.24086 F1200
G92 E0
M204 S1000
G1 X75.573 Y67.427 F6000
G1 E1.5 F1200
M204 S500
;WIDTH:0.785848
G1 F720
G1 X75.573 Y68.038 E1.51423
G1 E.01423 F1200
G92 E0
M204 S1000
G1 X83.491 Y74.233 F6000
G1 E1.5 F1200
M204 S500
;WIDTH:0.562499
G1 F900
G1 X83.444 Y74.274 E1.50102
G1 X83.305 Y74.512 E1.50551
G1 X83.258 Y74.78 E1.50994
G1 X83.257 Y76.521 E1.5383
G1 X83.342 Y76.858 E1.54396
G1 X83.54 Y77.105 E1.54912
G1 X83.796 Y77.246 E1.55388
G1 X84.036 Y77.284 E1.55784
G1 X85.199 Y77.284 E1.57678
G1 X85.199 Y85.199 E1.70571
G1 X66.801 Y85.199 E2.0054
G1 X66.801 Y66.801 E2.30509
G1 X71.638 Y66.801 E2.38388
G1 X71.639 Y67.915 E2.40203
G1 X71.717 Y68.256 E2.40773
G1 X71.938 Y68.529 E2.41345
G1 X72.194 Y68.661 E2.41814
G1 X72.418 Y68.694 E2.42183
G1 X74.231 Y68.694 E2.45136
G1 X74.549 Y68.595 E2.45679
G1 X74.838 Y68.313 E2.46337
G1 X74.947 Y67.915 E2.47009
G1 X74.947 Y66.801 E2.48824
G1 X76.199 Y66.801 E2.50863
G1 X76.199 Y67.915 E2.52678
G1 X76.308 Y68.313 E2.5335
G1 X76.476 Y68.511 E2.53773
G1 X76.676 Y68.633 E2.54155
G1 X76.978 Y68.694 E2.54657
G1 X78.744 Y68.694 E2.57534
G1 X79.083 Y68.617 E2.581
G1 X79.343 Y68.414 E2.58637
G1 X79.485 Y68.159 E2.59112
G1 X79.524 Y67.915 E2.59515
G1 X79.524 Y66.801 E2.6133
G1 X85.199 Y66.801 E2.70574
G1 X85.199 Y74.002 E2.82304
G1 X84.037 Y74.001 E2.84197
G1 X83.769 Y74.049 E2.8464
G1 X83.606 Y74.131 E2.84937
G1 X83.547 Y74.183 E2.85065
M204 S1000
G1 X83.859 Y74.599 F6000
M204 S500
;TYPE:External perimeter
G1 F720
G1 X83.839 Y74.612 E2.85104
G1 X83.777 Y74.781 E2.85397
G1 X83.777 Y75.62 E2.86764
G1 X83.779 Y76.542 E2.88266
G1 X83.871 Y76.705 E2.88571
G1 X84.036 Y76.764 E2.88856
G1 X85.719 Y76.765 E2.91597
G1 X85.719 Y85.719 E3.06182
G1 X66.281 Y85.719 E3.37845
G1 X66.281 Y66.281 E3.69508
G1 X72.158 Y66.281 E3.79081
G1 X72.158 Y67.996 E3.81875
G1 X72.258 Y68.119 E3.82133
G1 X72.418 Y68.175 E3.82409
G1 X74.219 Y68.175 E3.85343
G1 X74.391 Y68.047 E3.85692
G1 X74.427 Y67.915 E3.85915
G1 X74.427 Y66.281 E3.88577
G1 X76.719 Y66.281 E3.92311
G1 X76.719 Y67.938 E3.9501
G1 X76.811 Y68.114 E3.95333
G1 X76.978 Y68.175 E3.95623
G1 X78.796 Y68.169 E3.98584
G1 X78.944 Y68.081 E3.98864
G1 X79.004 Y67.915 E3.99152
G1 X79.005 Y66.281 E4.01814
G1 X85.719 Y66.281 E4.12751
G1 X85.719 Y74.522 E4.26175
G1 X83.97 Y74.521 E4.29024
G1 X83.92 Y74.556 E4.29123
G1 X83.788 Y75.038 F6000
G1 E2.79123 F1200
G92 E0
M204 S1000
G1 X72.711 Y84.29 F6000
G1 E1.5 F1200
M204 S500
;TYPE:Internal infill
;WIDTH:0.5625
G1 X69.594 Y84.29 E1.55077
G1 X67.71 Y82.406 E1.59417
G1 X67.71 Y84.29 E1.62486
G1 X84.29 Y67.71 E2.00681
G1 X82.406 Y67.71 E2.0375
G1 X84.29 Y69.594 E2.0809
G1 X84.29 Y73.092 E2.13788
G1 X83.459 Y73.193 E2.15152
G1 X82.916 Y73.518 E2.16183
G1 X82.62 Y73.861 E2.16921
G1 X82.451 Y74.199 E2.17537
G1 X82.36 Y74.576 E2.18169
G1 X82.357 Y75.009 E2.18874
G1 X76.95 Y69.602 E2.3133
G1 X76.518 Y69.54 E2.32041
G1 X76.153 Y69.389 E2.32684
G1 X75.886 Y69.204 E2.33213
G1 X75.685 Y68.967 E2.33719
G1 X67.71 Y76.942 E2.52091
G1 X67.71 Y75.058 E2.5516
G1 X76.942 Y84.29 E2.76427
G1 X75.058 Y84.29 E2.79496
G1 X82.407 Y76.941 E2.96426
G1 X82.641 Y77.456 E2.97347
G1 X82.961 Y77.807 E2.98121
G1 X83.181 Y77.961 E2.98558
G1 X83.519 Y78.113 E2.99162
G1 X84.29 Y78.193 E3.00425
G1 X84.29 Y82.406 E3.07288
G1 X82.406 Y84.29 E3.11628
G1 X84.29 Y84.29 E3.14697
G1 X67.71 Y67.71 E3.52892
G1 X69.594 Y67.71 E3.55961
G1 X67.71 Y69.594 E3.60301
G1 X67.71 Y72.711 E3.65378
;LAYER_CHANGE
;Z:6.5
;HEIGHT:0.2
G1 E2.15378 F1200
G92 E0
G1 Z6.5 F6000
M204 S1000
G1 X83.123 Y73.866
G1 E1.5 F1200
M204 S500
;TYPE:Perimeter
;WIDTH:0.562499
G1 F900
G1 X82.937 Y74.088 E1.50472
G1 X82.808 Y74.358 E1.50959
G1 X82.738 Y74.778 E1.51653
G1 X82.738 Y76.285 E1.54108
G1 X82.776 Y76.816 E1.54975
G1 X82.963 Y77.234 E1.55721
G1 X83.209 Y77.503 E1.56315
G1 X83.636 Y77.738 E1.57109
G1 X84.036 Y77.801 E1.57769
G1 X84.68 Y77.801 E1.58818
G1 X84.68 Y84.68 E1.70023
G1 X67.32 Y84.68 E1.98301
G1 X67.32 Y67.32 E2.26579
G1 X71.23 Y67.32 E2.32948
G1 X71.23 Y67.916 E2.33919
G1 X71.369 Y68.498 E2.34894
G1 X71.535 Y68.751 E2.35387
G1 X71.736 Y68.943 E2.3584
G1 X72.159 Y69.16 E2.36614
G1 X72.529 Y69.214 E2.37223
G1 X74.286 Y69.214 E2.40085
G1 X74.668 Y69.157 E2.40714
G1 X75.077 Y68.945 E2.41464
G1 X75.375 Y68.623 E2.42179
G1 X75.571 Y68.028 E2.43199
G1 X75.768 Y68.623 E2.4422
G1 X76.065 Y68.945 E2.44934
G1 X76.475 Y69.157 E2.45686
G1 X76.856 Y69.214 E2.46314
G1 X77.897 Y69.214 E2.4801
G1 X78.881 Y69.187 E2.49613
G1 X79.194 Y69.079 E2.50152
G1 X79.499 Y68.869 E2.50755
G1 X79.725 Y68.595 E2.51334
G1 X79.848 Y68.332 E2.51807
G1 X79.917 Y67.916 E2.52494
G1 X79.917 Y67.32 E2.53465
G1 X84.68 Y67.32 E2.61224
G1 X84.68 Y73.48 E2.71258
G1 X84.038 Y73.48 E2.72304
G1 X83.585 Y73.561 E2.73054
G1 X83.173 Y73.811 E2.73839
G1 E1.23839 F1200
G92 E0
M204 S1000
G1 X75.571 Y67.307 F6000
G1 E1.5 F1200
M204 S500
;WIDTH:0.544604
G1 F720
G1 X75.571 Y68.028 E1.51134
G1 E.01134 F1200
G92 E0
M204 S1000
G1 X83.498 Y74.239 F6000
G1 E1.5 F1200
M204 S500
;WIDTH:0.562499
G1 F900
G1 X83.377 Y74.364 E1.50283
G1 X83.279 Y74.598 E1.50696
G1 X83.258 Y75.099 E1.51513
G1 X83.257 Y76.519 E1.53826
G1 X83.342 Y76.856 E1.54392
G1 X83.54 Y77.103 E1.54908
G1 X83.796 Y77.244 E1.55384
G1 X84.036 Y77.282 E1.5578
G1 X85.199 Y77.282 E1.57674
G1 X85.199 Y85.199 E1.7057
G1 X66.801 Y85.199 E2.00539
G1 X66.801 Y66.801 E2.30508
G1 X71.749 Y66.801 E2.38568
G1 X71.75 Y67.915 E2.40383
G1 X71.833 Y68.265 E2.40969
G1 X71.932 Y68.416 E2.41263
G1 X72.181 Y68.612 E2.41779
G1 X72.529 Y68.694 E2.42361
G1 X74.341 Y68.694 E2.45313
G1 X74.641 Y68.609 E2.45821
G1 X74.939 Y68.34 E2.46475
G1 X75.066 Y67.915 E2.47198
G1 X75.065 Y66.801 E2.49013
G1 X76.078 Y66.801 E2.50663
G1 X76.077 Y67.915 E2.52478
G1 X76.203 Y68.34 E2.532
G1 X76.382 Y68.533 E2.53629
G1 X76.577 Y68.643 E2.53994
G1 X76.856 Y68.694 E2.54456
G1 X78.618 Y68.694 E2.57326
G1 X78.868 Y68.653 E2.57739
G1 X79.147 Y68.488 E2.58267
G1 X79.356 Y68.165 E2.58894
G1 X79.397 Y67.915 E2.59307
G1 X79.398 Y66.801 E2.61122
G1 X85.199 Y66.801 E2.70571
G1 X85.199 Y74 E2.82298
G1 X84.038 Y73.999 E2.84189
G1 X83.766 Y74.048 E2.84639
G1 X83.603 Y74.131 E2.84937
G1 X83.551 Y74.185 E2.85059
M204 S1000
G1 X83.867 Y74.608 F6000
M204 S500
;TYPE:External perimeter
G1 F720
G1 X83.802 Y74.668 E2.85203
G1 X83.777 Y75.099 E2.85906
G1 X83.777 Y76.535 E2.88245
G1 X83.871 Y76.702 E2.88557
G1 X84.036 Y76.762 E2.88843
G1 X85.719 Y76.763 E2.91584
G1 X85.719 Y85.719 E3.06173
G1 X66.281 Y85.719 E3.37836
G1 X66.281 Y66.281 E3.69499
G1 X72.269 Y66.281 E3.79253
G1 X72.269 Y67.915 E3.81915
G1 X72.297 Y68.032 E3.82111
G1 X72.37 Y68.121 E3.82299
G1 X72.529 Y68.175 E3.82573
G1 X74.333 Y68.175 E3.85512
G1 X74.504 Y68.057 E3.8585
G1 X74.546 Y67.915 E3.86091
G1 X74.545 Y66.281 E3.88753
G1 X76.597 Y66.281 E3.92096
G1 X76.598 Y67.938 E3.94795
G1 X76.698 Y68.121 E3.95135
G1 X76.856 Y68.175 E3.95407
G1 X78.701 Y68.161 E3.98412
G1 X78.839 Y68.051 E3.98699
G1 X78.878 Y67.915 E3.98929
G1 X78.879 Y66.281 E4.01591
G1 X85.719 Y66.281 E4.12733
G1 X85.719 Y74.519 E4.26152
G1 X83.965 Y74.519 E4.29009
G1 X83.923 Y74.557 E4.29101
G1 X83.789 Y75.039 F6000
G1 E2.79101 F1200
G92 E0
M204 S1000
G1 X84.29 Y78.85 F6000
G1 E1.5 F1200
M204 S500
;TYPE:Internal infill
;WIDTH:0.5625
G1 X84.29 Y78.191 E1.51073
G1 X83.519 Y78.111 E1.52336
G1 X83.181 Y77.959 E1.5294
G1 X82.961 Y77.804 E1.53378
G1 X82.641 Y77.454 E1.5415
G1 X82.408 Y76.94 E1.55069
G1 X75.058 Y84.29 E1.72001
G1 X76.942 Y84.29 E1.7507
G1 X67.71 Y75.058 E1.96337
G1 X67.71 Y76.942 E1.99406
G1 X75.62 Y69.032 E2.17628
G1 X75.823 Y69.252 E2.18116
G1 X76.089 Y69.42 E2.18628
G1 X76.493 Y69.565 E2.19327
G1 X76.952 Y69.604 E2.20077
G1 X82.356 Y75.008 E2.32526
G1 X82.358 Y74.591 E2.33205
G1 X82.439 Y74.231 E2.33806
G1 X82.605 Y73.883 E2.34434
G1 X82.904 Y73.526 E2.35193
G1 X83.453 Y73.193 E2.36239
G1 X84.29 Y73.09 E2.37613
G1 X84.29 Y69.594 E2.43308
G1 X82.406 Y67.71 E2.47648
G1 X84.29 Y67.71 E2.50717
G1 X67.71 Y84.29 E2.88912
G1 X67.71 Y82.406 E2.91981
G1 X69.594 Y84.29 E2.96321
G1 X72.711 Y84.29 E3.01398
G1 E1.51398
G92 E0
M204 S1000
G1 X79.289 Y84.29 F6000
G1 E1.5 F1200
M204 S500
G1 X82.406 Y84.29 E1.55077
G1 X84.29 Y82.406 E1.59417
G1 X84.29 Y84.29 E1.62486
G1 X67.71 Y67.71 E2.00681
G1 X69.594 Y67.71 E2.0375
G1 X67.71 Y69.594 E2.0809
G1 X67.71 Y72.711 E2.13167
M106 S22.95
;LAYER_CHANGE
;Z:6.7
;HEIGHT:0.2
G1 E.63167 F1200
G92 E0
G1 Z6.7 F6000
M204 S1000
G1 X83.123 Y73.863
G1 E1.5 F1200
M204 S500
;TYPE:Perimeter
;WIDTH:0.562499
G1 F900
G1 X82.926 Y74.105 E1.50508
G1 X82.8 Y74.383 E1.51005
G1 X82.739 Y74.776 E1.51653
G1 X82.738 Y76.305 E1.54144
G1 X82.776 Y76.814 E1.54975
G1 X82.964 Y77.232 E1.55722
G1 X83.209 Y77.501 E1.56315
G1 X83.636 Y77.736 E1.57109
G1 X84.036 Y77.799 E1.57769
G1 X84.68 Y77.799 E1.58818
G1 X84.68 Y84.68 E1.70027
G1 X67.32 Y84.68 E1.98305
G1 X67.32 Y67.32 E2.26583
G1 X71.341 Y67.32 E2.33133
G1 X71.341 Y67.916 E2.34104
G1 X71.39 Y68.269 E2.34685
G1 X71.487 Y68.512 E2.35111
G1 X71.653 Y68.76 E2.35597
G1 X71.854 Y68.949 E2.36046
G1 X72.273 Y69.161 E2.36811
G1 X72.64 Y69.214 E2.37415
G1 X74.405 Y69.214 E2.4029
G1 X74.752 Y69.167 E2.4086
G1 X75.146 Y68.982 E2.41569
G1 X75.459 Y68.674 E2.42284
G1 X75.57 Y68.376 E2.42802
G1 X75.68 Y68.674 E2.43319
G1 X75.993 Y68.982 E2.44034
G1 X76.308 Y69.142 E2.4461
G1 X76.735 Y69.214 E2.45315
G1 X78.492 Y69.214 E2.48177
G1 X78.915 Y69.143 E2.48876
G1 X79.241 Y68.976 E2.49473
G1 X79.591 Y68.608 E2.503
G1 X79.718 Y68.342 E2.5078
G1 X79.79 Y67.916 E2.51484
G1 X79.791 Y67.32 E2.52455
G1 X84.68 Y67.32 E2.60419
G1 X84.68 Y73.478 E2.7045
G1 X84.038 Y73.477 E2.71496
G1 X83.581 Y73.56 E2.72253
G1 X83.175 Y73.81 E2.7303
M204 S1000
G1 X83.499 Y74.238 F6000
M204 S500
G1 F900
G1 X83.37 Y74.373 E2.73334
G1 X83.262 Y74.698 E2.73892
G1 X83.257 Y76.517 E2.76855
G1 X83.342 Y76.854 E2.77421
G1 X83.54 Y77.101 E2.77937
G1 X83.797 Y77.241 E2.78414
G1 X84.036 Y77.279 E2.78808
G1 X85.199 Y77.28 E2.80702
G1 X85.199 Y85.199 E2.93601
G1 X66.801 Y85.199 E3.2357
G1 X66.801 Y66.801 E3.53539
G1 X71.86 Y66.801 E3.6178
G1 X71.861 Y68.073 E3.63852
G1 X72.048 Y68.422 E3.64497
G1 X72.295 Y68.614 E3.65007
G1 X72.64 Y68.695 E3.65584
G1 X74.405 Y68.695 E3.68459
G1 X74.732 Y68.622 E3.69005
G1 X75.037 Y68.37 E3.69649
;WIDTH:0.605906
G1 X75.107 Y68.243 E3.69905
;WIDTH:0.649313
G1 X75.176 Y68.116 E3.7018
;WIDTH:0.692719
G1 X75.246 Y67.989 E3.70475
G1 X75.247 Y67.915 E3.70626
;WIDTH:0.688634
G1 X75.247 Y66.864 E3.72754
G1 X75.893 Y66.864 E3.74062
G1 X75.892 Y67.187 E3.74716
;WIDTH:0.692719
G1 X75.893 Y67.989 E3.7635
G1 X75.963 Y68.116 E3.76645
;WIDTH:0.649313
G1 X76.032 Y68.243 E3.7692
;WIDTH:0.605906
G1 X76.102 Y68.37 E3.77176
;WIDTH:0.562499
G1 X76.407 Y68.622 E3.7782
G1 X76.735 Y68.695 E3.78367
G1 X78.492 Y68.695 E3.81229
G1 X78.746 Y68.652 E3.81649
G1 X79.03 Y68.478 E3.82192
G1 X79.228 Y68.171 E3.82787
G1 X79.271 Y67.916 E3.83208
G1 X79.271 Y66.801 E3.85024
G1 X85.199 Y66.801 E3.9468
G1 X85.199 Y73.997 E4.06402
G1 X84.038 Y73.997 E4.08293
G1 X83.764 Y74.047 E4.08747
G1 X83.6 Y74.131 E4.09047
G1 X83.551 Y74.183 E4.09163
M204 S1000
G1 X83.862 Y74.602 F6000
M204 S500
;TYPE:External perimeter
G1 F720
G1 X83.79 Y74.698 E4.09358
G1 X83.777 Y76.532 E4.12346
G1 X83.871 Y76.7 E4.1266
G1 X84.037 Y76.76 E4.12948
G1 X85.719 Y76.761 E4.15688
G1 X85.719 Y85.719 E4.3028
G1 X66.281 Y85.719 E4.61943
G1 X66.281 Y66.281 E4.93606
G1 X72.38 Y66.281 E5.03541
G1 X72.38 Y67.972 E5.06296
G1 X72.483 Y68.122 E5.06592
G1 X72.64 Y68.175 E5.06862
G1 X74.439 Y68.175 E5.09792
G1 X74.616 Y68.067 E5.1013
G1 X74.664 Y67.915 E5.1039
G1 X74.664 Y66.281 E5.13052
G1 X76.476 Y66.281 E5.16004
G1 X76.476 Y67.938 E5.18703
G1 X76.586 Y68.129 E5.19062
G1 X76.735 Y68.175 E5.19316
G1 X78.492 Y68.175 E5.22178
G1 X78.671 Y68.103 E5.22492
G1 X78.751 Y67.915 E5.22825
G1 X78.752 Y66.281 E5.25487
G1 X85.719 Y66.281 E5.36836
G1 X85.719 Y74.517 E5.50252
G1 X84.038 Y74.517 E5.5299
G1 X83.915 Y74.554 E5.53199
G1 X83.797 Y75.04 F6000
G1 E4.03199 F1200
G92 E0
M204 S1000
G1 X84.29 Y78.849 F6000
G1 E1.5 F1200
M204 S500
;TYPE:Internal infill
;WIDTH:0.5625
G1 X84.29 Y78.189 E1.51075
G1 X83.519 Y78.108 E1.52338
G1 X83.181 Y77.956 E1.52942
G1 X82.961 Y77.802 E1.53379
G1 X82.642 Y77.452 E1.5415
G1 X82.409 Y76.939 E1.55068
G1 X75.058 Y84.29 E1.72002
G1 X76.942 Y84.29 E1.75071
G1 X67.71 Y75.058 E1.96338
G1 X67.71 Y76.942 E1.99407
G1 X75.57 Y69.106 E2.17486
G1 X76.027 Y69.449 E2.18417
G1 X76.404 Y69.572 E2.19063
G1 X76.952 Y69.604 E2.19957
G1 X82.355 Y75.007 E2.32404
G1 X82.428 Y74.263 E2.33622
G1 X82.59 Y73.906 E2.34261
G1 X82.893 Y73.534 E2.35043
G1 X83.448 Y73.193 E2.36104
G1 X84.29 Y73.088 E2.37486
G1 X84.29 Y69.594 E2.43177
G1 X82.406 Y67.71 E2.47517
G1 X84.29 Y67.71 E2.50586
G1 X67.71 Y84.29 E2.88781
G1 X67.71 Y82.406 E2.9185
G1 X69.594 Y84.29 E2.9619
G1 X72.711 Y84.29 E3.01267
G1 E1.51267
G92 E0
M204 S1000
G1 X79.289 Y84.29 F6000
G1 E1.5 F1200
M204 S500
G1 X82.406 Y84.29 E1.55077
G1 X84.29 Y82.406 E1.59417
G1 X84.29 Y84.29 E1.62486
G1 X67.71 Y67.71 E2.00681
G1 X67.71 Y69.594 E2.0375
G1 X69.594 Y67.71 E2.0809
G1 X70.951 Y67.71 E2.103
G1 X71.014 Y68.373 E2.11385
G1 X71.14 Y68.693 E2.11945
G1 X71.356 Y69.014 E2.12575
G1 X71.62 Y69.261 E2.13164
;LAYER_CHANGE
;Z:6.9
;HEIGHT:0.2
G1 E.63164 F1200
G92 E0
G1 Z6.9 F6000
M204 S1000
G1 X83.122 Y73.861
G1 E1.5 F1200
M204 S500
;TYPE:Perimeter
;WIDTH:0.562499
G1 F900
G1 X82.915 Y74.121 E1.50541
G1 X82.792 Y74.407 E1.51048
G1 X82.739 Y74.774 E1.51652
G1 X82.738 Y76.323 E1.54175
G1 X82.777 Y76.812 E1.54974
G1 X82.964 Y77.23 E1.5572
G1 X83.209 Y77.499 E1.56313
G1 X83.637 Y77.734 E1.57108
G1 X84.037 Y77.797 E1.57768
G1 X84.68 Y77.797 E1.58815
G1 X84.68 Y84.68 E1.70027
G1 X67.32 Y84.68 E1.98305
G1 X67.32 Y67.32 E2.26583
G1 X71.452 Y67.32 E2.33314
G1 X71.452 Y67.916 E2.34285
G1 X71.504 Y68.279 E2.34882
G1 X71.605 Y68.526 E2.35317
G1 X71.772 Y68.769 E2.35797
G1 X71.972 Y68.954 E2.36241
G1 X72.387 Y69.162 E2.36997
G1 X72.751 Y69.214 E2.37596
G1 X74.523 Y69.214 E2.40482
G1 X74.895 Y69.16 E2.41094
G1 X75.3 Y68.957 E2.41832
G1 X75.568 Y68.675 E2.42466
G1 X75.836 Y68.957 E2.431
G1 X76.241 Y69.16 E2.43838
G1 X76.613 Y69.214 E2.4445
G1 X78.365 Y69.214 E2.47304
G1 X78.796 Y69.141 E2.48016
G1 X79.129 Y68.966 E2.48629
G1 X79.456 Y68.62 E2.49404
G1 X79.589 Y68.351 E2.49893
G1 X79.664 Y67.916 E2.50612
G1 X79.664 Y67.32 E2.51583
G1 X84.68 Y67.32 E2.59754
G1 X84.68 Y73.475 E2.6978
G1 X84.038 Y73.475 E2.70826
G1 X83.577 Y73.56 E2.7159
G1 X83.176 Y73.81 E2.7236
M204 S1000
G1 X83.489 Y74.228 F6000
M204 S500
G1 F900
G1 X83.32 Y74.471 E2.72842
G1 X83.258 Y74.774 E2.73346
G1 X83.258 Y76.516 E2.76184
G1 X83.343 Y76.852 E2.76749
G1 X83.54 Y77.098 E2.77262
G1 X83.797 Y77.239 E2.7774
G1 X84.037 Y77.277 E2.78136
G1 X85.199 Y77.278 E2.80029
G1 X85.199 Y85.199 E2.92932
G1 X66.801 Y85.199 E3.22901
G1 X66.801 Y66.801 E3.5287
G1 X71.971 Y66.801 E3.61292
G1 X71.972 Y67.916 E3.63108
G1 X72.003 Y68.134 E3.63467
G1 X72.164 Y68.428 E3.64013
G1 X72.41 Y68.616 E3.64517
G1 X72.751 Y68.695 E3.65087
G1 X74.563 Y68.695 E3.68039
G1 X74.87 Y68.613 E3.68557
G1 X75.171 Y68.349 E3.69209
;WIDTH:0.568108
G1 X75.305 Y67.915 E3.69957
;WIDTH:0.568531
G1 X75.305 Y66.804 E3.71788
G1 X75.831 Y66.804 E3.72655
G1 X75.831 Y67.915 E3.74486
;WIDTH:0.568108
G1 X75.965 Y68.349 E3.75234
;WIDTH:0.562499
G1 X76.147 Y68.54 E3.75664
G1 X76.34 Y68.646 E3.76023
G1 X76.613 Y68.695 E3.76475
G1 X78.365 Y68.695 E3.79329
G1 X78.623 Y68.651 E3.79755
G1 X78.912 Y68.47 E3.8031
G1 X79.099 Y68.177 E3.80876
G1 X79.144 Y67.916 E3.81307
G1 X79.145 Y66.801 E3.83123
G1 X85.199 Y66.801 E3.92985
G1 X85.199 Y73.995 E4.04704
G1 X84.038 Y73.995 E4.06595
G1 X83.761 Y74.045 E4.07054
G1 X83.545 Y74.181 E4.0747
M204 S1000
G1 X83.86 Y74.594 F6000
M204 S500
;TYPE:External perimeter
G1 F720
G1 X83.834 Y74.613 E4.07522
G1 X83.778 Y74.774 E4.078
G1 X83.778 Y75.344 E4.08728
G1 X83.78 Y76.535 E4.10668
G1 X83.871 Y76.698 E4.10972
G1 X84.037 Y76.758 E4.1126
G1 X85.719 Y76.758 E4.14
G1 X85.719 Y85.719 E4.28597
G1 X66.281 Y85.719 E4.6026
G1 X66.281 Y66.281 E4.91923
G1 X72.491 Y66.281 E5.02039
G1 X72.491 Y67.973 E5.04795
G1 X72.595 Y68.123 E5.05092
G1 X72.751 Y68.175 E5.0536
G1 X74.564 Y68.175 E5.08313
G1 X74.739 Y68.06 E5.08654
G1 X74.783 Y67.915 E5.08901
G1 X74.782 Y66.281 E5.11563
G1 X76.354 Y66.281 E5.14124
G1 X76.354 Y67.938 E5.16823
G1 X76.457 Y68.124 E5.17169
G1 X76.613 Y68.175 E5.17436
G1 X78.388 Y68.175 E5.20327
G1 X78.547 Y68.1 E5.20613
G1 X78.625 Y67.916 E5.20939
G1 X78.626 Y66.281 E5.23602
G1 X85.719 Y66.281 E5.35156
G1 X85.719 Y74.515 E5.48569
G1 X83.969 Y74.514 E5.5142
G1 X83.921 Y74.55 E5.51518
G1 X83.789 Y75.032 F6000
G1 E4.01518 F1200
G92 E0
M204 S1000
G1 X84.29 Y78.849 F6000
G1 E1.5 F1200
M204 S500
;TYPE:Internal infill
;WIDTH:0.5625
G1 X84.29 Y78.187 E1.51078
G1 X83.519 Y78.106 E1.52341
G1 X83.181 Y77.954 E1.52945
G1 X82.961 Y77.8 E1.53382
G1 X82.642 Y77.45 E1.54153
G1 X82.41 Y76.938 E1.55069
G1 X75.058 Y84.29 E1.72005
G1 X76.942 Y84.29 E1.75074
G1 X67.71 Y75.058 E1.96341
G1 X67.71 Y76.942 E1.9941
G1 X75.191 Y69.461 E2.16644
G1 X75.568 Y69.235 E2.1736
G1 X76.129 Y69.534 E2.18396
G1 X76.952 Y69.604 E2.19741
G1 X82.349 Y75.001 E2.32174
G1 X82.419 Y74.292 E2.33335
G1 X82.576 Y73.928 E2.33981
G1 X82.882 Y73.543 E2.34782
G1 X83.442 Y73.193 E2.35858
G1 X84.29 Y73.086 E2.3725
G1 X84.29 Y69.594 E2.42938
G1 X82.406 Y67.71 E2.47278
G1 X84.29 Y67.71 E2.50347
G1 X67.71 Y84.29 E2.88542
G1 X67.71 Y82.406 E2.91611
G1 X69.594 Y84.29 E2.95951
G1 X72.711 Y84.29 E3.01028
G1 E1.51028
G92 E0
M204 S1000
G1 X79.289 Y84.29 F6000
G1 E1.5 F1200
M204 S500
G1 X82.406 Y84.29 E1.55077
G1 X84.29 Y82.406 E1.59417
G1 X84.29 Y84.29 E1.62486
G1 X67.71 Y67.71 E2.00681
G1 X69.594 Y67.71 E2.0375
G1 X67.71 Y69.594 E2.0809
G1 X67.71 Y72.711 E2.13167
;LAYER_CHANGE
;Z:7.1
;HEIGHT:0.2
G1 E.63167 F1200
G92 E0
G1 Z7.1 F6000
M204 S1000
G1 X83.121 Y73.858
G1 E1.5 F1200
M204 S500
;TYPE:Perimeter
;WIDTH:0.562499
G1 F900
G1 X82.905 Y74.138 E1.50576
G1 X82.785 Y74.431 E1.51092
G1 X82.739 Y74.771 E1.51651
G1 X82.739 Y76.339 E1.54205
G1 X82.777 Y76.81 E1.54975
G1 X82.964 Y77.227 E1.55719
G1 X83.209 Y77.496 E1.56312
G1 X83.637 Y77.731 E1.57107
G1 X84.037 Y77.795 E1.57767
G1 X84.68 Y77.795 E1.58814
G1 X84.68 Y84.68 E1.70029
G1 X67.32 Y84.68 E1.98307
G1 X67.32 Y67.32 E2.26585
G1 X71.563 Y67.32 E2.33497
G1 X71.563 Y67.916 E2.34468
G1 X71.618 Y68.289 E2.35082
G1 X71.723 Y68.539 E2.35524
G1 X71.891 Y68.778 E2.36
G1 X72.089 Y68.96 E2.36438
G1 X72.502 Y69.163 E2.37188
G1 X72.862 Y69.215 E2.37781
G1 X74.642 Y69.215 E2.4068
G1 X74.973 Y69.172 E2.41224
G1 X75.356 Y69 E2.41908
G1 X75.566 Y68.804 E2.42376
G1 X75.776 Y69 E2.42844
G1 X76.084 Y69.149 E2.43401
G1 X76.491 Y69.215 E2.44073
G1 X78.239 Y69.215 E2.4692
G1 X78.676 Y69.139 E2.47643
G1 X78.988 Y68.977 E2.48216
G1 X79.323 Y68.631 E2.49
G1 X79.459 Y68.361 E2.49492
G1 X79.538 Y67.916 E2.50228
G1 X79.538 Y67.32 E2.51199
G1 X84.68 Y67.32 E2.59575
G1 X84.68 Y73.473 E2.69598
G1 X84.039 Y73.473 E2.70642
G1 X83.573 Y73.559 E2.71414
G1 X83.177 Y73.81 E2.72178
M204 S1000
G1 X83.488 Y74.226 F6000
M204 S500
G1 F900
G1 X83.314 Y74.483 E2.72684
G1 X83.259 Y74.772 E2.73163
G1 X83.258 Y76.514 E2.76001
G1 X83.343 Y76.85 E2.76566
G1 X83.54 Y77.096 E2.77079
G1 X83.797 Y77.237 E2.77557
G1 X84.037 Y77.275 E2.77953
G1 X85.199 Y77.276 E2.79846
G1 X85.199 Y85.199 E2.92752
G1 X66.801 Y85.199 E3.22721
G1 X66.801 Y66.801 E3.5269
G1 X72.082 Y66.801 E3.61292
G1 X72.083 Y67.916 E3.63108
G1 X72.116 Y68.14 E3.63477
G1 X72.279 Y68.433 E3.64023
G1 X72.524 Y68.618 E3.64523
G1 X72.862 Y68.695 E3.65088
G1 X74.642 Y68.695 E3.67987
G1 X74.955 Y68.629 E3.68508
G1 X75.263 Y68.387 E3.69146
G1 X75.296 Y68.229 E3.69409
;WIDTH:0.524315
G1 X75.33 Y68.072 E3.69651
;WIDTH:0.48613
G1 X75.364 Y67.915 E3.69874
;WIDTH:0.448428
G1 X75.363 Y66.744 E3.71363
G1 X75.769 Y66.744 E3.71879
G1 X75.769 Y67.915 E3.73368
;WIDTH:0.48613
G1 X75.802 Y68.072 E3.73591
;WIDTH:0.524315
G1 X75.836 Y68.229 E3.73833
;WIDTH:0.562499
G1 X75.87 Y68.387 E3.74096
G1 X76.177 Y68.629 E3.74733
G1 X76.491 Y68.695 E3.75256
G1 X78.239 Y68.695 E3.78103
G1 X78.501 Y68.649 E3.78536
G1 X78.792 Y68.464 E3.79098
G1 X78.971 Y68.183 E3.79641
G1 X79.018 Y67.916 E3.80083
G1 X79.019 Y66.801 E3.81899
G1 X85.199 Y66.801 E3.91966
G1 X85.199 Y73.993 E4.03681
G1 X84.038 Y73.993 E4.05572
G1 X83.759 Y74.044 E4.06034
G1 X83.546 Y74.179 E4.06445
M204 S1000
G1 X83.861 Y74.592 F6000
M204 S500
;TYPE:External perimeter
G1 F720
G1 X83.832 Y74.614 E4.06504
G1 X83.778 Y74.772 E4.06776
G1 X83.778 Y75.466 E4.07906
G1 X83.78 Y76.533 E4.09644
G1 X83.872 Y76.696 E4.09949
G1 X84.037 Y76.755 E4.10234
G1 X85.719 Y76.756 E4.12974
G1 X85.719 Y85.719 E4.27574
G1 X66.281 Y85.719 E4.59237
G1 X66.281 Y66.281 E4.909
G1 X72.602 Y66.281 E5.01196
G1 X72.602 Y67.975 E5.03955
G1 X72.708 Y68.124 E5.04253
G1 X72.862 Y68.175 E5.04517
G1 X74.672 Y68.175 E5.07465
G1 X74.849 Y68.073 E5.07798
G1 X74.901 Y67.915 E5.08069
G1 X74.901 Y66.281 E5.10731
G1 X76.232 Y66.281 E5.12899
G1 X76.232 Y67.938 E5.15598
G1 X76.348 Y68.132 E5.15966
G1 X76.491 Y68.175 E5.16209
G1 X78.262 Y68.175 E5.19094
G1 X78.423 Y68.099 E5.19384
G1 X78.498 Y67.916 E5.19706
G1 X78.499 Y66.281 E5.22369
G1 X85.719 Y66.281 E5.3413
G1 X85.719 Y74.513 E5.47539
G1 X83.968 Y74.512 E5.50391
G1 X83.921 Y74.548 E5.50487
G1 X83.789 Y75.03 F6000
G1 E4.00487 F1200
G92 E0
M204 S1000
G1 X84.29 Y78.849 F6000
G1 E1.5 F1200
M204 S500
;TYPE:Internal infill
;WIDTH:0.5625
G1 X84.29 Y78.184 E1.51083
G1 X83.519 Y78.104 E1.52346
G1 X83.181 Y77.952 E1.5295
G1 X82.961 Y77.797 E1.53388
G1 X82.642 Y77.447 E1.54159
G1 X82.41 Y76.938 E1.5507
G1 X75.058 Y84.29 E1.72006
G1 X76.942 Y84.29 E1.75075
G1 X67.71 Y75.058 E1.96342
G1 X67.71 Y76.942 E1.99411
G1 X75.12 Y69.532 E2.16481
G1 X75.566 Y69.329 E2.17279
G1 X76.06 Y69.549 E2.1816
G1 X76.945 Y69.597 E2.19604
G1 X82.349 Y75.001 E2.32053
G1 X82.41 Y74.324 E2.3316
G1 X82.562 Y73.95 E2.33818
G1 X82.871 Y73.551 E2.3464
G1 X83.436 Y73.193 E2.3573
G1 X84.29 Y73.083 E2.37133
G1 X84.29 Y69.594 E2.42816
G1 X82.406 Y67.71 E2.47156
G1 X84.29 Y67.71 E2.50225
G1 X67.71 Y84.29 E2.8842
G1 X67.71 Y82.406 E2.91489
G1 X69.594 Y84.29 E2.95829
G1 X72.711 Y84.29 E3.00906
G1 E1.50906
G92 E0
M204 S1000
G1 X79.289 Y84.29 F6000
G1 E1.5 F1200
M204 S500
G1 X82.406 Y84.29 E1.55077
G1 X84.29 Y82.406 E1.59417
G1 X84.29 Y84.29 E1.62486
G1 X67.71 Y67.71 E2.00681
G1 X67.71 Y69.594 E2.0375
G1 X69.594 Y67.71 E2.0809
G1 X71.174 Y67.71 E2.10664
G1 X71.243 Y68.399 E2.11792
G1 X71.381 Y68.727 E2.12372
G1 X71.679 Y69.111 E2.13164
M106 S20.4
;LAYER_CHANGE
;Z:7.3
;HEIGHT:0.2
G1 E.63164 F1200
G92 E0
G1 Z7.3 F6000
M204 S1000
G1 X83.132 Y73.862
G1 E1.5 F1200
M204 S500
;TYPE:Perimeter
;WIDTH:0.562499
G1 F900
G1 X82.997 Y73.993 E1.50306
G1 X82.823 Y74.311 E1.50896
G1 X82.74 Y74.769 E1.51654
G1 X82.739 Y76.354 E1.54236
G1 X82.778 Y76.808 E1.54978
G1 X82.964 Y77.225 E1.55722
G1 X83.209 Y77.494 E1.56315
G1 X83.637 Y77.729 E1.5711
G1 X84.037 Y77.792 E1.5777
G1 X84.68 Y77.793 E1.58817
G1 X84.68 Y84.68 E1.70035
G1 X67.32 Y84.68 E1.98313
G1 X67.32 Y67.32 E2.26591
G1 X71.674 Y67.32 E2.33683
G1 X71.674 Y67.916 E2.34654
G1 X71.732 Y68.299 E2.35285
G1 X71.841 Y68.552 E2.35734
G1 X72.009 Y68.787 E2.36205
G1 X72.207 Y68.965 E2.36639
G1 X72.616 Y69.165 E2.37381
G1 X72.973 Y69.215 E2.37968
G1 X74.797 Y69.215 E2.40939
G1 X75.223 Y69.129 E2.41647
G1 X75.565 Y68.913 E2.42306
G1 X75.724 Y69.043 E2.42641
G1 X76.012 Y69.165 E2.4315
G1 X76.369 Y69.215 E2.43737
G1 X78.39 Y69.185 E2.47029
G1 X78.73 Y69.058 E2.4762
G1 X79.057 Y68.807 E2.48291
G1 X79.329 Y68.37 E2.49129
G1 X79.411 Y67.916 E2.4988
G1 X79.411 Y67.32 E2.50851
G1 X84.68 Y67.32 E2.59434
G1 X84.68 Y73.471 E2.69454
G1 X84.039 Y73.471 E2.70498
G1 X83.568 Y73.559 E2.71279
G1 X83.293 Y73.706 E2.71787
G1 X83.186 Y73.81 E2.7203
M204 S1000
G1 X83.487 Y74.223 F6000
M204 S500
G1 F900
G1 X83.309 Y74.495 E2.7256
G1 X83.259 Y74.769 E2.73014
G1 X83.259 Y76.512 E2.75853
G1 X83.343 Y76.848 E2.76417
G1 X83.541 Y77.094 E2.76931
G1 X83.797 Y77.235 E2.77407
G1 X84.037 Y77.273 E2.77803
G1 X85.199 Y77.273 E2.79696
G1 X85.199 Y85.199 E2.92607
G1 X66.801 Y85.199 E3.22576
G1 X66.801 Y66.801 E3.52545
G1 X72.193 Y66.801 E3.61328
G1 X72.194 Y67.916 E3.63144
G1 X72.229 Y68.145 E3.63521
G1 X72.395 Y68.438 E3.6407
G1 X72.638 Y68.619 E3.64564
G1 X72.973 Y68.695 E3.65124
G1 X74.76 Y68.695 E3.68035
G1 X75.038 Y68.644 E3.68495
G1 X75.347 Y68.428 E3.69109
;WIDTH:0.590644
G1 X75.456 Y68.207 E3.69532
;WIDTH:0.618788
G1 X75.565 Y67.986 E3.69977
G1 X75.673 Y68.207 E3.70421
;WIDTH:0.590644
G1 X75.782 Y68.428 E3.70844
;WIDTH:0.562499
G1 X76.091 Y68.644 E3.71458
G1 X76.369 Y68.695 E3.71918
G1 X78.112 Y68.695 E3.74757
G1 X78.378 Y68.648 E3.75197
G1 X78.671 Y68.459 E3.75765
G1 X78.842 Y68.189 E3.76286
G1 X78.892 Y67.916 E3.76738
G1 X78.892 Y66.801 E3.78554
G1 X85.199 Y66.801 E3.88828
G1 X85.199 Y73.991 E4.0054
G1 X84.039 Y73.99 E4.0243
G1 X83.756 Y74.043 E4.02899
G1 X83.546 Y74.178 E4.03306
G1 E2.53306 F1200
G92 E0
M204 S1000
G1 X75.565 Y66.826 F6000
G1 E1.5 F1200
M204 S500
;WIDTH:0.618788
G1 F720
G1 X75.565 Y67.986 E1.52094
G1 E.02094 F1200
G92 E0
M204 S1000
G1 X83.863 Y74.584 F6000
G1 E1.5 F1200
M204 S500
;TYPE:External perimeter
;WIDTH:0.562499
G1 F720
G1 X83.852 Y74.589 E1.5002
G1 X83.779 Y74.77 E1.50338
G1 X83.778 Y75.588 E1.5167
G1 X83.781 Y76.531 E1.53206
G1 X83.872 Y76.694 E1.5351
G1 X84.038 Y76.753 E1.53797
G1 X85.719 Y76.754 E1.56535
G1 X85.719 Y85.719 E1.71138
G1 X66.281 Y85.719 E2.02801
G1 X66.281 Y66.281 E2.34464
G1 X72.713 Y66.281 E2.44941
G1 X72.714 Y67.976 E2.47702
G1 X72.82 Y68.126 E2.48001
G1 X72.973 Y68.176 E2.48263
G1 X74.779 Y68.176 E2.51205
G1 X74.956 Y68.087 E2.51528
G1 X75.02 Y67.916 E2.51825
G1 X75.019 Y66.281 E2.54488
G1 X76.11 Y66.281 E2.56265
G1 X76.109 Y67.916 E2.58928
G1 X76.173 Y68.087 E2.59225
G1 X76.24 Y68.141 E2.59365
G1 X76.369 Y68.176 E2.59583
G1 X78.138 Y68.174 E2.62465
G1 X78.299 Y68.097 E2.62756
G1 X78.372 Y67.916 E2.63074
G1 X78.373 Y66.281 E2.65737
G1 X85.719 Y66.281 E2.77703
G1 X85.719 Y74.511 E2.91109
G1 X84.039 Y74.51 E2.93846
G1 X83.932 Y74.555 E2.94035
G1 X83.787 Y75.033 F6000
G1 E1.44035 F1200
G92 E0
M204 S1000
G1 X84.29 Y78.848 F6000
G1 E1.5 F1200
M204 S500
;TYPE:Internal infill
;WIDTH:0.5625
G1 X84.29 Y78.182 E1.51085
G1 X83.519 Y78.102 E1.52348
G1 X83.181 Y77.949 E1.52952
G1 X82.961 Y77.795 E1.53389
G1 X82.642 Y77.445 E1.5416
G1 X82.411 Y76.937 E1.55069
G1 X75.058 Y84.29 E1.72008
G1 X76.942 Y84.29 E1.75077
G1 X67.71 Y75.058 E1.96344
G1 X67.71 Y76.942 E1.99413
G1 X75.089 Y69.563 E2.16412
G1 X75.565 Y69.39 E2.17237
G1 X76.21 Y69.597 E2.1834
G1 X76.948 Y69.6 E2.19542
G1 X82.35 Y75.002 E2.31986
G1 X82.367 Y74.524 E2.32765
G1 X82.457 Y74.176 E2.33351
G1 X82.86 Y73.56 E2.3455
G1 X83.431 Y73.193 E2.35656
G1 X84.29 Y73.081 E2.37067
G1 X84.29 Y69.594 E2.42747
G1 X82.406 Y67.71 E2.47087
G1 X84.29 Y67.71 E2.50156
G1 X67.71 Y84.29 E2.88351
G1 X67.71 Y82.406 E2.9142
G1 X69.594 Y84.29 E2.9576
G1 X72.711 Y84.29 E3.00837
G1 E1.50837
G92 E0
M204 S1000
G1 X79.289 Y84.29 F6000
G1 E1.5 F1200
M204 S500
G1 X82.406 Y84.29 E1.55077
G1 X84.29 Y82.406 E1.59417
G1 X84.29 Y84.29 E1.62486
G1 X67.71 Y67.71 E2.00681
G1 X67.71 Y69.594 E2.0375
G1 X69.594 Y67.71 E2.0809
G1 X71.285 Y67.71 E2.10845
G1 X71.358 Y68.411 E2.11993
G1 X71.501 Y68.744 E2.12583
G1 X71.71 Y69.035 E2.13167
M106 S25.5
;LAYER_CHANGE
;Z:7.5
;HEIGHT:0.2
G1 E.63167 F1200
G92 E0
G1 Z7.5 F6000
M204 S1000
G1 X83.133 Y73.861
G1 E1.5 F1200
M204 S500
;TYPE:Perimeter
;WIDTH:0.562499
G1 F900
G1 X82.988 Y74.004 E1.50332
G1 X82.815 Y74.332 E1.50936
G1 X82.74 Y74.767 E1.51655
G1 X82.739 Y76.367 E1.54261
G1 X82.778 Y76.806 E1.54979
G1 X82.965 Y77.223 E1.55723
G1 X83.209 Y77.492 E1.56315
G1 X83.637 Y77.727 E1.5711
G1 X84.037 Y77.79 E1.5777
G1 X84.68 Y77.791 E1.58817
G1 X84.68 Y84.68 E1.70039
G1 X67.32 Y84.68 E1.98317
G1 X67.32 Y67.32 E2.26595
G1 X71.785 Y67.32 E2.33868
G1 X71.785 Y67.917 E2.3484
G1 X71.846 Y68.308 E2.35485
G1 X71.959 Y68.565 E2.35942
G1 X72.128 Y68.795 E2.36407
G1 X72.324 Y68.969 E2.36834
G1 X72.73 Y69.166 E2.37569
G1 X73.084 Y69.215 E2.38151
G1 X74.879 Y69.215 E2.41075
G1 X75.279 Y69.152 E2.41735
G1 X75.563 Y69.002 E2.42258
G1 X75.847 Y69.152 E2.42781
G1 X76.247 Y69.215 E2.43441
G1 X77.19 Y69.215 E2.44977
G1 X78.267 Y69.184 E2.46732
G1 X78.613 Y69.053 E2.47335
G1 X78.927 Y68.811 E2.47981
G1 X79.199 Y68.38 E2.48811
G1 X79.285 Y67.917 E2.49578
G1 X79.285 Y67.32 E2.5055
G1 X84.68 Y67.32 E2.59338
G1 X84.68 Y73.469 E2.69354
G1 X84.039 Y73.469 E2.70398
G1 X83.564 Y73.559 E2.71186
G1 X83.288 Y73.708 E2.71697
G1 X83.186 Y73.808 E2.7193
M204 S1000
G1 X83.486 Y74.22 F6000
M204 S500
G1 F900
G1 X83.305 Y74.506 E2.72481
G1 X83.259 Y74.767 E2.72913
G1 X83.259 Y76.511 E2.75754
G1 X83.344 Y76.845 E2.76315
G1 X83.541 Y77.092 E2.7683
G1 X83.797 Y77.233 E2.77306
G1 X84.038 Y77.271 E2.77703
G1 X85.199 Y77.271 E2.79594
G1 X85.199 Y85.199 E2.92508
G1 X66.801 Y85.199 E3.22477
G1 X66.801 Y66.801 E3.52446
G1 X72.304 Y66.801 E3.6141
G1 X72.305 Y67.916 E3.63226
G1 X72.341 Y68.151 E3.63613
G1 X72.51 Y68.443 E3.64163
G1 X72.752 Y68.621 E3.64652
G1 X73.084 Y68.695 E3.65206
G1 X74.879 Y68.695 E3.6813
G1 X75.119 Y68.657 E3.68526
G1 X75.422 Y68.475 E3.69102
G1 X75.563 Y68.178 E3.69638
G1 X75.704 Y68.475 E3.70174
G1 X76.007 Y68.657 E3.7075
G1 X76.247 Y68.695 E3.71146
G1 X77.986 Y68.695 E3.73979
G1 X78.256 Y68.647 E3.74426
G1 X78.551 Y68.453 E3.75001
G1 X78.714 Y68.194 E3.75499
G1 X78.765 Y67.916 E3.75959
G1 X78.766 Y66.801 E3.77775
G1 X85.199 Y66.801 E3.88254
G1 X85.199 Y73.989 E3.99963
G1 X84.039 Y73.988 E4.01853
G1 X83.754 Y74.042 E4.02326
G1 X83.547 Y74.177 E4.02729
M204 S1000
G1 X83.864 Y74.583 F6000
M204 S500
;TYPE:External perimeter
G1 F720
G1 X83.85 Y74.589 E4.02754
G1 X83.779 Y74.768 E4.03068
G1 X83.779 Y75.71 E4.04602
G1 X83.781 Y76.529 E4.05936
G1 X83.872 Y76.691 E4.06239
G1 X84.038 Y76.751 E4.06527
G1 X85.719 Y76.752 E4.09265
G1 X85.719 Y85.719 E4.23872
G1 X66.281 Y85.719 E4.55535
G1 X66.281 Y66.281 E4.87198
G1 X72.824 Y66.281 E4.97856
G1 X72.825 Y67.978 E5.0062
G1 X72.932 Y68.127 E5.00919
G1 X73.084 Y68.176 E5.01179
G1 X74.879 Y68.176 E5.04103
G1 X75.06 Y68.102 E5.04422
;WIDTH:0.603674
G1 X75.1 Y68.056 E5.04529
;WIDTH:0.644849
G1 X75.14 Y68.009 E5.04645
;WIDTH:0.686024
G1 X75.181 Y67.962 E5.04771
;WIDTH:0.727199
G1 X75.221 Y67.916 E5.04902
;WIDTH:0.727803
G1 X75.22 Y66.364 E5.08234
G1 X75.906 Y66.364 E5.09707
G1 X75.905 Y67.916 E5.13039
;WIDTH:0.727199
G1 X75.945 Y67.962 E5.1317
;WIDTH:0.686024
G1 X75.986 Y68.009 E5.13296
;WIDTH:0.644849
G1 X76.026 Y68.056 E5.13412
;WIDTH:0.603674
G1 X76.066 Y68.102 E5.13519
;WIDTH:0.562499
G1 X76.247 Y68.176 E5.13838
G1 X78.012 Y68.174 E5.16713
G1 X78.174 Y68.095 E5.17007
G1 X78.245 Y67.916 E5.17321
G1 X78.246 Y66.281 E5.19984
G1 X85.719 Y66.281 E5.32157
G1 X85.719 Y74.509 E5.4556
G1 X84.039 Y74.508 E5.48297
G1 X83.933 Y74.553 E5.48485
G1 X83.788 Y75.032 F6000
G1 E3.98485 F1200
G92 E0
M204 S1000
G1 X84.29 Y78.848 F6000
G1 E1.5 F1200
M204 S500
;TYPE:Internal infill
;WIDTH:0.5625
G1 X84.29 Y78.18 E1.51088
G1 X83.519 Y78.1 E1.52351
G1 X83.181 Y77.947 E1.52955
G1 X82.961 Y77.792 E1.53393
G1 X82.643 Y77.443 E1.54162
G1 X82.412 Y76.936 E1.5507
G1 X75.058 Y84.29 E1.72011
G1 X76.942 Y84.29 E1.7508
G1 X67.71 Y75.058 E1.96347
G1 X67.71 Y76.942 E1.99416
G1 X75.065 Y69.587 E2.16359
G1 X75.563 Y69.454 E2.17199
G1 X76.111 Y69.599 E2.18122
G1 X76.95 Y69.602 E2.19489
G1 X82.359 Y75.011 E2.31949
G1 X82.362 Y74.56 E2.32684
G1 X82.447 Y74.204 E2.3328
G1 X82.672 Y73.775 E2.34069
G1 X82.85 Y73.568 E2.34514
G1 X83.425 Y73.193 E2.35632
G1 X84.29 Y73.079 E2.37053
G1 X84.29 Y69.594 E2.4273
G1 X82.406 Y67.71 E2.4707
G1 X84.29 Y67.71 E2.50139
G1 X67.71 Y84.29 E2.88334
G1 X67.71 Y82.406 E2.91403
G1 X69.594 Y84.29 E2.95743
G1 X72.711 Y84.29 E3.0082
G1 E1.5082
G92 E0
M204 S1000
G1 X79.289 Y84.29 F6000
G1 E1.5 F1200
M204 S500
G1 X82.406 Y84.29 E1.55077
G1 X84.29 Y82.406 E1.59417
G1 X84.29 Y84.29 E1.62486
G1 X67.71 Y67.71 E2.00681
G1 X67.71 Y69.594 E2.0375
G1 X69.594 Y67.71 E2.0809
G1 X71.396 Y67.71 E2.11025
G1 X71.472 Y68.423 E2.12193
G1 X71.756 Y68.944 E2.1316
;LAYER_CHANGE
;Z:7.7
;HEIGHT:0.2
G1 E.6316 F1200
G92 E0
G1 Z7.7 F6000
M204 S1000
G1 X83.134 Y73.859
G1 E1.5 F1200
M204 S500
;TYPE:Perimeter
;WIDTH:0.562499
G1 F900
G1 X82.978 Y74.016 E1.50361
G1 X82.807 Y74.353 E1.50977
G1 X82.74 Y74.765 E1.51657
G1 X82.739 Y76.378 E1.54284
G1 X82.778 Y76.804 E1.54981
G1 X82.965 Y77.221 E1.55725
G1 X83.209 Y77.489 E1.56315
G1 X83.637 Y77.725 E1.57111
G1 X84.038 Y77.788 E1.57772
G1 X84.68 Y77.788 E1.58818
G1 X84.68 Y84.68 E1.70045
G1 X67.32 Y84.68 E1.98323
G1 X67.32 Y67.32 E2.26601
G1 X71.896 Y67.32 E2.34055
G1 X71.896 Y67.917 E2.35027
G1 X71.96 Y68.317 E2.35687
G1 X72.077 Y68.577 E2.36151
G1 X72.22 Y68.774 E2.36548
G1 X72.558 Y69.048 E2.37257
G1 X72.898 Y69.181 E2.37852
G1 X73.195 Y69.215 E2.38339
G1 X75.155 Y69.215 E2.41532
G1 X75.561 Y69.075 E2.42232
G1 X75.791 Y69.171 E2.42638
G1 X76.125 Y69.215 E2.43187
G1 X77.193 Y69.215 E2.44927
G1 X78.144 Y69.184 E2.46477
G1 X78.496 Y69.048 E2.47092
G1 X78.81 Y68.801 E2.47743
G1 X79.069 Y68.389 E2.48536
G1 X79.158 Y67.917 E2.49318
G1 X79.158 Y67.32 E2.5029
G1 X84.68 Y67.32 E2.59285
G1 X84.68 Y73.467 E2.69298
G1 X84.04 Y73.467 E2.70341
G1 X83.56 Y73.558 E2.71137
G1 X83.283 Y73.709 E2.71651
G1 X83.187 Y73.806 E2.71873
M204 S1000
G1 X83.492 Y74.212 F6000
M204 S500
G1 F900
G1 X83.485 Y74.217 E2.71887
G1 X83.3 Y74.518 E2.72463
G1 X83.26 Y74.765 E2.72871
G1 X83.259 Y76.509 E2.75712
G1 X83.344 Y76.843 E2.76273
G1 X83.541 Y77.089 E2.76786
G1 X83.798 Y77.23 E2.77264
G1 X84.038 Y77.269 E2.7766
G1 X85.199 Y77.269 E2.79551
G1 X85.199 Y85.199 E2.92468
G1 X66.801 Y85.199 E3.22437
G1 X66.801 Y66.801 E3.52406
G1 X72.415 Y66.801 E3.61551
G1 X72.416 Y67.916 E3.63367
G1 X72.454 Y68.157 E3.63764
G1 X72.524 Y68.312 E3.64041
G1 X72.709 Y68.525 E3.64501
G1 X72.917 Y68.644 E3.64891
G1 X73.195 Y68.695 E3.65351
G1 X75.118 Y68.695 E3.68483
G1 X75.484 Y68.524 E3.69141
G1 X75.561 Y68.381 E3.69406
G1 X75.638 Y68.524 E3.69671
G1 X75.836 Y68.64 E3.70045
G1 X76.125 Y68.695 E3.70524
G1 X77.938 Y68.691 E3.73477
G1 X78.241 Y68.595 E3.73995
G1 X78.43 Y68.447 E3.74386
G1 X78.585 Y68.2 E3.74861
G1 X78.639 Y67.916 E3.75332
G1 X78.639 Y66.801 E3.77148
G1 X85.199 Y66.801 E3.87834
G1 X85.199 Y73.987 E3.99539
G1 X84.039 Y73.986 E4.01429
G1 X83.752 Y74.041 E4.01905
G1 X83.555 Y74.171 E4.02289
M204 S1000
G1 X83.86 Y74.581 F6000
M204 S500
;TYPE:External perimeter
G1 F720
G1 X83.849 Y74.588 E4.0231
G1 X83.779 Y74.765 E4.0262
G1 X83.779 Y75.833 E4.0436
G1 X83.781 Y76.527 E4.0549
G1 X83.873 Y76.689 E4.05793
G1 X84.038 Y76.749 E4.06079
G1 X85.719 Y76.75 E4.08817
G1 X85.719 Y85.719 E4.23427
G1 X66.281 Y85.719 E4.5509
G1 X66.281 Y66.281 E4.86753
G1 X72.935 Y66.281 E4.97592
G1 X72.936 Y67.978 E5.00356
G1 X73.033 Y68.119 E5.00635
G1 X73.195 Y68.176 E5.00915
G1 X74.997 Y68.176 E5.0385
G1 X75.159 Y68.119 E5.0413
;WIDTH:0.607035
G1 X75.279 Y67.916 E5.04547
;WIDTH:0.607701
G1 X75.279 Y66.304 E5.07401
G1 X75.844 Y66.304 E5.08401
G1 X75.843 Y67.916 E5.11255
;WIDTH:0.607035
G1 X75.963 Y68.119 E5.11672
;WIDTH:0.562499
G1 X76.125 Y68.176 E5.11952
G1 X77.886 Y68.175 E5.14821
G1 X78.049 Y68.093 E5.15118
G1 X78.119 Y67.916 E5.15428
G1 X78.12 Y66.281 E5.18091
G1 X85.719 Y66.281 E5.30469
G1 X85.719 Y74.506 E5.43867
G1 X83.97 Y74.506 E5.46716
G1 X83.922 Y74.539 E5.46811
G1 X83.79 Y75.021 F6000
G1 E3.96811 F1200
G92 E0
M204 S1000
G1 X84.29 Y78.847 F6000
G1 E1.5 F1200
M204 S500
;TYPE:Internal infill
;WIDTH:0.5625
G1 X84.29 Y78.178 E1.5109
G1 X83.519 Y78.097 E1.52353
G1 X83.181 Y77.945 E1.52957
G1 X82.961 Y77.79 E1.53395
G1 X82.643 Y77.441 E1.54164
G1 X82.413 Y76.935 E1.55069
G1 X75.058 Y84.29 E1.72012
G1 X76.942 Y84.29 E1.75081
G1 X67.71 Y75.058 E1.96348
G1 X67.71 Y76.942 E1.99417
G1 X75.048 Y69.604 E2.16321
G1 X75.561 Y69.504 E2.17172
G1 X76.013 Y69.601 E2.17925
G1 X76.951 Y69.603 E2.19453
G1 X82.357 Y75.009 E2.31907
G1 X82.359 Y74.592 E2.32586
G1 X82.437 Y74.231 E2.33188
G1 X82.66 Y73.791 E2.33992
G1 X82.839 Y73.577 E2.34446
G1 X83.42 Y73.193 E2.3558
G1 X84.29 Y73.077 E2.3701
G1 X84.29 Y69.594 E2.42684
G1 X82.406 Y67.71 E2.47024
G1 X84.29 Y67.71 E2.50093
G1 X67.71 Y84.29 E2.88288
G1 X67.71 Y82.406 E2.91357
G1 X69.594 Y84.29 E2.95697
G1 X72.711 Y84.29 E3.00774
G1 E1.50774
G92 E0
M204 S1000
G1 X79.289 Y84.29 F6000
G1 E1.5 F1200
M204 S500
G1 X82.406 Y84.29 E1.55077
G1 X84.29 Y82.406 E1.59417
G1 X84.29 Y84.29 E1.62486
G1 X67.71 Y67.71 E2.00681
G1 X67.71 Y69.594 E2.0375
G1 X69.594 Y67.71 E2.0809
G1 X71.507 Y67.71 E2.11206
G1 X71.587 Y68.435 E2.12394
G1 X71.8 Y68.856 E2.13163
;LAYER_CHANGE
;Z:7.9
;HEIGHT:0.2
G1 E.63163 F1200
G92 E0
G1 Z7.9 F6000
M204 S1000
G1 X83.135 Y73.858
G1 E1.5 F1200
M204 S500
;TYPE:Perimeter
;WIDTH:0.562499
G1 F900
G1 X82.969 Y74.027 E1.50386
G1 X82.8 Y74.373 E1.51013
G1 X82.74 Y74.763 E1.51656
G1 X82.74 Y76.387 E1.54301
G1 X82.779 Y76.802 E1.5498
G1 X82.965 Y77.219 E1.55724
G1 X83.21 Y77.487 E1.56315
G1 X83.637 Y77.722 E1.57109
G1 X84.038 Y77.786 E1.5777
G1 X84.68 Y77.786 E1.58816
G1 X84.68 Y84.68 E1.70046
G1 X67.32 Y84.68 E1.98324
G1 X67.32 Y67.32 E2.26602
G1 X72.007 Y67.32 E2.34237
G1 X72.007 Y67.917 E2.35209
G1 X72.074 Y68.326 E2.35884
G1 X72.195 Y68.588 E2.36354
G1 X72.338 Y68.782 E2.36747
G1 X72.675 Y69.051 E2.37449
G1 X73.012 Y69.181 E2.38037
G1 X73.306 Y69.215 E2.38519
G1 X75.176 Y69.215 E2.41565
G1 X75.56 Y69.13 E2.42206
G1 X75.614 Y69.155 E2.42303
G1 X76.004 Y69.215 E2.42946
G1 X77.195 Y69.215 E2.44886
G1 X78.02 Y69.183 E2.46231
G1 X78.378 Y69.043 E2.46857
G1 X78.693 Y68.791 E2.47514
G1 X78.939 Y68.397 E2.48271
G1 X79.032 Y67.917 E2.49067
G1 X79.032 Y67.32 E2.50039
G1 X84.68 Y67.32 E2.59239
G1 X84.68 Y73.465 E2.69249
G1 X84.04 Y73.464 E2.70292
G1 X83.556 Y73.558 E2.71095
G1 X83.278 Y73.711 E2.71612
G1 X83.187 Y73.804 E2.71824
M204 S1000
G1 X83.494 Y74.211 F6000
M204 S500
G1 F900
G1 X83.481 Y74.22 E2.7185
G1 X83.336 Y74.428 E2.72263
G1 X83.26 Y74.763 E2.72823
G1 X83.259 Y75.955 E2.74765
G1 X83.26 Y76.518 E2.75682
G1 X83.344 Y76.841 E2.76226
G1 X83.541 Y77.087 E2.76739
G1 X83.798 Y77.228 E2.77217
G1 X84.038 Y77.266 E2.77613
G1 X85.199 Y77.267 E2.79504
G1 X85.199 Y85.199 E2.92425
G1 X66.801 Y85.199 E3.22394
G1 X66.801 Y66.801 E3.52363
G1 X72.526 Y66.801 E3.61689
G1 X72.527 Y67.917 E3.63507
G1 X72.567 Y68.162 E3.63911
G1 X72.639 Y68.319 E3.64192
G1 X72.824 Y68.528 E3.64647
G1 X73.031 Y68.645 E3.65034
G1 X73.306 Y68.696 E3.6549
G1 X75.035 Y68.696 E3.68306
G1 X75.35 Y68.66 E3.68822
G1 X75.56 Y68.529 E3.69225
G1 X75.77 Y68.66 E3.69628
G1 X76.004 Y68.696 E3.70014
G1 X77.812 Y68.692 E3.72959
G1 X78.12 Y68.593 E3.73486
G1 X78.309 Y68.441 E3.73881
G1 X78.457 Y68.205 E3.74335
G1 X78.512 Y67.917 E3.74813
G1 X78.513 Y66.801 E3.76631
G1 X85.199 Y66.801 E3.87522
G1 X85.199 Y73.984 E3.99223
G1 X84.04 Y73.984 E4.01111
G1 X83.749 Y74.04 E4.01594
G1 X83.556 Y74.169 E4.01972
M204 S1000
G1 X83.864 Y74.578 F6000
M204 S500
;TYPE:External perimeter
G1 F720
G1 X83.853 Y74.582 E4.01991
G1 X83.78 Y74.763 E4.02309
G1 X83.779 Y75.955 E4.04251
G1 X83.782 Y76.525 E4.0518
G1 X83.873 Y76.687 E4.05483
G1 X84.039 Y76.747 E4.05771
G1 X85.719 Y76.748 E4.08508
G1 X85.719 Y85.719 E4.23121
G1 X66.281 Y85.719 E4.54784
G1 X66.281 Y66.281 E4.86447
G1 X73.046 Y66.281 E4.97467
G1 X73.047 Y67.979 E5.00233
G1 X73.145 Y68.12 E5.00513
G1 X73.306 Y68.176 E5.00791
G1 X75.035 Y68.176 E5.03607
G1 X75.254 Y68.136 E5.0397
G1 X75.296 Y68.026 E5.04162
;WIDTH:0.524686
G1 X75.338 Y67.916 E5.0434
;WIDTH:0.487598
G1 X75.337 Y66.244 E5.06671
G1 X75.782 Y66.244 E5.07291
G1 X75.782 Y67.916 E5.09622
;WIDTH:0.524686
G1 X75.823 Y68.026 E5.09799
;WIDTH:0.562499
G1 X75.865 Y68.136 E5.09991
G1 X76.004 Y68.176 E5.10227
G1 X77.759 Y68.175 E5.13086
G1 X77.925 Y68.091 E5.13389
G1 X77.993 Y67.916 E5.13695
G1 X77.993 Y66.281 E5.16358
G1 X85.719 Y66.281 E5.28943
G1 X85.719 Y74.504 E5.42338
G1 X84.04 Y74.504 E5.45073
G1 X83.933 Y74.548 E5.45261
G1 X83.788 Y75.027 F6000
G1 E3.95261 F1200
G92 E0
M204 S1000
G1 X84.29 Y78.847 F6000
G1 E1.5 F1200
M204 S500
;TYPE:Internal infill
;WIDTH:0.5625
G1 X84.29 Y78.176 E1.51093
G1 X83.519 Y78.095 E1.52356
G1 X83.181 Y77.942 E1.5296
G1 X82.961 Y77.788 E1.53397
G1 X82.643 Y77.438 E1.54167
G1 X82.414 Y76.934 E1.55069
G1 X75.058 Y84.29 E1.72015
G1 X76.942 Y84.29 E1.75084
G1 X67.71 Y75.058 E1.96351
G1 X67.71 Y76.942 E1.9942
G1 X75.047 Y69.605 E2.16322
G1 X75.563 Y69.542 E2.17169
G1 X75.911 Y69.603 E2.17745
G1 X76.952 Y69.604 E2.19441
G1 X82.355 Y75.007 E2.31888
G1 X82.427 Y74.259 E2.33112
G1 X82.648 Y73.806 E2.33933
G1 X82.828 Y73.586 E2.34396
G1 X83.413 Y73.193 E2.35544
G1 X84.29 Y73.075 E2.36985
G1 X84.29 Y69.594 E2.42655
G1 X82.406 Y67.71 E2.46995
G1 X84.29 Y67.71 E2.50064
G1 X67.71 Y84.29 E2.88259
G1 X67.71 Y82.406 E2.91328
G1 X69.594 Y84.29 E2.95668
G1 X72.711 Y84.29 E3.00745
G1 E1.50745
G92 E0
M204 S1000
G1 X79.289 Y84.29 F6000
G1 E1.5 F1200
M204 S500
G1 X82.406 Y84.29 E1.55077
G1 X84.29 Y82.406 E1.59417
G1 X84.29 Y84.29 E1.62486
G1 X67.71 Y67.71 E2.00681
G1 X67.71 Y69.594 E2.0375
G1 X69.594 Y67.71 E2.0809
G1 X71.618 Y67.71 E2.11387
G1 X71.702 Y68.447 E2.12595
G1 X71.849 Y68.765 E2.13166
;LAYER_CHANGE
;Z:8.1
;HEIGHT:0.2
G1 E.63166 F1200
G92 E0
G1 Z8.1 F6000
M204 S1000
G1 X75.558 Y66.346
G1 E1.5 F1200
M204 S500
;TYPE:External perimeter
;WIDTH:0.692972
G1 F720
G1 X75.558 Y67.945 E1.53259
G1 X75.558 Y67.445 F6000
G1 E.03259 F1200
G92 E0
M204 S1000
G1 X83.135 Y73.856 F6000
G1 E1.5 F1200
M204 S500
;TYPE:Perimeter
;WIDTH:0.562499
G1 F900
G1 X82.96 Y74.039 E1.50412
G1 X82.794 Y74.394 E1.5105
G1 X82.741 Y74.761 E1.51654
G1 X82.74 Y76.395 E1.54316
G1 X82.779 Y76.8 E1.54979
G1 X82.966 Y77.216 E1.55722
G1 X83.21 Y77.485 E1.56314
G1 X83.637 Y77.72 E1.57108
G1 X84.038 Y77.784 E1.57769
G1 X84.68 Y77.784 E1.58815
G1 X84.68 Y84.68 E1.70048
G1 X67.32 Y84.68 E1.98326
G1 X67.32 Y67.32 E2.26604
G1 X72.118 Y67.32 E2.3442
G1 X72.118 Y67.917 E2.35392
G1 X72.188 Y68.335 E2.36082
G1 X72.312 Y68.599 E2.36557
G1 X72.619 Y68.941 E2.37306
G1 X72.962 Y69.133 E2.37946
G1 X73.417 Y69.215 E2.38699
G1 X75.036 Y69.215 E2.41336
G1 X75.43 Y69.2 E2.41978
G1 X77.198 Y69.215 E2.44858
G1 X77.896 Y69.183 E2.45996
G1 X78.26 Y69.039 E2.46634
G1 X78.575 Y68.782 E2.47296
G1 X78.809 Y68.406 E2.48017
G1 X78.905 Y67.917 E2.48829
G1 X78.906 Y67.32 E2.49801
G1 X84.68 Y67.32 E2.59206
G1 X84.68 Y73.462 E2.69211
G1 X84.04 Y73.462 E2.70254
G1 X83.551 Y73.557 E2.71065
G1 X83.273 Y73.713 E2.71584
G1 X83.187 Y73.802 E2.71786
M204 S1000
G1 X83.494 Y74.21 F6000
M204 S500
G1 F900
G1 X83.476 Y74.223 E2.71822
G1 X83.331 Y74.437 E2.72243
G1 X83.26 Y74.761 E2.72783
G1 X83.26 Y76.505 E2.75624
G1 X83.345 Y76.839 E2.76185
G1 X83.541 Y77.085 E2.76697
G1 X83.798 Y77.226 E2.77175
G1 X84.039 Y77.264 E2.77572
G1 X85.199 Y77.265 E2.79462
G1 X85.199 Y85.199 E2.92386
G1 X66.801 Y85.199 E3.22355
G1 X66.801 Y66.801 E3.52324
G1 X72.637 Y66.801 E3.6183
G1 X72.638 Y67.917 E3.63648
G1 X72.68 Y68.168 E3.64063
G1 X72.754 Y68.326 E3.64347
G1 X72.938 Y68.531 E3.64796
G1 X73.144 Y68.646 E3.6518
G1 X73.417 Y68.696 E3.65632
G1 X75.234 Y68.696 E3.68592
G1 X75.558 Y68.625 E3.69132
G1 X75.882 Y68.696 E3.69672
G1 X77.674 Y68.696 E3.72591
G1 X77.999 Y68.59 E3.73148
G1 X78.188 Y68.436 E3.73545
G1 X78.328 Y68.21 E3.73978
G1 X78.386 Y67.917 E3.74465
G1 X78.386 Y66.801 E3.76283
G1 X85.199 Y66.801 E3.87381
G1 X85.199 Y73.982 E3.99078
G1 X84.04 Y73.982 E4.00966
G1 X83.747 Y74.039 E4.01452
G1 X83.556 Y74.168 E4.01827
M204 S1000
G1 X83.865 Y74.576 F6000
M204 S500
;TYPE:External perimeter
G1 F720
G1 X83.852 Y74.582 E4.0185
G1 X83.78 Y74.761 E4.02164
G1 X83.779 Y76.518 E4.05026
G1 X83.873 Y76.685 E4.05338
G1 X84.039 Y76.745 E4.05626
G1 X85.719 Y76.745 E4.08363
G1 X85.719 Y85.719 E4.22981
G1 X66.281 Y85.719 E4.54644
G1 X66.281 Y66.281 E4.86307
G1 X73.157 Y66.281 E4.97508
G1 X73.158 Y67.981 E5.00277
G1 X73.258 Y68.121 E5.00557
G1 X73.417 Y68.176 E5.00831
G1 X75.284 Y68.176 E5.03872
;WIDTH:0.60599
G1 X75.376 Y68.099 E5.04084
;WIDTH:0.649481
G1 X75.467 Y68.022 E5.04311
;WIDTH:0.692972
G1 X75.558 Y67.945 E5.04554
G1 X75.63 Y68.014 E5.04757
;WIDTH:0.649481
G1 X75.702 Y68.083 E5.04947
;WIDTH:0.60599
G1 X75.773 Y68.153 E5.05123
;WIDTH:0.562499
G1 X75.882 Y68.176 E5.05304
G1 X77.63 Y68.176 E5.08151
G1 X77.8 Y68.089 E5.08462
G1 X77.866 Y67.917 E5.08762
G1 X77.867 Y66.281 E5.11427
G1 X85.719 Y66.281 E5.24217
G1 X85.719 Y74.502 E5.37608
G1 X84.04 Y74.501 E5.40343
G1 X83.934 Y74.547 E5.40531
G1 X83.788 Y75.025 F6000
G1 E3.90531 F1200
G92 E0
M204 S1000
G1 X84.29 Y78.846 F6000
G1 E1.5 F1200
M204 S500
;TYPE:Internal infill
;WIDTH:0.5625
G1 X84.29 Y78.174 E1.51095
G1 X83.52 Y78.093 E1.52356
G1 X83.181 Y77.94 E1.52962
G1 X82.961 Y77.785 E1.534
G1 X82.644 Y77.436 E1.54168
G1 X82.414 Y76.934 E1.55067
G1 X75.058 Y84.29 E1.72013
G1 X76.942 Y84.29 E1.75082
G1 X67.71 Y75.058 E1.96349
G1 X67.71 Y76.942 E1.99418
G1 X75.048 Y69.605 E2.16321
G1 X76.953 Y69.605 E2.19424
G1 X82.353 Y75.005 E2.31864
G1 X82.419 Y74.286 E2.3304
G1 X82.636 Y73.822 E2.33874
G1 X82.818 Y73.595 E2.34348
G1 X83.407 Y73.193 E2.3551
G1 X84.29 Y73.073 E2.36962
G1 X84.29 Y69.594 E2.42629
G1 X82.406 Y67.71 E2.46969
G1 X84.29 Y67.71 E2.50038
G1 X67.71 Y84.29 E2.88233
G1 X67.71 Y82.406 E2.91302
G1 X69.594 Y84.29 E2.95642
G1 X72.711 Y84.29 E3.00719
G1 E1.50719
G92 E0
M204 S1000
G1 X79.289 Y84.29 F6000
G1 E1.5 F1200
M204 S500
G1 X82.406 Y84.29 E1.55077
G1 X84.29 Y82.406 E1.59417
G1 X84.29 Y84.29 E1.62486
G1 X67.71 Y67.71 E2.00681
G1 X67.71 Y69.594 E2.0375
G1 X69.594 Y67.71 E2.0809
G1 X71.729 Y67.71 E2.11568
G1 X71.817 Y68.458 E2.12795
G1 X71.914 Y68.664 E2.13166
;LAYER_CHANGE
;Z:8.3
;HEIGHT:0.2
G1 E.63166 F1200
G92 E0
G1 Z8.3 F6000
M204 S1000
G1 X75.556 Y66.226
G1 E1.5 F1200
M204 S500
;TYPE:External perimeter
;WIDTH:0.46792
G1 F720
G1 X75.556 Y67.934 E1.52276
G1 X75.556 Y67.434 F6000
G1 E.02276 F1200
G92 E0
M204 S1000
G1 X83.136 Y73.855 F6000
G1 E1.5 F1200
M204 S500
;TYPE:Perimeter
;WIDTH:0.562499
G1 F900
G1 X82.951 Y74.051 E1.50439
G1 X82.788 Y74.414 E1.51087
G1 X82.741 Y74.758 E1.51653
G1 X82.74 Y76.199 E1.54
G1 X82.779 Y76.798 E1.54978
G1 X82.966 Y77.214 E1.55721
G1 X83.21 Y77.482 E1.56311
G1 X83.638 Y77.718 E1.57107
G1 X84.039 Y77.782 E1.57768
G1 X84.68 Y77.782 E1.58812
G1 X84.68 Y84.68 E1.70048
G1 X67.32 Y84.68 E1.98326
G1 X67.32 Y67.32 E2.26604
G1 X72.229 Y67.32 E2.346
G1 X72.229 Y67.917 E2.35572
G1 X72.302 Y68.344 E2.36278
G1 X72.43 Y68.61 E2.36759
G1 X72.736 Y68.946 E2.37499
G1 X73.076 Y69.134 E2.38132
G1 X73.528 Y69.216 E2.3888
G1 X75.76 Y69.216 E2.42516
G1 X77.201 Y69.216 E2.44863
G1 X77.772 Y69.182 E2.45795
G1 X78.142 Y69.034 E2.46444
G1 X78.457 Y68.772 E2.47111
G1 X78.68 Y68.414 E2.47798
G1 X78.779 Y67.917 E2.48623
G1 X78.779 Y67.32 E2.49595
G1 X84.68 Y67.32 E2.59207
G1 X84.68 Y73.46 E2.69209
G1 X84.041 Y73.46 E2.7025
G1 X83.547 Y73.557 E2.7107
G1 X83.268 Y73.714 E2.71591
G1 X83.187 Y73.8 E2.71783
M204 S1000
G1 X83.495 Y74.209 F6000
M204 S500
G1 F900
G1 X83.472 Y74.226 E2.7183
G1 X83.326 Y74.446 E2.7226
G1 X83.261 Y74.759 E2.72781
G1 X83.26 Y76.518 E2.75646
G1 X83.345 Y76.837 E2.76184
G1 X83.542 Y77.082 E2.76696
G1 X83.798 Y77.224 E2.77173
G1 X84.039 Y77.262 E2.7757
G1 X85.199 Y77.263 E2.7946
G1 X85.199 Y85.199 E2.92387
G1 X66.801 Y85.199 E3.22356
G1 X66.801 Y66.801 E3.52325
G1 X72.748 Y66.801 E3.62012
G1 X72.749 Y67.917 E3.6383
G1 X72.792 Y68.173 E3.64253
G1 X72.869 Y68.333 E3.64542
G1 X73.053 Y68.534 E3.64986
G1 X73.257 Y68.647 E3.65366
G1 X73.528 Y68.696 E3.65815
G1 X75.76 Y68.696 E3.69451
G1 X77.48 Y68.696 E3.72253
G1 X77.762 Y68.643 E3.7272
G1 X77.989 Y68.507 E3.73151
G1 X78.2 Y68.215 E3.73738
G1 X78.259 Y67.917 E3.74233
G1 X78.26 Y66.801 E3.76051
G1 X85.199 Y66.801 E3.87354
G1 X85.199 Y73.98 E3.99048
G1 X84.04 Y73.98 E4.00936
G1 X83.744 Y74.038 E4.01427
G1 X83.557 Y74.167 E4.01797
M204 S1000
G1 X83.866 Y74.575 F6000
M204 S500
;TYPE:External perimeter
G1 F720
G1 X83.851 Y74.581 E4.01823
G1 X83.78 Y74.759 E4.02135
G1 X83.779 Y76.515 E4.04995
G1 X83.873 Y76.683 E4.05309
G1 X84.039 Y76.742 E4.05596
G1 X85.719 Y76.743 E4.08333
G1 X85.719 Y85.719 E4.22954
G1 X66.281 Y85.719 E4.54617
G1 X66.281 Y66.281 E4.8628
G1 X73.268 Y66.281 E4.97661
G1 X73.269 Y67.982 E5.00432
G1 X73.37 Y68.123 E5.00715
G1 X73.528 Y68.176 E5.00986
G1 X75.388 Y68.176 E5.04016
G1 X75.472 Y68.055 E5.04256
;WIDTH:0.51521
G1 X75.556 Y67.934 E5.04474
G1 X75.622 Y68.05 E5.04672
;WIDTH:0.562499
G1 X75.688 Y68.166 E5.04889
G1 X75.76 Y68.176 E5.05007
G1 X77.504 Y68.176 E5.07848
G1 X77.675 Y68.088 E5.08161
G1 X77.74 Y67.917 E5.08459
G1 X77.741 Y66.281 E5.11124
G1 X85.719 Y66.281 E5.2412
G1 X85.719 Y74.5 E5.37508
G1 X84.04 Y74.499 E5.40243
G1 X83.934 Y74.545 E5.40431
G1 X83.789 Y75.023 F6000
G1 E3.90431 F1200
G92 E0
M204 S1000
G1 X84.29 Y78.846 F6000
G1 E1.5 F1200
M204 S500
;TYPE:Internal infill
;WIDTH:0.5625
G1 X84.29 Y78.171 E1.511
G1 X83.52 Y78.091 E1.52361
G1 X83.181 Y77.938 E1.52967
G1 X82.644 Y77.434 E1.54167
G1 X82.415 Y76.933 E1.55064
G1 X75.058 Y84.29 E1.72012
G1 X76.942 Y84.29 E1.75081
G1 X67.71 Y75.058 E1.96348
G1 X67.71 Y76.942 E1.99417
G1 X75.057 Y69.595 E2.16342
G1 X76.949 Y69.601 E2.19424
G1 X82.351 Y75.003 E2.31868
G1 X82.412 Y74.31 E2.33001
G1 X82.77 Y73.646 E2.3423
G1 X82.984 Y73.44 E2.34714
G1 X83.402 Y73.194 E2.35504
G1 X84.29 Y73.07 E2.36965
G1 X84.29 Y69.594 E2.42627
G1 X82.406 Y67.71 E2.46967
G1 X84.29 Y67.71 E2.50036
G1 X67.71 Y84.29 E2.88231
G1 X67.71 Y82.406 E2.913
G1 X69.594 Y84.29 E2.9564
G1 X72.711 Y84.29 E3.00717
G1 E1.50717
G92 E0
M204 S1000
G1 X79.289 Y84.29 F6000
G1 E1.5 F1200
M204 S500
G1 X82.406 Y84.29 E1.55077
G1 X84.29 Y82.406 E1.59417
G1 X84.29 Y84.29 E1.62486
G1 X67.71 Y67.71 E2.00681
G1 X67.71 Y69.594 E2.0375
G1 X69.594 Y67.71 E2.0809
G1 X71.84 Y67.71 E2.11749
G1 X71.977 Y68.564 E2.13158
;LAYER_CHANGE
;Z:8.5
;HEIGHT:0.2
G1 E.63158 F1200
G92 E0
G1 Z8.5 F6000
M204 S1000
G1 X75.555 Y66.106
G1 E1.5 F1200
M204 S500
;TYPE:External perimeter
;WIDTH:0.46792
G1 F720
G1 X75.555 Y67.924 E1.52422
G1 X75.555 Y67.424 F6000
G1 E.02422 F1200
G92 E0
M204 S1000
G1 X83.121 Y73.842 F6000
G1 E1.5 F1200
M204 S500
;TYPE:Perimeter
;WIDTH:0.562499
G1 F900
G1 X82.914 Y74.111 E1.50553
G1 X82.794 Y74.391 E1.51049
G1 X82.741 Y74.756 E1.5165
G1 X82.741 Y76.322 E1.54201
G1 X82.78 Y76.797 E1.54977
G1 X82.966 Y77.212 E1.55718
G1 X83.21 Y77.48 E1.56308
G1 X83.638 Y77.716 E1.57104
G1 X84.039 Y77.779 E1.57765
G1 X84.68 Y77.78 E1.58809
G1 X84.68 Y84.68 E1.70049
G1 X67.32 Y84.68 E1.98327
G1 X67.32 Y67.32 E2.26605
G1 X72.34 Y67.32 E2.34782
G1 X72.34 Y67.917 E2.35754
G1 X72.416 Y68.353 E2.36475
G1 X72.548 Y68.621 E2.36962
G1 X72.854 Y68.951 E2.37695
G1 X73.191 Y69.136 E2.38321
G1 X73.639 Y69.216 E2.39062
G1 X75.036 Y69.216 E2.41338
G1 X77.436 Y69.216 E2.45247
G1 X77.829 Y69.126 E2.45904
G1 X78.119 Y68.966 E2.46444
G1 X78.339 Y68.763 E2.46932
G1 X78.55 Y68.423 E2.47584
G1 X78.652 Y67.917 E2.48425
G1 X78.653 Y67.32 E2.49397
G1 X84.68 Y67.32 E2.59215
G1 X84.68 Y73.458 E2.69213
G1 X84.041 Y73.458 E2.70254
G1 X83.543 Y73.557 E2.71081
G1 X83.181 Y73.797 E2.71788
M204 S1000
G1 X83.488 Y74.209 F6000
M204 S500
G1 F900
G1 X83.322 Y74.455 E2.72271
G1 X83.261 Y74.756 E2.72771
G1 X83.26 Y76.516 E2.75638
G1 X83.345 Y76.835 E2.76176
G1 X83.542 Y77.08 E2.76688
G1 X83.798 Y77.222 E2.77165
G1 X84.039 Y77.26 E2.77562
G1 X85.199 Y77.26 E2.79452
G1 X85.199 Y85.199 E2.92384
G1 X66.801 Y85.199 E3.22353
G1 X66.801 Y66.801 E3.52322
G1 X72.86 Y66.801 E3.62192
G1 X72.86 Y67.917 E3.6401
G1 X72.905 Y68.178 E3.64441
G1 X73.071 Y68.45 E3.6496
G1 X73.37 Y68.648 E3.65544
G1 X73.639 Y68.696 E3.65989
G1 X75.036 Y68.696 E3.68265
G1 X77.353 Y68.696 E3.72039
G1 X77.639 Y68.642 E3.72513
G1 X77.895 Y68.477 E3.73009
G1 X78.071 Y68.22 E3.73516
G1 X78.133 Y67.917 E3.7402
G1 X78.133 Y66.801 E3.75838
G1 X85.199 Y66.801 E3.87348
G1 X85.199 Y73.978 E3.99039
G1 X84.041 Y73.977 E4.00925
G1 X83.742 Y74.037 E4.01422
G1 X83.548 Y74.165 E4.01801
M204 S1000
G1 X83.861 Y74.574 F6000
M204 S500
;TYPE:External perimeter
G1 F720
G1 X83.843 Y74.588 E4.01838
G1 X83.781 Y74.757 E4.02131
G1 X83.78 Y76.513 E4.04991
G1 X83.874 Y76.68 E4.05303
G1 X84.039 Y76.74 E4.05589
G1 X85.719 Y76.741 E4.08326
G1 X85.719 Y85.719 E4.22951
G1 X66.281 Y85.719 E4.54614
G1 X66.281 Y66.281 E4.86277
G1 X73.379 Y66.281 E4.97839
G1 X73.38 Y67.983 E5.00611
G1 X73.482 Y68.124 E5.00894
G1 X73.639 Y68.177 E5.01164
G1 X75.475 Y68.177 E5.04155
G1 X75.515 Y68.05 E5.04372
;WIDTH:0.51521
G1 X75.555 Y67.924 E5.04568
G1 X75.594 Y68.05 E5.04763
;WIDTH:0.562499
G1 X75.634 Y68.177 E5.0498
G1 X77.353 Y68.177 E5.0778
G1 X77.534 Y68.103 E5.08099
G1 X77.613 Y67.917 E5.08428
G1 X77.614 Y66.281 E5.11093
G1 X85.719 Y66.281 E5.24295
G1 X85.719 Y74.498 E5.3768
G1 X83.968 Y74.497 E5.40532
G1 X83.922 Y74.53 E5.40624
G1 X83.791 Y75.013 F6000
G1 E3.90624 F1200
G92 E0
M204 S1000
G1 X84.29 Y78.846 F6000
G1 E1.5 F1200
M204 S500
;TYPE:Internal infill
;WIDTH:0.5625
G1 X84.29 Y78.169 E1.51103
G1 X83.52 Y78.088 E1.52364
G1 X83.181 Y77.935 E1.5297
G1 X82.644 Y77.432 E1.54169
G1 X82.416 Y76.932 E1.55064
G1 X75.058 Y84.29 E1.72014
G1 X76.942 Y84.29 E1.75083
G1 X67.71 Y75.058 E1.9635
G1 X67.71 Y76.942 E1.99419
G1 X75.047 Y69.605 E2.16321
G1 X76.953 Y69.605 E2.19426
G1 X82.357 Y75.01 E2.31876
G1 X82.42 Y74.279 E2.33071
G1 X82.758 Y73.657 E2.34224
G1 X82.972 Y73.448 E2.34711
G1 X83.396 Y73.194 E2.35516
G1 X84.29 Y73.068 E2.36987
G1 X84.29 Y69.594 E2.42646
G1 X82.406 Y67.71 E2.46986
G1 X84.29 Y67.71 E2.50055
G1 X67.71 Y84.29 E2.8825
G1 X67.71 Y82.406 E2.91319
G1 X69.594 Y84.29 E2.95659
G1 X72.711 Y84.29 E3.00736
G1 E1.50736
G92 E0
M204 S1000
G1 X79.289 Y84.29 F6000
G1 E1.5 F1200
M204 S500
G1 X82.406 Y84.29 E1.55077
G1 X84.29 Y82.406 E1.59417
G1 X84.29 Y84.29 E1.62486
G1 X67.71 Y67.71 E2.00681
G1 X67.71 Y69.594 E2.0375
G1 X69.594 Y67.71 E2.0809
G1 X71.951 Y67.71 E2.11929
G1 X72.043 Y68.463 E2.13165
;LAYER_CHANGE
;Z:8.7
;HEIGHT:0.2
G1 E.63165 F1200
G92 E0
G1 Z8.7 F6000
M204 S1000
G1 X83.125 Y73.835
G1 E1.5 F1200
M204 S500
;TYPE:Perimeter
;WIDTH:0.562499
G1 F900
G1 X83.115 Y73.844 E1.50022
G1 X82.903 Y74.128 E1.50599
G1 X82.787 Y74.413 E1.511
G1 X82.742 Y74.75 E1.51654
G1 X82.741 Y76.478 E1.54469
G1 X82.78 Y76.795 E1.54989
G1 X82.966 Y77.21 E1.5573
G1 X83.21 Y77.478 E1.5632
G1 X83.638 Y77.714 E1.57116
G1 X84.039 Y77.777 E1.57777
G1 X84.68 Y77.778 E1.58821
G1 X84.68 Y84.68 E1.70064
G1 X67.32 Y84.68 E1.98342
G1 X67.32 Y67.32 E2.2662
G1 X72.451 Y67.32 E2.34978
G1 X72.451 Y67.918 E2.35952
G1 X72.53 Y68.361 E2.36685
G1 X72.666 Y68.631 E2.37177
G1 X72.971 Y68.956 E2.37903
G1 X73.306 Y69.137 E2.38523
G1 X73.75 Y69.216 E2.39258
G1 X75.482 Y69.216 E2.42079
G1 X77.388 Y69.216 E2.45184
G1 X77.849 Y69.057 E2.45978
G1 X78.135 Y68.846 E2.46557
G1 X78.421 Y68.429 E2.47381
G1 X78.526 Y67.918 E2.48231
G1 X78.526 Y67.32 E2.49205
G1 X84.68 Y67.32 E2.59229
G1 X84.68 Y73.456 E2.69224
G1 X84.041 Y73.456 E2.70265
G1 X83.54 Y73.556 E2.71097
G1 X83.26 Y73.716 E2.71622
G1 X83.181 Y73.786 E2.71794
M204 S1000
G1 X83.494 Y74.202 F6000
M204 S500
G1 F900
G1 X83.485 Y74.208 E2.71812
G1 X83.317 Y74.466 E2.72314
G1 X83.261 Y74.754 E2.72792
G1 X83.26 Y76.514 E2.75659
G1 X83.346 Y76.832 E2.76196
G1 X83.542 Y77.078 E2.76708
G1 X83.799 Y77.219 E2.77186
G1 X84.04 Y77.258 E2.77584
G1 X85.199 Y77.258 E2.79472
G1 X85.199 Y85.199 E2.92407
G1 X66.801 Y85.199 E3.22376
G1 X66.801 Y66.801 E3.52345
G1 X72.971 Y66.801 E3.62395
G1 X72.971 Y67.917 E3.64213
G1 X73.018 Y68.183 E3.64653
G1 X73.186 Y68.454 E3.65172
G1 X73.484 Y68.649 E3.65752
G1 X73.75 Y68.696 E3.66192
G1 X75.482 Y68.696 E3.69013
G1 X77.378 Y68.696 E3.72101
G1 X77.727 Y68.515 E3.72741
G1 X77.943 Y68.224 E3.73331
G1 X78.006 Y67.917 E3.73842
G1 X78.007 Y66.801 E3.7566
G1 X85.199 Y66.801 E3.87375
G1 X85.199 Y73.976 E3.99063
G1 X84.041 Y73.975 E4.00949
G1 X83.74 Y74.035 E4.01449
G1 X83.556 Y74.16 E4.01811
M204 S1000
G1 X83.862 Y74.573 F6000
M204 S500
;TYPE:External perimeter
G1 F720
G1 X83.842 Y74.587 E4.01851
G1 X83.781 Y74.755 E4.02142
G1 X83.78 Y76.511 E4.05002
G1 X83.874 Y76.678 E4.05314
G1 X84.04 Y76.738 E4.05602
G1 X85.719 Y76.739 E4.08337
G1 X85.719 Y85.719 E4.22965
G1 X66.281 Y85.719 E4.54628
G1 X66.281 Y66.281 E4.86291
G1 X73.49 Y66.281 E4.98034
G1 X73.491 Y67.985 E5.0081
G1 X73.594 Y68.125 E5.01093
G1 X73.75 Y68.177 E5.01361
G1 X75.482 Y68.177 E5.04182
G1 X77.245 Y68.177 E5.07054
G1 X77.409 Y68.103 E5.07347
G1 X77.487 Y67.917 E5.07676
G1 X77.488 Y66.281 E5.10341
G1 X85.719 Y66.281 E5.23749
G1 X85.719 Y74.496 E5.37131
G1 X83.968 Y74.495 E5.39983
G1 X83.922 Y74.528 E5.40075
G1 X83.792 Y75.011 F6000
G1 E3.90075 F1200
G92 E0
M204 S1000
G1 X84.29 Y78.845 F6000
G1 E1.5 F1200
M204 S500
;TYPE:Internal infill
;WIDTH:0.5625
G1 X84.29 Y78.167 E1.51104
G1 X83.52 Y78.086 E1.52365
G1 X83.181 Y77.933 E1.52971
G1 X82.644 Y77.43 E1.5417
G1 X82.417 Y76.931 E1.55063
G1 X75.058 Y84.29 E1.72016
G1 X76.942 Y84.29 E1.75085
G1 X67.71 Y75.058 E1.96352
G1 X67.71 Y76.942 E1.99421
G1 X75.046 Y69.606 E2.16321
G1 X76.954 Y69.606 E2.19429
G1 X82.356 Y75.008 E2.31873
G1 X82.411 Y74.308 E2.33017
G1 X82.56 Y73.941 E2.33662
G1 X82.748 Y73.667 E2.34203
G1 X82.96 Y73.456 E2.3469
G1 X83.392 Y73.193 E2.35514
G1 X84.29 Y73.066 E2.36991
G1 X84.29 Y69.594 E2.42647
G1 X82.406 Y67.71 E2.46987
G1 X84.29 Y67.71 E2.50056
G1 X67.71 Y84.29 E2.88251
G1 X67.71 Y82.406 E2.9132
G1 X69.594 Y84.29 E2.9566
G1 X72.711 Y84.29 E3.00737
G1 E1.50737
G92 E0
M204 S1000
G1 X79.289 Y84.29 F6000
G1 E1.5 F1200
M204 S500
G1 X82.406 Y84.29 E1.55077
G1 X84.29 Y82.406 E1.59417
G1 X84.29 Y84.29 E1.62486
G1 X67.71 Y67.71 E2.00681
G1 X67.71 Y69.594 E2.0375
G1 X69.594 Y67.71 E2.0809
G1 X72.062 Y67.71 E2.1211
G1 X72.137 Y68.353 E2.13165
;LAYER_CHANGE
;Z:8.9
;HEIGHT:0.2
G1 E.63165 F1200
G92 E0
G1 Z8.9 F6000
M204 S1000
G1 X83.126 Y73.834
G1 E1.5 F1200
M204 S500
;TYPE:Perimeter
;WIDTH:0.562499
G1 F900
G1 X83.098 Y73.86 E1.50062
G1 X82.895 Y74.14 E1.50625
G1 X82.785 Y74.42 E1.51115
G1 X82.742 Y74.752 E1.5166
G1 X82.741 Y76.476 E1.54468
G1 X82.78 Y76.793 E1.54988
G1 X82.967 Y77.208 E1.55729
G1 X83.21 Y77.475 E1.56317
G1 X83.638 Y77.711 E1.57113
G1 X84.04 Y77.775 E1.57776
G1 X84.68 Y77.775 E1.58819
G1 X84.68 Y84.68 E1.70067
G1 X67.32 Y84.68 E1.98345
G1 X67.32 Y67.32 E2.26623
G1 X72.562 Y67.32 E2.35162
G1 X72.562 Y67.918 E2.36136
G1 X72.644 Y68.369 E2.36883
G1 X72.783 Y68.641 E2.37381
G1 X73.088 Y68.96 E2.381
G1 X73.42 Y69.139 E2.38714
G1 X73.861 Y69.216 E2.39443
G1 X75.485 Y69.216 E2.42088
G1 X77.272 Y69.216 E2.44999
G1 X77.73 Y69.053 E2.45791
G1 X78.008 Y68.847 E2.46355
G1 X78.293 Y68.433 E2.47174
G1 X78.399 Y67.918 E2.4803
G1 X78.4 Y67.32 E2.49004
G1 X84.68 Y67.32 E2.59234
G1 X84.68 Y73.454 E2.69226
G1 X84.041 Y73.454 E2.70267
G1 X83.541 Y73.554 E2.71098
G1 X83.261 Y73.714 E2.71623
G1 X83.182 Y73.784 E2.71795
M204 S1000
G1 X83.494 Y74.205 F6000
M204 S500
G1 F900
G1 X83.44 Y74.256 E2.71916
G1 X83.288 Y74.553 E2.72459
G1 X83.262 Y74.86 E2.72961
G1 X83.261 Y76.512 E2.75652
G1 X83.346 Y76.83 E2.76188
G1 X83.542 Y77.076 E2.767
G1 X83.799 Y77.217 E2.77178
G1 X84.04 Y77.256 E2.77576
G1 X85.199 Y77.256 E2.79464
G1 X85.199 Y85.199 E2.92403
G1 X66.801 Y85.199 E3.22372
G1 X66.801 Y66.801 E3.52341
G1 X73.082 Y66.801 E3.62572
G1 X73.082 Y67.917 E3.6439
G1 X73.131 Y68.188 E3.64839
G1 X73.301 Y68.458 E3.65359
G1 X73.597 Y68.65 E3.65934
G1 X73.861 Y68.696 E3.66371
G1 X77.101 Y68.696 E3.71649
G1 X77.312 Y68.667 E3.71996
G1 X77.606 Y68.51 E3.72539
G1 X77.816 Y68.226 E3.73114
G1 X77.88 Y67.917 E3.73628
G1 X77.88 Y66.801 E3.75446
G1 X85.199 Y66.801 E3.87368
G1 X85.199 Y73.974 E3.99052
G1 X84.041 Y73.973 E4.00938
G1 X83.741 Y74.033 E4.01436
G1 X83.573 Y74.129 E4.01751
G1 X83.548 Y74.153 E4.01807
M204 S1000
G1 X83.868 Y74.579 F6000
M204 S500
;TYPE:External perimeter
G1 F720
G1 X83.812 Y74.63 E4.0193
G1 X83.781 Y74.86 E4.02308
G1 X83.78 Y76.509 E4.04994
G1 X83.874 Y76.676 E4.05306
G1 X84.04 Y76.736 E4.05594
G1 X85.719 Y76.737 E4.08329
G1 X85.719 Y85.719 E4.2296
G1 X66.281 Y85.719 E4.54623
G1 X66.281 Y66.281 E4.86286
G1 X73.601 Y66.281 E4.9821
G1 X73.602 Y67.986 E5.00987
G1 X73.707 Y68.126 E5.01272
G1 X73.861 Y68.177 E5.01536
G1 X75.485 Y68.177 E5.04181
G1 X77.105 Y68.177 E5.0682
G1 X77.282 Y68.103 E5.07133
G1 X77.36 Y67.917 E5.07462
G1 X77.361 Y66.281 E5.10127
G1 X85.719 Y66.281 E5.23742
G1 X85.719 Y74.493 E5.37119
G1 X83.963 Y74.493 E5.39979
G1 X83.924 Y74.528 E5.40064
G1 X83.792 Y75.011 F6000
G1 E3.90064 F1200
G92 E0
M204 S1000
G1 X84.29 Y78.845 F6000
G1 E1.5 F1200
M204 S500
;TYPE:Internal infill
;WIDTH:0.5625
G1 X84.29 Y78.165 E1.51108
G1 X83.52 Y78.084 E1.52369
G1 X83.181 Y77.931 E1.52975
G1 X82.645 Y77.427 E1.54173
G1 X82.418 Y76.93 E1.55063
G1 X75.058 Y84.29 E1.72018
G1 X76.942 Y84.29 E1.75087
G1 X67.71 Y75.058 E1.96354
G1 X67.71 Y76.942 E1.99423
G1 X75.046 Y69.606 E2.16323
G1 X76.953 Y69.606 E2.19429
G1 X82.356 Y75.008 E2.31874
G1 X82.408 Y74.318 E2.33001
G1 X82.55 Y73.957 E2.33633
G1 X82.948 Y73.464 E2.34665
G1 X83.393 Y73.191 E2.35515
G1 X84.29 Y73.064 E2.36991
G1 X84.29 Y69.594 E2.42643
G1 X82.406 Y67.71 E2.46983
G1 X84.29 Y67.71 E2.50052
G1 X67.71 Y84.29 E2.88247
G1 X67.71 Y82.406 E2.91316
G1 X69.594 Y84.29 E2.95656
G1 X72.711 Y84.29 E3.00733
G1 E1.50733
G92 E0
M204 S1000
G1 X79.289 Y84.29 F6000
G1 E1.5 F1200
M204 S500
G1 X82.406 Y84.29 E1.55077
G1 X84.29 Y82.406 E1.59417
G1 X84.29 Y84.29 E1.62486
G1 X67.71 Y67.71 E2.00681
G1 X69.594 Y67.71 E2.0375
G1 X67.71 Y69.594 E2.0809
G1 X67.71 Y72.711 E2.13167
;LAYER_CHANGE
;Z:9.1
;HEIGHT:0.200001
G1 E.63167 F1200
G92 E0
G1 Z9.1 F6000
M204 S1000
G1 X83.134 Y73.843
G1 E1.5 F1200
M204 S500
;TYPE:Perimeter
;WIDTH:0.562499
G1 F900
G1 X82.974 Y74.009 E1.50376
G1 X82.784 Y74.423 E1.51118
G1 X82.742 Y74.75 E1.51655
G1 X82.742 Y76.473 E1.54462
G1 X82.781 Y76.791 E1.54984
G1 X82.967 Y77.205 E1.55723
G1 X83.21 Y77.473 E1.56312
G1 X83.638 Y77.709 E1.57108
G1 X84.04 Y77.773 E1.57771
G1 X84.68 Y77.773 E1.58814
G1 X84.68 Y84.68 E1.70065
G1 X67.32 Y84.68 E1.98343
G1 X67.32 Y67.32 E2.26621
G1 X72.673 Y67.32 E2.35341
G1 X72.674 Y67.918 E2.36315
G1 X72.758 Y68.378 E2.37077
G1 X72.901 Y68.651 E2.37579
G1 X73.204 Y68.965 E2.3829
G1 X73.534 Y69.14 E2.38898
G1 X73.972 Y69.216 E2.39622
G1 X75.487 Y69.216 E2.4209
G1 X77.158 Y69.216 E2.44812
G1 X77.612 Y69.049 E2.456
G1 X77.881 Y68.847 E2.46148
G1 X78.165 Y68.436 E2.46962
G1 X78.273 Y67.918 E2.47824
G1 X78.273 Y67.32 E2.48798
G1 X84.68 Y67.32 E2.59235
G1 X84.68 Y73.452 E2.69224
G1 X84.042 Y73.451 E2.70263
G1 X83.541 Y73.552 E2.71096
G1 X83.261 Y73.712 E2.71621
G1 X83.187 Y73.789 E2.71795
M204 S1000
G1 X83.495 Y74.203 F6000
M204 S500
G1 F900
G1 X83.436 Y74.259 E2.71928
G1 X83.287 Y74.554 E2.72466
G1 X83.262 Y74.987 E2.73173
G1 X83.261 Y76.51 E2.75654
G1 X83.346 Y76.828 E2.7619
G1 X83.542 Y77.073 E2.76701
G1 X83.799 Y77.215 E2.77179
G1 X84.04 Y77.253 E2.77576
G1 X85.199 Y77.254 E2.79464
G1 X85.199 Y85.199 E2.92406
G1 X66.801 Y85.199 E3.22375
G1 X66.801 Y66.801 E3.52344
G1 X73.193 Y66.801 E3.62756
G1 X73.193 Y67.918 E3.64576
G1 X73.244 Y68.193 E3.65032
G1 X73.416 Y68.463 E3.65553
G1 X73.71 Y68.651 E3.66121
G1 X73.972 Y68.697 E3.66554
G1 X76.974 Y68.697 E3.71444
G1 X77.196 Y68.664 E3.7181
G1 X77.485 Y68.506 E3.72347
G1 X77.689 Y68.229 E3.72907
G1 X77.753 Y67.918 E3.73424
G1 X77.754 Y66.801 E3.75244
G1 X85.199 Y66.801 E3.87371
G1 X85.199 Y73.971 E3.9905
G1 X84.042 Y73.971 E4.00935
G1 X83.741 Y74.031 E4.01435
G1 X83.573 Y74.127 E4.0175
G1 X83.549 Y74.151 E4.01805
M204 S1000
G1 X83.869 Y74.577 F6000
M204 S500
;TYPE:External perimeter
G1 F720
G1 X83.811 Y74.63 E4.01933
G1 X83.781 Y74.987 E4.02517
G1 X83.781 Y76.507 E4.04993
G1 X83.874 Y76.674 E4.05304
G1 X84.04 Y76.734 E4.05592
G1 X85.719 Y76.735 E4.08327
G1 X85.719 Y85.719 E4.22961
G1 X66.281 Y85.719 E4.54624
G1 X66.281 Y66.281 E4.86287
G1 X73.712 Y66.281 E4.98392
G1 X73.713 Y67.987 E5.01171
G1 X73.819 Y68.127 E5.01457
G1 X73.972 Y68.177 E5.01719
G1 X75.487 Y68.177 E5.04187
G1 X76.983 Y68.177 E5.06624
G1 X77.155 Y68.103 E5.06929
G1 X77.234 Y67.917 E5.07258
G1 X77.235 Y66.281 E5.09923
G1 X85.719 Y66.281 E5.23743
G1 X85.719 Y74.491 E5.37117
G1 X83.963 Y74.491 E5.39977
G1 X83.924 Y74.526 E5.40062
G1 X83.793 Y75.009 F6000
G1 E3.90062 F1200
G92 E0
M204 S1000
G1 X84.29 Y78.844 F6000
G1 E1.5 F1200
M204 S500
;TYPE:Internal infill
;WIDTH:0.5625
G1 X84.29 Y78.163 E1.51109
G1 X83.52 Y78.082 E1.5237
G1 X83.181 Y77.928 E1.52977
G1 X82.645 Y77.425 E1.54174
G1 X82.418 Y76.93 E1.55061
G1 X75.058 Y84.29 E1.72016
G1 X76.942 Y84.29 E1.75085
G1 X67.71 Y75.058 E1.96352
G1 X67.71 Y76.942 E1.99421
G1 X75.046 Y69.606 E2.16321
G1 X76.953 Y69.605 E2.19427
G1 X82.356 Y75.008 E2.31874
G1 X82.407 Y74.323 E2.32993
G1 X82.542 Y73.971 E2.33607
G1 X82.932 Y73.477 E2.34632
G1 X83.395 Y73.189 E2.3552
G1 X84.29 Y73.062 E2.36992
G1 X84.29 Y69.594 E2.42641
G1 X82.406 Y67.71 E2.46981
G1 X84.29 Y67.71 E2.5005
G1 X67.71 Y84.29 E2.88245
G1 X67.71 Y82.406 E2.91314
G1 X69.594 Y84.29 E2.95654
G1 X72.711 Y84.29 E3.00731
G1 E1.50731
G92 E0
M204 S1000
G1 X79.289 Y84.29 F6000
G1 E1.5 F1200
M204 S500
G1 X82.406 Y84.29 E1.55077
G1 X84.29 Y82.406 E1.59417
G1 X84.29 Y84.29 E1.62486
G1 X67.71 Y67.71 E2.00681
G1 X67.71 Y69.594 E2.0375
G1 X69.594 Y67.71 E2.0809
G1 X72.284 Y67.71 E2.12472
G1 X72.321 Y68.134 E2.13165
;LAYER_CHANGE
;Z:9.3
;HEIGHT:0.2
G1 E.63165 F1200
G92 E0
G1 Z9.3 F6000
M204 S1000
G1 X83.131 Y73.836
G1 E1.5 F1200
M204 S500
;TYPE:Perimeter
;WIDTH:0.562499
G1 F900
G1 X83.03 Y73.933 E1.50228
G1 X82.823 Y74.297 E1.5091
G1 X82.743 Y74.748 E1.51656
G1 X82.742 Y76.471 E1.54463
G1 X82.781 Y76.789 E1.54985
G1 X82.967 Y77.203 E1.55724
G1 X83.21 Y77.471 E1.56313
G1 X83.638 Y77.707 E1.57109
G1 X84.04 Y77.771 E1.57772
G1 X84.68 Y77.771 E1.58815
G1 X84.68 Y84.68 E1.70069
G1 X67.32 Y84.68 E1.98347
G1 X67.32 Y67.32 E2.26625
G1 X72.784 Y67.32 E2.35525
G1 X72.785 Y67.918 E2.36499
G1 X72.872 Y68.386 E2.37274
G1 X73.018 Y68.66 E2.3778
G1 X73.321 Y68.969 E2.38485
G1 X73.649 Y69.141 E2.39088
G1 X74.083 Y69.216 E2.39805
G1 X76.848 Y69.216 E2.44309
G1 X77.193 Y69.169 E2.44876
G1 X77.539 Y69.017 E2.45492
G1 X77.864 Y68.726 E2.46203
G1 X78.089 Y68.3 E2.46988
G1 X78.147 Y67.918 E2.47617
G1 X78.147 Y67.32 E2.48591
G1 X84.68 Y67.32 E2.59233
G1 X84.68 Y73.449 E2.69217
G1 X84.042 Y73.449 E2.70256
G1 X83.541 Y73.549 E2.71088
G1 X83.261 Y73.71 E2.71614
G1 X83.185 Y73.784 E2.71787
M204 S1000
G1 X83.495 Y74.201 F6000
M204 S500
G1 F900
G1 X83.435 Y74.259 E2.71923
G1 X83.281 Y74.58 E2.72503
G1 X83.262 Y75.114 E2.73373
G1 X83.261 Y76.508 E2.75644
G1 X83.347 Y76.826 E2.76181
G1 X83.542 Y77.071 E2.76691
G1 X83.799 Y77.213 E2.77169
G1 X84.04 Y77.251 E2.77566
G1 X85.199 Y77.252 E2.79454
G1 X85.199 Y85.199 E2.92399
G1 X66.801 Y85.199 E3.22368
G1 X66.801 Y66.801 E3.52337
G1 X73.304 Y66.801 E3.6293
G1 X73.304 Y67.918 E3.6475
G1 X73.356 Y68.198 E3.65214
G1 X73.53 Y68.467 E3.65736
G1 X73.823 Y68.652 E3.663
G1 X74.083 Y68.697 E3.6673
G1 X76.848 Y68.697 E3.71234
G1 X77.055 Y68.669 E3.71574
G1 X77.364 Y68.501 E3.72147
G1 X77.527 Y68.299 E3.7257
G1 X77.627 Y67.918 E3.73212
G1 X77.628 Y66.801 E3.75032
G1 X85.199 Y66.801 E3.87365
G1 X85.199 Y73.969 E3.99041
G1 X84.042 Y73.969 E4.00926
G1 X83.742 Y74.029 E4.01424
G1 X83.573 Y74.125 E4.01741
G1 X83.549 Y74.149 E4.01796
M204 S1000
G1 X83.862 Y74.572 F6000
M204 S500
;TYPE:External perimeter
G1 F720
G1 X83.798 Y74.658 E4.01971
G1 X83.781 Y76.505 E4.0498
G1 X83.875 Y76.672 E4.05292
G1 X84.041 Y76.732 E4.0558
G1 X85.719 Y76.732 E4.08313
G1 X85.719 Y85.719 E4.22952
G1 X66.281 Y85.719 E4.54615
G1 X66.281 Y66.281 E4.86278
G1 X73.823 Y66.281 E4.98563
G1 X73.824 Y67.988 E5.01344
G1 X73.931 Y68.128 E5.01631
G1 X74.083 Y68.177 E5.01891
G1 X75.49 Y68.177 E5.04183
G1 X76.882 Y68.177 E5.0645
G1 X77.051 Y68.079 E5.06768
G1 X77.107 Y67.918 E5.07046
G1 X77.108 Y66.281 E5.09713
G1 X85.719 Y66.281 E5.2374
G1 X85.719 Y74.489 E5.3711
G1 X84.042 Y74.488 E5.39842
G1 X83.92 Y74.529 E5.40052
G1 X83.803 Y75.015 F6000
G1 E3.90052 F1200
G92 E0
M204 S1000
G1 X84.29 Y78.844 F6000
G1 E1.5 F1200
M204 S500
;TYPE:Internal infill
;WIDTH:0.5625
G1 X84.29 Y78.161 E1.51113
G1 X83.52 Y78.079 E1.52374
G1 X83.181 Y77.926 E1.5298
G1 X82.645 Y77.423 E1.54177
G1 X82.419 Y76.929 E1.55062
G1 X75.058 Y84.29 E1.72019
G1 X76.942 Y84.29 E1.75088
G1 X67.71 Y75.058 E1.96355
G1 X67.71 Y76.942 E1.99424
G1 X75.047 Y69.605 E2.16326
G1 X76.95 Y69.602 E2.19426
G1 X82.359 Y75.011 E2.31886
G1 X82.361 Y74.582 E2.32585
G1 X82.458 Y74.161 E2.33289
G1 X82.726 Y73.689 E2.34173
G1 X82.921 Y73.485 E2.34633
G1 X83.395 Y73.186 E2.35546
G1 X84.29 Y73.06 E2.37018
G1 X84.29 Y69.594 E2.42664
G1 X82.406 Y67.71 E2.47004
G1 X84.29 Y67.71 E2.50073
G1 X67.71 Y84.29 E2.88268
G1 X67.71 Y82.406 E2.91337
G1 X69.594 Y84.29 E2.95677
G1 X72.711 Y84.29 E3.00754
G1 E1.50754
G92 E0
M204 S1000
G1 X79.289 Y84.29 F6000
G1 E1.5 F1200
M204 S500
G1 X82.406 Y84.29 E1.55077
G1 X84.29 Y82.406 E1.59417
G1 X84.29 Y84.29 E1.62486
G1 X67.71 Y67.71 E2.00681
G1 X67.71 Y69.594 E2.0375
G1 X69.594 Y67.71 E2.0809
G1 X72.395 Y67.71 E2.12653
G1 X72.413 Y68.025 E2.13167
;LAYER_CHANGE
;Z:9.5
;HEIGHT:0.2
G1 E.63167 F1200
G92 E0
G1 Z9.5 F6000
M204 S1000
G1 X83.132 Y73.727
G1 E1.5 F1200
M204 S500
;TYPE:Perimeter
;WIDTH:0.562499
G1 F900
G1 X83.012 Y73.846 E1.50275
G1 X82.819 Y74.199 E1.5093
G1 X82.743 Y74.637 E1.51654
G1 X82.742 Y76.566 E1.54796
G1 X82.779 Y76.873 E1.553
G1 X82.967 Y77.297 E1.56056
G1 X83.216 Y77.57 E1.56658
G1 X83.642 Y77.802 E1.57448
G1 X84.039 Y77.865 E1.58103
G1 X84.68 Y77.866 E1.59147
G1 X84.68 Y84.68 E1.70247
G1 X67.32 Y84.68 E1.98525
G1 X67.32 Y67.32 E2.26803
G1 X72.895 Y67.32 E2.35884
G1 X72.896 Y67.918 E2.36858
G1 X72.986 Y68.393 E2.37646
G1 X73.135 Y68.669 E2.38157
G1 X73.438 Y68.973 E2.38856
G1 X73.763 Y69.143 E2.39453
G1 X74.194 Y69.217 E2.40165
G1 X76.721 Y69.217 E2.44281
G1 X77.102 Y69.159 E2.44909
G1 X77.43 Y69.006 E2.45499
G1 X77.741 Y68.722 E2.46185
G1 X77.962 Y68.3 E2.46961
G1 X78.02 Y67.918 E2.4759
G1 X78.02 Y67.32 E2.48564
G1 X84.68 Y67.32 E2.59413
G1 X84.68 Y73.338 E2.69216
G1 X84.041 Y73.338 E2.70257
G1 X83.548 Y73.436 E2.71076
G1 X83.27 Y73.593 E2.71596
G1 X83.186 Y73.675 E2.71787
M204 S1000
G1 X83.496 Y74.091 F6000
M204 S500
G1 F900
G1 X83.424 Y74.162 E2.71952
G1 X83.308 Y74.374 E2.72346
G1 X83.263 Y74.637 E2.72781
G1 X83.262 Y76.595 E2.7597
G1 X83.346 Y76.918 E2.76514
G1 X83.546 Y77.168 E2.77036
G1 X83.802 Y77.308 E2.77511
G1 X84.04 Y77.346 E2.77904
G1 X85.199 Y77.347 E2.79792
G1 X85.199 Y85.199 E2.92582
G1 X66.801 Y85.199 E3.22551
G1 X66.801 Y66.801 E3.5252
G1 X73.415 Y66.801 E3.63294
G1 X73.415 Y67.918 E3.65114
G1 X73.469 Y68.203 E3.65587
G1 X73.645 Y68.47 E3.66108
G1 X73.936 Y68.653 E3.66668
G1 X74.194 Y68.697 E3.67094
G1 X76.721 Y68.697 E3.7121
G1 X76.95 Y68.663 E3.71587
G1 X77.245 Y68.494 E3.72141
G1 X77.401 Y68.299 E3.72548
G1 X77.501 Y67.918 E3.7319
G1 X77.501 Y66.801 E3.7501
G1 X85.199 Y66.801 E3.87549
G1 X85.199 Y73.857 E3.99043
G1 X84.042 Y73.858 E4.00928
G1 X83.746 Y73.916 E4.01419
G1 X83.579 Y74.01 E4.01731
G1 X83.55 Y74.039 E4.01798
M204 S1000
G1 X83.864 Y74.457 F6000
M204 S500
;TYPE:External perimeter
G1 F720
G1 X83.836 Y74.479 E4.01856
G1 X83.782 Y74.637 E4.02128
G1 X83.781 Y76.597 E4.05321
G1 X83.876 Y76.767 E4.05638
G1 X84.041 Y76.826 E4.05923
G1 X85.719 Y76.828 E4.08656
G1 X85.719 Y85.719 E4.23139
G1 X66.281 Y85.719 E4.54802
G1 X66.281 Y66.281 E4.86465
G1 X73.934 Y66.281 E4.98931
G1 X73.935 Y67.99 E5.01715
G1 X74.043 Y68.129 E5.02002
G1 X74.194 Y68.177 E5.0226
G1 X75.396 Y68.177 E5.04218
G1 X76.761 Y68.177 E5.06441
G1 X76.925 Y68.078 E5.06753
G1 X76.981 Y67.918 E5.07029
G1 X76.982 Y66.281 E5.09696
G1 X85.719 Y66.281 E5.23928
G1 X85.719 Y74.377 E5.37116
G1 X83.969 Y74.377 E5.39967
G1 X83.924 Y74.412 E5.4006
G1 X83.793 Y74.894 F6000
G1 E3.9006 F1200
G92 E0
M204 S1000
G1 X84.29 Y78.863 F6000
G1 E1.5 F1200
M204 S500
;TYPE:Internal infill
;WIDTH:0.5625
G1 X84.29 Y78.255 E1.5099
G1 X83.525 Y78.175 E1.52243
G1 X83.189 Y78.025 E1.52842
G1 X82.969 Y77.871 E1.53279
G1 X82.645 Y77.516 E1.54062
G1 X82.398 Y76.95 E1.55068
G1 X75.058 Y84.29 E1.71977
G1 X76.942 Y84.29 E1.75046
G1 X67.71 Y75.058 E1.96313
G1 X67.71 Y76.942 E1.99382
G1 X75.046 Y69.606 E2.16282
G1 X76.935 Y69.587 E2.19359
G1 X82.359 Y75.011 E2.31854
G1 X82.361 Y74.47 E2.32735
G1 X82.451 Y74.07 E2.33403
G1 X82.703 Y73.608 E2.3426
G1 X82.885 Y73.407 E2.34702
G1 X83.404 Y73.072 E2.35708
G1 X84.29 Y72.948 E2.37165
G1 X84.29 Y69.594 E2.42628
G1 X82.406 Y67.71 E2.46968
G1 X84.29 Y67.71 E2.50037
G1 X67.71 Y84.29 E2.88232
G1 X67.71 Y82.406 E2.91301
G1 X69.594 Y84.29 E2.95641
G1 X72.711 Y84.29 E3.00718
G1 E1.50718
G92 E0
M204 S1000
G1 X79.289 Y84.29 F6000
G1 E1.5 F1200
M204 S500
G1 X82.406 Y84.29 E1.55077
G1 X84.29 Y82.406 E1.59417
G1 X84.29 Y84.29 E1.62486
G1 X67.71 Y67.71 E2.00681
G1 X69.594 Y67.71 E2.0375
G1 X67.71 Y69.594 E2.0809
G1 X67.71 Y72.711 E2.13167
;LAYER_CHANGE
;Z:9.7
;HEIGHT:0.2
G1 E.63167 F1200
G92 E0
G1 Z9.7 F6000
M204 S1000
G1 X83.134 Y73.61
G1 E1.5 F1200
M204 S500
;TYPE:Perimeter
;WIDTH:0.562499
G1 F900
G1 X82.999 Y73.744 E1.5031
G1 X82.814 Y74.094 E1.50955
G1 X82.743 Y74.517 E1.51654
G1 X82.742 Y76.679 E1.55176
G1 X82.818 Y77.115 E1.55897
G1 X82.966 Y77.409 E1.56433
G1 X83.223 Y77.688 E1.57051
G1 X83.648 Y77.917 E1.57837
G1 X84.04 Y77.978 E1.58483
G1 X84.68 Y77.979 E1.59526
G1 X84.68 Y84.68 E1.70441
G1 X67.32 Y84.68 E1.98719
G1 X67.32 Y67.32 E2.26997
G1 X73.006 Y67.32 E2.36259
G1 X73.007 Y67.918 E2.37233
G1 X73.1 Y68.401 E2.38034
G1 X73.253 Y68.678 E2.38549
G1 X73.554 Y68.977 E2.3924
G1 X73.877 Y69.144 E2.39832
G1 X74.306 Y69.217 E2.40541
G1 X76.595 Y69.217 E2.4427
G1 X77.012 Y69.148 E2.44958
G1 X77.322 Y68.994 E2.45522
G1 X77.614 Y68.722 E2.46172
G1 X77.836 Y68.3 E2.46949
G1 X77.894 Y67.918 E2.47578
G1 X77.894 Y67.32 E2.48552
G1 X84.68 Y67.32 E2.59606
G1 X84.68 Y73.218 E2.69213
G1 X84.042 Y73.219 E2.70252
G1 X83.557 Y73.313 E2.71057
G1 X83.279 Y73.467 E2.71575
G1 X83.188 Y73.557 E2.71783
M204 S1000
G1 X83.495 Y73.965 F6000
M204 S500
G1 F900
G1 X83.489 Y73.968 E2.71794
G1 X83.306 Y74.263 E2.72359
G1 X83.263 Y74.517 E2.72779
G1 X83.262 Y76.7 E2.76335
G1 X83.344 Y77.028 E2.76886
G1 X83.55 Y77.285 E2.77423
G1 X83.805 Y77.422 E2.77895
G1 X84.04 Y77.459 E2.78283
G1 X85.199 Y77.46 E2.80171
G1 X85.199 Y85.199 E2.92777
G1 X66.801 Y85.199 E3.22746
G1 X66.801 Y66.801 E3.52715
G1 X73.526 Y66.801 E3.6367
G1 X73.526 Y67.918 E3.6549
G1 X73.582 Y68.208 E3.65971
G1 X73.76 Y68.474 E3.66492
G1 X74.049 Y68.654 E3.67047
G1 X74.306 Y68.697 E3.67471
G1 X76.595 Y68.697 E3.712
G1 X76.845 Y68.656 E3.71613
G1 X77.124 Y68.49 E3.72142
G1 X77.274 Y68.299 E3.72538
G1 X77.374 Y67.918 E3.7318
G1 X77.375 Y66.801 E3.75
G1 X85.199 Y66.801 E3.87745
G1 X85.199 Y73.738 E3.99045
G1 X84.042 Y73.738 E4.0093
G1 X83.751 Y73.795 E4.01413
G1 X83.557 Y73.923 E4.01792
M204 S1000
G1 X83.865 Y74.339 F6000
M204 S500
;TYPE:External perimeter
G1 F720
G1 X83.834 Y74.363 E4.01856
G1 X83.782 Y74.517 E4.02121
G1 X83.782 Y76.709 E4.05692
G1 X83.878 Y76.881 E4.06013
G1 X84.041 Y76.939 E4.06295
G1 X85.719 Y76.942 E4.09028
G1 X85.719 Y85.719 E4.23325
G1 X66.281 Y85.719 E4.54988
G1 X66.281 Y66.281 E4.86651
G1 X74.045 Y66.281 E4.99298
G1 X74.046 Y67.991 E5.02083
G1 X74.155 Y68.13 E5.02371
G1 X74.306 Y68.178 E5.02629
G1 X75.283 Y68.178 E5.0422
G1 X76.641 Y68.178 E5.06432
G1 X76.799 Y68.079 E5.06736
G1 X76.854 Y67.918 E5.07013
G1 X76.855 Y66.281 E5.0968
G1 X85.719 Y66.281 E5.24119
G1 X85.719 Y74.257 E5.37111
G1 X83.969 Y74.258 E5.39962
G1 X83.924 Y74.293 E5.40055
G1 X83.793 Y74.775 F6000
G1 E3.90055 F1200
G92 E0
M204 S1000
G1 X84.29 Y78.875 F6000
G1 E1.5 F1200
M204 S500
;TYPE:Internal infill
;WIDTH:0.5625
G1 X84.29 Y78.369 E1.50824
G1 X83.532 Y78.291 E1.52065
G1 X82.978 Y77.992 E1.5309
G1 X82.529 Y77.433 E1.54258
G1 X82.385 Y76.963 E1.55059
G1 X75.058 Y84.29 E1.71938
G1 X76.942 Y84.29 E1.75007
G1 X67.71 Y75.058 E1.96274
G1 X67.71 Y76.942 E1.99343
G1 X75.046 Y69.606 E2.16243
G1 X76.92 Y69.572 E2.19296
G1 X82.359 Y75.011 E2.31826
G1 X82.361 Y74.354 E2.32896
G1 X82.445 Y73.969 E2.33538
G1 X82.673 Y73.529 E2.34345
G1 X82.844 Y73.327 E2.34776
G1 X83.414 Y72.948 E2.35891
G1 X84.29 Y72.829 E2.37331
G1 X84.29 Y69.594 E2.42601
G1 X82.406 Y67.71 E2.46941
G1 X84.29 Y67.71 E2.5001
G1 X67.71 Y84.29 E2.88205
G1 X67.71 Y82.406 E2.91274
G1 X69.594 Y84.29 E2.95614
G1 X72.711 Y84.29 E3.00691
G1 E1.50691
G92 E0
M204 S1000
G1 X79.289 Y84.29 F6000
G1 E1.5 F1200
M204 S500
G1 X82.406 Y84.29 E1.55077
G1 X84.29 Y82.406 E1.59417
G1 X84.29 Y84.29 E1.62486
G1 X67.71 Y67.71 E2.00681
G1 X69.594 Y67.71 E2.0375
G1 X67.71 Y69.594 E2.0809
G1 X67.71 Y72.711 E2.13167
;LAYER_CHANGE
;Z:9.9
;HEIGHT:0.2
G1 E.63167 F1200
G92 E0
G1 Z9.9 F6000
M204 S1000
G1 X83.137 Y73.492
G1 E1.5 F1200
M204 S500
;TYPE:Perimeter
;WIDTH:0.562499
G1 F900
G1 X82.986 Y73.643 E1.50348
G1 X82.81 Y73.989 E1.5098
G1 X82.744 Y74.397 E1.51653
G1 X82.743 Y76.792 E1.55554
G1 X82.815 Y77.22 E1.56261
G1 X82.966 Y77.521 E1.5681
G1 X83.23 Y77.807 E1.57444
G1 X83.654 Y78.033 E1.58227
G1 X84.04 Y78.092 E1.58863
G1 X84.68 Y78.093 E1.59906
G1 X84.68 Y84.68 E1.70636
G1 X67.32 Y84.68 E1.98914
G1 X67.32 Y67.32 E2.27192
G1 X73.117 Y67.32 E2.36635
G1 X73.118 Y67.919 E2.37611
G1 X73.214 Y68.409 E2.38424
G1 X73.37 Y68.687 E2.38943
G1 X73.67 Y68.981 E2.39627
G1 X73.991 Y69.145 E2.40214
G1 X74.417 Y69.217 E2.40918
G1 X76.468 Y69.217 E2.44259
G1 X76.92 Y69.136 E2.45007
G1 X77.212 Y68.983 E2.45544
G1 X77.488 Y68.723 E2.46162
G1 X77.709 Y68.301 E2.46938
G1 X77.767 Y67.919 E2.47567
G1 X77.767 Y67.32 E2.48543
G1 X84.68 Y67.32 E2.59804
G1 X84.68 Y73.099 E2.69218
G1 X84.042 Y73.099 E2.70257
G1 X83.565 Y73.19 E2.71048
G1 X83.288 Y73.34 E2.71561
G1 X83.19 Y73.439 E2.71788
M204 S1000
G1 X83.499 Y73.849 F6000
M204 S500
G1 F900
G1 X83.471 Y73.868 E2.71843
G1 X83.342 Y74.056 E2.72214
G1 X83.263 Y74.398 E2.72786
G1 X83.262 Y76.804 E2.76705
G1 X83.343 Y77.139 E2.77266
G1 X83.555 Y77.402 E2.77816
G1 X83.809 Y77.537 E2.78285
G1 X84.041 Y77.572 E2.78667
G1 X85.199 Y77.574 E2.80553
G1 X85.199 Y85.199 E2.92974
G1 X66.801 Y85.199 E3.22943
G1 X66.801 Y66.801 E3.52912
G1 X73.637 Y66.801 E3.64047
G1 X73.637 Y67.918 E3.65867
G1 X73.695 Y68.212 E3.66355
G1 X73.875 Y68.478 E3.66878
G1 X74.161 Y68.654 E3.67425
G1 X74.417 Y68.697 E3.67848
G1 X75.171 Y68.697 E3.69076
G1 X76.566 Y68.697 E3.71348
G1 X76.915 Y68.557 E3.71961
G1 X77.148 Y68.3 E3.72526
G1 X77.248 Y67.918 E3.73169
G1 X77.248 Y66.801 E3.74989
G1 X85.199 Y66.801 E3.87941
G1 X85.199 Y73.618 E3.99045
G1 X84.042 Y73.619 E4.0093
G1 X83.756 Y73.673 E4.01404
G1 X83.561 Y73.807 E4.01789
M204 S1000
G1 X83.863 Y74.214 F6000
M204 S500
;TYPE:External perimeter
G1 F720
G1 X83.852 Y74.221 E4.0181
G1 X83.783 Y74.398 E4.02119
G1 X83.782 Y76.84 E4.06097
G1 X83.879 Y76.996 E4.06396
G1 X84.041 Y77.053 E4.06676
G1 X85.719 Y77.055 E4.09409
G1 X85.719 Y85.719 E4.23522
G1 X66.281 Y85.719 E4.55185
G1 X66.281 Y66.281 E4.86848
G1 X74.156 Y66.281 E4.99676
G1 X74.157 Y67.918 E5.02343
G1 X74.236 Y68.105 E5.02674
G1 X74.417 Y68.178 E5.02992
G1 X75.171 Y68.178 E5.0422
G1 X76.502 Y68.178 E5.06388
G1 X76.65 Y68.103 E5.06658
G1 X76.728 Y67.918 E5.06985
G1 X76.729 Y66.281 E5.09652
G1 X85.719 Y66.281 E5.24296
G1 X85.719 Y74.137 E5.37093
G1 X83.974 Y74.138 E5.39935
G1 X83.925 Y74.171 E5.40031
G1 X83.794 Y74.654 F6000
G1 E3.90031 F1200
G92 E0
M204 S1000
G1 X84.29 Y78.886 F6000
G1 E1.5 F1200
M204 S500
;TYPE:Internal infill
;WIDTH:0.5625
G1 X84.29 Y78.482 E1.50658
G1 X83.54 Y78.406 E1.51886
G1 X83.207 Y78.262 E1.52477
G1 X82.795 Y77.933 E1.53336
G1 X82.526 Y77.539 E1.54113
G1 X82.372 Y76.976 E1.55064
G1 X75.058 Y84.29 E1.71913
G1 X76.942 Y84.29 E1.74982
G1 X67.71 Y75.058 E1.96249
G1 X67.71 Y76.942 E1.99318
G1 X75.051 Y69.601 E2.16229
G1 X76.476 Y69.607 E2.1855
G1 X76.898 Y69.55 E2.19244
G1 X82.358 Y75.01 E2.31822
G1 X82.361 Y74.239 E2.33078
G1 X82.439 Y73.869 E2.33694
G1 X82.804 Y73.249 E2.34866
G1 X83.063 Y73.022 E2.35427
G1 X83.425 Y72.825 E2.36098
G1 X84.29 Y72.709 E2.3752
G1 X84.29 Y69.594 E2.42594
G1 X82.406 Y67.71 E2.46934
G1 X84.29 Y67.71 E2.50003
G1 X67.71 Y84.29 E2.88198
G1 X67.71 Y82.406 E2.91267
G1 X69.594 Y84.29 E2.95607
G1 X72.711 Y84.29 E3.00684
G1 E1.50684
G92 E0
M204 S1000
G1 X79.289 Y84.29 F6000
G1 E1.5 F1200
M204 S500
G1 X82.406 Y84.29 E1.55077
G1 X84.29 Y82.406 E1.59417
G1 X84.29 Y84.29 E1.62486
G1 X67.71 Y67.71 E2.00681
G1 X67.71 Y69.594 E2.0375
G1 X69.594 Y67.71 E2.0809
G1 X72.711 Y67.71 E2.13167
;LAYER_CHANGE
;Z:10.1
;HEIGHT:0.200001
G1 E.63167 F1200
G92 E0
G1 Z10.1 F6000
M204 S1000
G1 X83.139 Y73.374
G1 E1.5 F1200
M204 S500
;TYPE:Perimeter
;WIDTH:0.562499
G1 F900
G1 X82.973 Y73.542 E1.50385
G1 X82.805 Y73.884 E1.51006
G1 X82.744 Y74.278 E1.51655
G1 X82.743 Y76.906 E1.55936
G1 X82.812 Y77.325 E1.56628
G1 X82.965 Y77.633 E1.57188
G1 X83.238 Y77.927 E1.57842
G1 X83.659 Y78.148 E1.58617
G1 X84.04 Y78.205 E1.59245
G1 X84.68 Y78.206 E1.60288
G1 X84.68 Y84.68 E1.70834
G1 X67.32 Y84.68 E1.99112
G1 X67.32 Y67.32 E2.2739
G1 X73.228 Y67.32 E2.37014
G1 X73.229 Y67.919 E2.3799
G1 X73.328 Y68.416 E2.38815
G1 X73.487 Y68.695 E2.39338
G1 X73.787 Y68.985 E2.40018
G1 X74.105 Y69.147 E2.40599
G1 X74.528 Y69.217 E2.41297
G1 X76.342 Y69.217 E2.44252
G1 X76.701 Y69.166 E2.44843
G1 X77.102 Y68.971 E2.45569
G1 X77.361 Y68.724 E2.46152
G1 X77.583 Y68.302 E2.46929
G1 X77.641 Y67.919 E2.4756
G1 X77.641 Y67.32 E2.48536
G1 X84.68 Y67.32 E2.60002
G1 X84.68 Y72.979 E2.6922
G1 X84.042 Y72.979 E2.70259
G1 X83.573 Y73.067 E2.71036
G1 X83.298 Y73.214 E2.71544
G1 X83.192 Y73.321 E2.71789
M204 S1000
G1 X83.502 Y73.735 F6000
M204 S500
G1 F900
G1 X83.453 Y73.769 E2.71886
G1 X83.336 Y73.95 E2.72237
G1 X83.264 Y74.278 E2.72784
G1 X83.262 Y77.029 E2.77265
G1 X83.396 Y77.342 E2.7782
G1 X83.66 Y77.586 E2.78406
G1 X84.041 Y77.686 E2.79048
G1 X85.199 Y77.687 E2.80934
G1 X85.199 Y85.199 E2.93171
G1 X66.801 Y85.199 E3.2314
G1 X66.801 Y66.801 E3.53109
G1 X73.748 Y66.801 E3.64425
G1 X73.748 Y67.918 E3.66245
G1 X73.808 Y68.217 E3.66742
G1 X73.989 Y68.482 E3.67265
G1 X74.274 Y68.655 E3.67808
G1 X74.528 Y68.697 E3.68227
G1 X75.058 Y68.697 E3.6909
G1 X76.457 Y68.697 E3.71369
G1 X76.798 Y68.55 E3.71974
G1 X77.021 Y68.3 E3.7252
G1 X77.121 Y67.918 E3.73163
G1 X77.122 Y66.801 E3.74983
G1 X85.199 Y66.801 E3.8814
G1 X85.199 Y73.498 E3.99049
G1 X84.043 Y73.499 E4.00932
G1 X83.761 Y73.552 E4.01399
G1 X83.563 Y73.691 E4.01793
M204 S1000
G1 X83.864 Y74.096 F6000
M204 S500
;TYPE:External perimeter
G1 F720
G1 X83.846 Y74.109 E4.01829
G1 X83.783 Y74.278 E4.02123
G1 X83.782 Y76.951 E4.06477
G1 X83.881 Y77.11 E4.06782
G1 X84.041 Y77.166 E4.07058
G1 X85.719 Y77.168 E4.09791
G1 X85.719 Y85.719 E4.2372
G1 X66.281 Y85.719 E4.55383
G1 X66.281 Y66.281 E4.87046
G1 X74.267 Y66.281 E5.00055
G1 X74.268 Y67.918 E5.02722
G1 X74.348 Y68.106 E5.03055
G1 X74.528 Y68.178 E5.03371
G1 X75.058 Y68.178 E5.04234
G1 X76.363 Y68.178 E5.0636
G1 X76.527 Y68.1 E5.06656
G1 X76.602 Y67.918 E5.06977
G1 X76.602 Y66.281 E5.09644
G1 X85.719 Y66.281 E5.24495
G1 X85.719 Y74.018 E5.37098
G1 X83.974 Y74.019 E5.3994
G1 X83.925 Y74.053 E5.40037
G1 X83.794 Y74.535 F6000
G1 E3.90037 F1200
G92 E0
M204 S1000
G1 X84.29 Y78.897 F6000
G1 E1.5 F1200
M204 S500
;TYPE:Internal infill
;WIDTH:0.5625
G1 X84.29 Y78.595 E1.50492
G1 X83.547 Y78.522 E1.51708
G1 X83.217 Y78.38 E1.52293
G1 X82.799 Y78.05 E1.53161
G1 X82.523 Y77.646 E1.53958
G1 X82.361 Y76.987 E1.55063
G1 X75.058 Y84.29 E1.71887
G1 X76.942 Y84.29 E1.74956
G1 X67.71 Y75.058 E1.96223
G1 X67.71 Y76.942 E1.99292
G1 X75.05 Y69.602 E2.16201
G1 X76.499 Y69.6 E2.18561
G1 X76.866 Y69.518 E2.19174
G1 X82.354 Y75.006 E2.31816
G1 X82.385 Y73.953 E2.33532
G1 X82.51 Y73.569 E2.3419
G1 X82.766 Y73.173 E2.34958
G1 X83.074 Y72.894 E2.35635
G1 X83.436 Y72.701 E2.36303
G1 X84.29 Y72.59 E2.37706
G1 X84.29 Y69.594 E2.42586
G1 X82.406 Y67.71 E2.46926
G1 X84.29 Y67.71 E2.49995
G1 X67.71 Y84.29 E2.8819
G1 X67.71 Y82.406 E2.91259
G1 X69.594 Y84.29 E2.95599
G1 X72.711 Y84.29 E3.00676
G1 E1.50676
G92 E0
M204 S1000
G1 X79.289 Y84.29 F6000
G1 E1.5 F1200
M204 S500
G1 X82.406 Y84.29 E1.55077
G1 X84.29 Y82.406 E1.59417
G1 X84.29 Y84.29 E1.62486
G1 X67.71 Y67.71 E2.00681
G1 X67.71 Y69.594 E2.0375
G1 X69.594 Y67.71 E2.0809
G1 X72.711 Y67.71 E2.13167
;LAYER_CHANGE
;Z:10.3
;HEIGHT:0.2
G1 E.63167 F1200
G92 E0
G1 Z10.3 F6000
M204 S1000
G1 X83.14 Y73.256
G1 E1.5 F1200
M204 S500
;TYPE:Perimeter
;WIDTH:0.562499
G1 F900
G1 X82.971 Y73.425 E1.50389
G1 X82.806 Y73.763 E1.51002
G1 X82.744 Y74.158 E1.51653
G1 X82.743 Y77.019 E1.56313
G1 X82.811 Y77.434 E1.56998
G1 X82.967 Y77.748 E1.57569
G1 X83.246 Y78.046 E1.58234
G1 X83.665 Y78.263 E1.59003
G1 X84.04 Y78.318 E1.5962
G1 X84.68 Y78.319 E1.60663
G1 X84.68 Y84.68 E1.71025
G1 X67.32 Y84.68 E1.99303
G1 X67.32 Y67.32 E2.27581
G1 X73.19 Y67.32 E2.37143
G1 X73.19 Y67.918 E2.38117
G1 X73.288 Y68.413 E2.38939
G1 X73.446 Y68.693 E2.39463
G1 X73.746 Y68.984 E2.40144
G1 X74.066 Y69.146 E2.40728
G1 X74.489 Y69.217 E2.41427
G1 X75.032 Y69.217 E2.42312
G1 X76.629 Y69.217 E2.44913
G1 X77.072 Y69.055 E2.45681
G1 X77.347 Y68.852 E2.46238
G1 X77.636 Y68.434 E2.47066
G1 X77.743 Y67.918 E2.47924
G1 X77.742 Y67.32 E2.48898
G1 X84.68 Y67.32 E2.602
G1 X84.68 Y72.859 E2.69223
G1 X84.043 Y72.86 E2.70261
G1 X83.582 Y72.945 E2.71025
G1 X83.308 Y73.088 E2.71528
G1 X83.193 Y73.203 E2.71793
M204 S1000
G1 X83.502 Y73.615 F6000
M204 S500
G1 F900
G1 X83.454 Y73.649 E2.71889
G1 X83.337 Y73.829 E2.72239
G1 X83.264 Y74.158 E2.72788
G1 X83.263 Y76.932 E2.77307
G1 X83.303 Y77.268 E2.77858
G1 X83.471 Y77.549 E2.78391
G1 X83.665 Y77.702 E2.78793
G1 X84.041 Y77.799 E2.79426
G1 X85.199 Y77.8 E2.81312
G1 X85.199 Y85.199 E2.93364
G1 X66.801 Y85.199 E3.23333
G1 X66.801 Y66.801 E3.53302
G1 X73.71 Y66.801 E3.64556
G1 X73.709 Y67.918 E3.66376
G1 X73.768 Y68.215 E3.66869
G1 X73.949 Y68.481 E3.67393
G1 X74.235 Y68.655 E3.67938
G1 X74.489 Y68.698 E3.68358
G1 X76.444 Y68.698 E3.71543
G1 X76.74 Y68.639 E3.72035
G1 X76.986 Y68.478 E3.72514
G1 X77.159 Y68.228 E3.73009
G1 X77.223 Y67.918 E3.73525
G1 X77.223 Y66.801 E3.75345
G1 X85.199 Y66.801 E3.88337
G1 X85.199 Y73.379 E3.99052
G1 X84.043 Y73.379 E4.00935
G1 X83.766 Y73.43 E4.01394
G1 X83.564 Y73.572 E4.01796
M204 S1000
G1 X83.865 Y73.976 F6000
M204 S500
;TYPE:External perimeter
G1 F720
G1 X83.847 Y73.989 E4.01832
G1 X83.784 Y74.159 E4.02127
G1 X83.782 Y77.064 E4.06859
G1 X83.883 Y77.225 E4.07169
G1 X84.042 Y77.279 E4.07443
G1 X85.719 Y77.281 E4.10175
G1 X85.719 Y85.719 E4.2392
G1 X66.281 Y85.719 E4.55583
G1 X66.281 Y66.281 E4.87246
G1 X74.23 Y66.281 E5.00194
G1 X74.229 Y67.918 E5.02861
G1 X74.309 Y68.106 E5.03194
G1 X74.489 Y68.178 E5.0351
G1 X76.444 Y68.178 E5.06695
G1 X76.624 Y68.105 E5.07011
G1 X76.704 Y67.918 E5.07342
G1 X76.703 Y66.281 E5.10009
G1 X85.719 Y66.281 E5.24695
G1 X85.719 Y73.898 E5.37103
G1 X83.975 Y73.899 E5.39944
G1 X83.926 Y73.933 E5.40041
G1 X83.794 Y74.416 F6000
G1 E3.90041 F1200
G92 E0
M204 S1000
G1 X72.711 Y67.71 F6000
G1 E1.5 F1200
M204 S500
;TYPE:Internal infill
;WIDTH:0.5625
G1 X69.594 Y67.71 E1.55077
G1 X67.71 Y69.594 E1.59417
G1 X67.71 Y67.71 E1.62486
G1 X84.29 Y84.29 E2.00681
G1 X82.406 Y84.29 E2.0375
G1 X84.29 Y82.406 E2.0809
G1 X84.29 Y78.708 E2.14114
G1 X83.554 Y78.637 E2.15318
G1 X83.006 Y78.354 E2.16323
G1 X82.804 Y78.168 E2.1677
G1 X82.523 Y77.758 E2.1758
G1 X82.389 Y77.367 E2.18253
G1 X82.353 Y76.994 E2.18863
G1 X75.058 Y84.29 E2.35669
G1 X76.942 Y84.29 E2.38738
G1 X67.71 Y75.058 E2.60005
G1 X67.71 Y76.942 E2.63074
G1 X75.05 Y69.602 E2.79983
G1 X76.447 Y69.607 E2.82259
G1 X76.892 Y69.544 E2.82991
G1 X82.354 Y75.006 E2.95574
G1 X82.386 Y73.832 E2.97487
G1 X82.511 Y73.447 E2.98146
G1 X82.769 Y73.05 E2.98917
G1 X83.086 Y72.766 E2.9961
G1 X83.446 Y72.578 E3.00272
G1 X84.29 Y72.47 E3.01658
G1 X84.29 Y69.594 E3.06343
G1 X82.406 Y67.71 E3.10683
G1 X84.29 Y67.71 E3.13752
G1 X67.71 Y84.29 E3.51947
G1 X67.71 Y82.406 E3.55016
G1 X69.594 Y84.29 E3.59356
G1 X72.711 Y84.29 E3.64433
;LAYER_CHANGE
;Z:10.5
;HEIGHT:0.2
G1 E2.14433 F1200
G92 E0
G1 Z10.5 F6000
M204 S1000
G1 X83.142 Y73.137
G1 E1.5 F1200
M204 S500
;TYPE:Perimeter
;WIDTH:0.562499
G1 F900
G1 X82.971 Y73.307 E1.50393
G1 X82.808 Y73.64 E1.50997
G1 X82.745 Y74.039 E1.51655
G1 X82.743 Y77.132 E1.56693
G1 X82.812 Y77.55 E1.57383
G1 X82.97 Y77.866 E1.57958
G1 X83.254 Y78.165 E1.5863
G1 X83.534 Y78.328 E1.59158
G1 X84.041 Y78.432 E1.60001
G1 X84.68 Y78.433 E1.61042
G1 X84.68 Y84.68 E1.71218
G1 X67.32 Y84.68 E1.99496
G1 X67.32 Y67.32 E2.27774
G1 X73.078 Y67.32 E2.37153
G1 X73.077 Y67.918 E2.38127
G1 X73.172 Y68.406 E2.38937
G1 X73.327 Y68.684 E2.39455
G1 X73.628 Y68.98 E2.40143
G1 X73.95 Y69.145 E2.40732
G1 X74.376 Y69.217 E2.41436
G1 X75.032 Y69.217 E2.42505
G1 X76.759 Y69.217 E2.45318
G1 X77.206 Y69.052 E2.46094
G1 X77.482 Y68.845 E2.46656
G1 X77.767 Y68.426 E2.47481
G1 X77.871 Y67.918 E2.48326
G1 X77.87 Y67.32 E2.493
G1 X84.68 Y67.32 E2.60393
G1 X84.68 Y72.74 E2.69222
G1 X84.043 Y72.74 E2.7026
G1 X83.59 Y72.822 E2.7101
G1 X83.318 Y72.962 E2.71508
G1 X83.195 Y73.084 E2.7179
M204 S1000
G1 X83.502 Y73.494 F6000
M204 S500
G1 F900
G1 X83.458 Y73.525 E2.71878
G1 X83.339 Y73.707 E2.72232
G1 X83.264 Y74.039 E2.72786
G1 X83.263 Y76.972 E2.77564
G1 X83.304 Y77.383 E2.78237
G1 X83.474 Y77.666 E2.78775
G1 X83.737 Y77.85 E2.79298
G1 X84.041 Y77.912 E2.79803
G1 X85.199 Y77.914 E2.81689
G1 X85.199 Y85.199 E2.93556
G1 X66.801 Y85.199 E3.23525
G1 X66.801 Y66.801 E3.53494
G1 X73.597 Y66.801 E3.64564
G1 X73.597 Y67.918 E3.66384
G1 X73.654 Y68.211 E3.6687
G1 X73.833 Y68.477 E3.67392
G1 X74.12 Y68.655 E3.67942
G1 X74.376 Y68.698 E3.68365
G1 X76.572 Y68.698 E3.71942
G1 X76.871 Y68.638 E3.72439
G1 X77.118 Y68.474 E3.72922
G1 X77.289 Y68.223 E3.73417
G1 X77.351 Y67.918 E3.73924
G1 X77.35 Y66.801 E3.75744
G1 X85.199 Y66.801 E3.88529
G1 X85.199 Y73.259 E3.99049
G1 X84.043 Y73.26 E4.00932
G1 X83.772 Y73.309 E4.01381
G1 X83.564 Y73.452 E4.01792
M204 S1000
G1 X83.865 Y73.856 F6000
M204 S500
;TYPE:External perimeter
G1 F720
G1 X83.848 Y73.868 E4.01826
G1 X83.784 Y74.039 E4.02123
G1 X83.783 Y77.133 E4.07163
G1 X83.853 Y77.311 E4.07475
G1 X84.042 Y77.393 E4.07811
G1 X85.719 Y77.395 E4.10543
G1 X85.719 Y85.719 E4.24102
G1 X66.281 Y85.719 E4.55765
G1 X66.281 Y66.281 E4.87428
G1 X74.117 Y66.281 E5.00192
G1 X74.116 Y67.918 E5.02859
G1 X74.195 Y68.105 E5.0319
G1 X74.376 Y68.178 E5.03508
G1 X75.032 Y68.178 E5.04577
G1 X76.594 Y68.178 E5.07121
G1 X76.754 Y68.104 E5.07408
G1 X76.831 Y67.918 E5.07736
G1 X76.831 Y66.281 E5.10403
G1 X85.719 Y66.281 E5.24881
G1 X85.719 Y73.779 E5.37095
G1 X83.977 Y73.779 E5.39933
G1 X83.927 Y73.814 E5.40032
G1 X83.795 Y74.296 F6000
M204 S1000
G1 X83.555 Y72.436
M204 S500
;TYPE:Internal infill
;WIDTH:0.5625
G1 F1200
G1 X83.099 Y72.638 E5.40844
G1 X82.776 Y72.923 E5.41546
G1 X82.515 Y73.321 E5.42321
G1 X82.387 Y73.709 E5.42987
G1 X82.355 Y74.032 E5.43516
G1 X82.355 Y75.007 E5.45104
G1 X76.913 Y69.565 E5.5764
G1 X75.045 Y69.607 E5.60684
G1 X67.71 Y76.942 E5.77581
G1 X67.71 Y75.058 E5.8065
G1 X76.942 Y84.29 E6.01917
G1 X75.058 Y84.29 E6.04986
G1 X82.354 Y76.994 E6.21793
G1 X82.389 Y77.482 E6.2259
G1 X82.525 Y77.876 E6.23269
G1 X82.811 Y78.289 E6.24087
G1 X83.385 Y78.69 E6.25228
G1 X84.29 Y78.822 E6.26718
G1 X84.29 Y78.907 E6.26856
G1 E4.76856
G92 E0
M204 S1000
G1 X79.289 Y67.71 F6000
G1 E1.5 F1200
M204 S500
G1 X82.406 Y67.71 E1.55077
G1 X84.29 Y69.594 E1.59417
G1 X84.29 Y67.71 E1.62486
G1 X67.71 Y84.29 E2.00681
G1 X67.71 Y82.406 E2.0375
G1 X69.594 Y84.29 E2.0809
G1 X72.711 Y84.29 E2.13167
G1 E.63167
G92 E0
M204 S1000
G1 X79.289 Y84.29 F6000
G1 E1.5 F1200
M204 S500
G1 X82.406 Y84.29 E1.55077
G1 X84.29 Y82.406 E1.59417
G1 X84.29 Y84.29 E1.62486
G1 X67.71 Y67.71 E2.00681
G1 X69.594 Y67.71 E2.0375
G1 X67.71 Y69.594 E2.0809
G1 X67.71 Y72.711 E2.13167
;LAYER_CHANGE
;Z:10.7
;HEIGHT:0.2
G1 E.63167 F1200
G92 E0
G1 Z10.7 F6000
M204 S1000
G1 X83.143 Y73.018
G1 E1.5 F1200
M204 S500
;TYPE:Perimeter
;WIDTH:0.562499
G1 F900
G1 X82.97 Y73.188 E1.50395
G1 X82.809 Y73.517 E1.50992
G1 X82.745 Y73.919 E1.51655
G1 X82.744 Y77.246 E1.57074
G1 X82.814 Y77.666 E1.57768
G1 X82.974 Y77.985 E1.58349
G1 X83.262 Y78.284 E1.59025
G1 X83.541 Y78.444 E1.59549
G1 X84.041 Y78.545 E1.6038
G1 X84.68 Y78.546 E1.61421
G1 X84.68 Y84.68 E1.71413
G1 X67.32 Y84.68 E1.99691
G1 X67.32 Y67.32 E2.27969
G1 X72.965 Y67.32 E2.37164
G1 X72.965 Y67.918 E2.38138
G1 X73.057 Y68.398 E2.38934
G1 X73.208 Y68.676 E2.39449
G1 X73.51 Y68.976 E2.40142
G1 X73.834 Y69.144 E2.40737
G1 X74.264 Y69.218 E2.41448
G1 X75.032 Y69.218 E2.42699
G1 X76.889 Y69.218 E2.45724
G1 X77.34 Y69.048 E2.46509
G1 X77.617 Y68.838 E2.47075
G1 X77.898 Y68.418 E2.47898
G1 X77.998 Y67.918 E2.48729
G1 X77.998 Y67.32 E2.49703
G1 X84.68 Y67.32 E2.60587
G1 X84.68 Y72.62 E2.6922
G1 X84.043 Y72.621 E2.70258
G1 X83.599 Y72.699 E2.70992
G1 X83.329 Y72.835 E2.71484
G1 X83.196 Y72.966 E2.71788
M204 S1000
G1 X83.502 Y73.374 F6000
M204 S500
G1 F900
G1 X83.461 Y73.402 E2.71869
G1 X83.341 Y73.584 E2.72224
G1 X83.265 Y73.919 E2.72784
G1 X83.263 Y77.246 E2.78203
G1 X83.305 Y77.498 E2.78619
G1 X83.478 Y77.783 E2.79162
G1 X83.742 Y77.965 E2.79684
G1 X84.042 Y78.025 E2.80182
G1 X85.199 Y78.027 E2.82067
G1 X85.199 Y85.199 E2.9375
G1 X66.801 Y85.199 E3.23719
G1 X66.801 Y66.801 E3.53688
G1 X73.485 Y66.801 E3.64576
G1 X73.484 Y67.918 E3.66396
G1 X73.54 Y68.206 E3.66874
G1 X73.717 Y68.474 E3.67397
G1 X74.006 Y68.654 E3.67952
G1 X74.264 Y68.698 E3.68378
G1 X76.699 Y68.698 E3.72344
G1 X77.002 Y68.637 E3.72847
G1 X77.25 Y68.47 E3.73334
G1 X77.419 Y68.218 E3.73828
G1 X77.479 Y67.918 E3.74326
G1 X77.478 Y66.801 E3.76146
G1 X85.199 Y66.801 E3.88723
G1 X85.199 Y73.14 E3.99049
G1 X84.044 Y73.14 E4.0093
G1 X83.777 Y73.187 E4.01372
G1 X83.564 Y73.332 E4.01792
M204 S1000
G1 X83.865 Y73.736 F6000
M204 S500
;TYPE:External perimeter
G1 F720
G1 X83.85 Y73.747 E4.01822
G1 X83.784 Y73.919 E4.02122
G1 X83.783 Y77.246 E4.07541
G1 X83.854 Y77.425 E4.07855
G1 X84.042 Y77.506 E4.08188
G1 X85.719 Y77.508 E4.1092
G1 X85.719 Y85.719 E4.24295
G1 X66.281 Y85.719 E4.55958
G1 X66.281 Y66.281 E4.87621
G1 X74.005 Y66.281 E5.00203
G1 X74.004 Y67.991 E5.02988
G1 X74.113 Y68.13 E5.03276
G1 X74.264 Y68.178 E5.03534
G1 X75.032 Y68.178 E5.04785
G1 X76.722 Y68.178 E5.07538
G1 X76.883 Y68.102 E5.07828
G1 X76.959 Y67.918 E5.08152
G1 X76.958 Y66.281 E5.10819
G1 X85.719 Y66.281 E5.2509
G1 X85.719 Y73.659 E5.37108
G1 X83.978 Y73.66 E5.39944
G1 X83.927 Y73.694 E5.40044
G1 X83.795 Y74.177 F6000
M204 S1000
G1 X83.439 Y72.345
M204 S500
;TYPE:Internal infill
;WIDTH:0.5625
G1 F1200
G1 X83.113 Y72.51 E5.40639
G1 X82.784 Y72.795 E5.41348
G1 X82.52 Y73.192 E5.42125
G1 X82.387 Y73.591 E5.4281
G1 X82.355 Y73.912 E5.43335
G1 X82.355 Y75.007 E5.45119
G1 X76.934 Y69.586 E5.57607
G1 X75.045 Y69.607 E5.60684
G1 X67.71 Y76.942 E5.77581
G1 X67.71 Y75.058 E5.8065
G1 X76.942 Y84.29 E6.01917
G1 X75.058 Y84.29 E6.04986
G1 X82.354 Y76.994 E6.21793
G1 X82.39 Y77.598 E6.22779
G1 X82.528 Y77.995 E6.23464
G1 X82.818 Y78.41 E6.24289
G1 X83.395 Y78.807 E6.2543
G1 X84.262 Y78.935 E6.26858
G1 E4.76858
G92 E0
M204 S1000
G1 X79.289 Y67.71 F6000
G1 E1.5 F1200
M204 S500
G1 X82.406 Y67.71 E1.55077
G1 X84.29 Y69.594 E1.59417
G1 X84.29 Y67.71 E1.62486
G1 X67.71 Y84.29 E2.00681
G1 X67.71 Y82.406 E2.0375
G1 X69.594 Y84.29 E2.0809
G1 X72.711 Y84.29 E2.13167
G1 E.63167
G92 E0
M204 S1000
G1 X79.289 Y84.29 F6000
G1 E1.5 F1200
M204 S500
G1 X82.406 Y84.29 E1.55077
G1 X84.29 Y82.406 E1.59417
G1 X84.29 Y84.29 E1.62486
G1 X67.71 Y67.71 E2.00681
G1 X67.71 Y69.594 E2.0375
G1 X69.594 Y67.71 E2.0809
G1 X72.575 Y67.71 E2.12946
G1 X72.575 Y67.846 E2.13168
;LAYER_CHANGE
;Z:10.9
;HEIGHT:0.2
G1 E.63168 F1200
G92 E0
G1 Z10.9 F6000
M204 S1000
G1 X84.044 Y75.584
G1 E1.5 F1200
M204 S500
;TYPE:External perimeter
;WIDTH:0.46792
G1 F720
G1 X84.315 Y75.584 E1.50361
;TYPE:Overhang perimeter
;WIDTH:0.5
;HEIGHT:0.5
M106 S255
G1 X85.909 Y75.585 E1.55267
M106 S25.5
G1 X85.409 Y75.584 F6000
G1 E.05267 F1200
G92 E0
M204 S1000
G1 X83.144 Y72.9 F6000
G1 E1.5 F1200
M204 S500
;TYPE:Perimeter
;WIDTH:0.562499
;HEIGHT:0.2
G1 F900
G1 X82.97 Y73.07 E1.50396
G1 X82.811 Y73.393 E1.50982
G1 X82.745 Y73.799 E1.51652
G1 X82.744 Y77.359 E1.57451
G1 X82.815 Y77.783 E1.58151
G1 X82.978 Y78.103 E1.58736
G1 X83.27 Y78.404 E1.59419
G1 X83.549 Y78.561 E1.5994
G1 X84.041 Y78.658 E1.60757
G1 X84.68 Y78.659 E1.61798
G1 X84.68 Y84.68 E1.71606
G1 X67.32 Y84.68 E1.99884
G1 X67.32 Y67.32 E2.28162
G1 X72.853 Y67.32 E2.37175
G1 X72.852 Y67.918 E2.38149
G1 X72.941 Y68.391 E2.38933
G1 X73.089 Y68.667 E2.39443
G1 X73.392 Y68.973 E2.40144
G1 X73.719 Y69.143 E2.40744
G1 X74.151 Y69.218 E2.41458
G1 X76.45 Y69.218 E2.45203
G1 X77.09 Y69.191 E2.46246
G1 X77.475 Y69.045 E2.46917
G1 X77.752 Y68.831 E2.47487
G1 X78.03 Y68.41 E2.48309
G1 X78.126 Y67.918 E2.49126
G1 X78.126 Y67.32 E2.501
G1 X84.68 Y67.32 E2.60776
G1 X84.68 Y72.501 E2.69215
G1 X84.044 Y72.501 E2.70251
G1 X83.608 Y72.576 E2.70972
G1 X83.34 Y72.709 E2.71459
G1 X83.198 Y72.847 E2.71782
M204 S1000
G1 X83.502 Y73.254 F6000
M204 S500
G1 F900
G1 X83.465 Y73.279 E2.71855
G1 X83.342 Y73.461 E2.72213
G1 X83.265 Y73.8 E2.72779
G1 X83.263 Y77.359 E2.78576
G1 X83.306 Y77.613 E2.78996
G1 X83.481 Y77.9 E2.79544
G1 X83.746 Y78.08 E2.80066
G1 X84.042 Y78.139 E2.80558
G1 X85.199 Y78.14 E2.82443
G1 X85.199 Y85.199 E2.93942
G1 X66.801 Y85.199 E3.23911
G1 X66.801 Y66.801 E3.5388
G1 X73.372 Y66.801 E3.64584
G1 X73.372 Y67.918 E3.66404
G1 X73.425 Y68.202 E3.66875
G1 X73.6 Y68.47 E3.67396
G1 X73.892 Y68.654 E3.67958
G1 X74.151 Y68.698 E3.68386
G1 X76.827 Y68.698 E3.72745
G1 X77.133 Y68.636 E3.73254
G1 X77.382 Y68.466 E3.73745
G1 X77.549 Y68.213 E3.74239
G1 X77.607 Y67.918 E3.74729
G1 X77.606 Y66.801 E3.76549
G1 X85.199 Y66.801 E3.88917
G1 X85.199 Y73.02 E3.99047
G1 X84.044 Y73.021 E4.00928
G1 X83.783 Y73.066 E4.01359
G1 X83.565 Y73.212 E4.01786
M204 S1000
G1 X83.866 Y73.617 F6000
M204 S500
;TYPE:External perimeter
G1 F720
G1 X83.851 Y73.626 E4.01814
G1 X83.785 Y73.8 E4.02117
G1 X83.784 Y75.516 E4.04912
G1 X83.914 Y75.55 E4.05131
;WIDTH:0.51521
G1 X84.044 Y75.584 E4.0533
G1 X83.914 Y75.616 E4.05528
;WIDTH:0.562499
G1 X83.784 Y75.647 E4.05746
G1 X83.783 Y77.359 E4.08535
G1 X83.856 Y77.54 E4.08853
G1 X84.043 Y77.619 E4.09184
G1 X85.719 Y77.621 E4.11914
G1 X85.719 Y85.719 E4.25105
G1 X66.281 Y85.719 E4.56768
G1 X66.281 Y66.281 E4.88431
G1 X73.892 Y66.281 E5.00829
G1 X73.892 Y67.99 E5.03613
G1 X73.999 Y68.13 E5.039
G1 X74.151 Y68.179 E5.0416
G1 X76.853 Y68.177 E5.08561
G1 X77.012 Y68.101 E5.08848
G1 X77.087 Y67.919 E5.09169
G1 X77.086 Y66.281 E5.11837
G1 X85.719 Y66.281 E5.259
G1 X85.719 Y73.539 E5.37723
G1 X83.98 Y73.54 E5.40556
G1 X83.928 Y73.575 E5.40658
G1 X83.795 Y74.057 F6000
M204 S1000
G1 X83.332 Y72.28
M204 S500
;TYPE:Internal infill
;WIDTH:0.5625
G1 F1200
G1 X82.792 Y72.667 E5.4174
G1 X82.441 Y73.271 E5.42878
G1 X82.356 Y73.793 E5.4374
G1 X82.355 Y75.007 E5.45718
G1 X76.95 Y69.602 E5.58169
G1 X75.045 Y69.607 E5.61272
G1 X67.71 Y76.942 E5.78169
G1 X67.71 Y75.058 E5.81238
G1 X76.942 Y84.29 E6.02505
G1 X75.058 Y84.29 E6.05574
G1 X82.354 Y76.994 E6.22381
G1 X82.446 Y77.91 E6.23881
G1 X82.826 Y78.531 E6.25067
G1 X83.404 Y78.924 E6.26206
G1 X84.29 Y79.048 E6.27663
G1 X84.29 Y82.406 E6.33133
G1 X82.406 Y84.29 E6.37473
G1 X84.29 Y84.29 E6.40542
G1 X67.71 Y67.71 E6.78737
G1 X69.594 Y67.71 E6.81806
G1 X67.71 Y69.594 E6.86146
G1 X67.71 Y72.711 E6.91223
G1 E5.41223
G92 E0
M204 S1000
G1 X79.289 Y67.71 F6000
G1 E1.5 F1200
M204 S500
G1 X82.406 Y67.71 E1.55077
G1 X84.29 Y69.594 E1.59417
G1 X84.29 Y67.71 E1.62486
G1 X67.71 Y84.29 E2.00681
G1 X67.71 Y82.406 E2.0375
G1 X69.594 Y84.29 E2.0809
G1 X72.711 Y84.29 E2.13167
;LAYER_CHANGE
;Z:11.1
;HEIGHT:0.200001
G1 E.63167 F1200
G92 E0
G1 Z11.1 F6000
M204 S1000
G1 X85.795 Y75.582
G1 E1.5 F1200
M204 S500
;TYPE:External perimeter
;WIDTH:0.46792
G1 F720
G1 X84.044 Y75.581 E1.52333
G1 X84.544 Y75.581 F6000
G1 E.02333 F1200
G92 E0
M204 S1000
G1 X83.132 Y72.766 F6000
G1 E1.5 F1200
M204 S500
;TYPE:Perimeter
;WIDTH:0.562499
G1 F900
G1 X83.085 Y72.805 E1.50099
G1 X82.969 Y72.952 E1.50404
G1 X82.812 Y73.27 E1.50982
G1 X82.746 Y73.68 E1.51658
G1 X82.744 Y77.472 E1.57835
G1 X82.816 Y77.899 E1.5854
G1 X82.982 Y78.222 E1.59132
G1 X83.279 Y78.523 E1.59821
G1 X83.556 Y78.677 E1.60337
G1 X84.041 Y78.772 E1.61142
G1 X84.68 Y78.773 E1.62183
G1 X84.68 Y84.68 E1.71805
G1 X67.32 Y84.68 E2.00083
G1 X67.32 Y67.32 E2.28361
G1 X72.74 Y67.32 E2.3719
G1 X72.74 Y67.918 E2.38164
G1 X72.826 Y68.383 E2.38934
G1 X72.97 Y68.658 E2.3944
G1 X73.274 Y68.969 E2.40148
G1 X73.603 Y69.142 E2.40753
G1 X74.039 Y69.218 E2.41474
G1 X76.567 Y69.218 E2.45592
G1 X77.221 Y69.19 E2.46658
G1 X77.609 Y69.041 E2.47335
G1 X77.888 Y68.823 E2.47912
G1 X78.161 Y68.402 E2.48729
G1 X78.254 Y67.918 E2.49532
G1 X78.254 Y67.32 E2.50506
G1 X84.68 Y67.32 E2.60973
G1 X84.68 Y72.381 E2.69217
G1 X84.044 Y72.381 E2.70253
G1 X83.617 Y72.454 E2.70959
G1 X83.351 Y72.582 E2.7144
G1 X83.19 Y72.717 E2.71782
M204 S1000
G1 X83.502 Y73.133 F6000
M204 S500
G1 F900
G1 X83.469 Y73.155 E2.71847
G1 X83.344 Y73.338 E2.72208
G1 X83.265 Y73.68 E2.7278
G1 X83.264 Y77.472 E2.78957
G1 X83.307 Y77.729 E2.79381
G1 X83.485 Y78.017 E2.79933
G1 X83.751 Y78.195 E2.80454
G1 X84.042 Y78.252 E2.80937
G1 X85.199 Y78.254 E2.82822
G1 X85.199 Y85.199 E2.94135
G1 X66.801 Y85.199 E3.24104
G1 X66.801 Y66.801 E3.54073
G1 X73.26 Y66.801 E3.64594
G1 X73.259 Y67.919 E3.66415
G1 X73.311 Y68.197 E3.66876
G1 X73.484 Y68.466 E3.67397
G1 X73.777 Y68.653 E3.67963
G1 X74.039 Y68.698 E3.68396
G1 X76.955 Y68.698 E3.73146
G1 X77.264 Y68.635 E3.7366
G1 X77.515 Y68.461 E3.74157
G1 X77.679 Y68.208 E3.74648
G1 X77.735 Y67.918 E3.75129
G1 X77.734 Y66.801 E3.76949
G1 X85.199 Y66.801 E3.89109
G1 X85.199 Y72.9 E3.99044
G1 X84.044 Y72.901 E4.00925
G1 X83.788 Y72.944 E4.01348
G1 X83.565 Y73.092 E4.01784
M204 S1000
G1 X83.866 Y73.497 F6000
M204 S500
;TYPE:External perimeter
G1 F720
G1 X83.853 Y73.505 E4.01809
G1 X83.785 Y73.68 E4.02115
G1 X83.786 Y75.43 E4.04966
G1 X83.915 Y75.505 E4.05209
;WIDTH:0.51521
G1 X84.044 Y75.581 E4.05431
G1 X83.918 Y75.642 E4.05638
;WIDTH:0.562499
G1 X83.791 Y75.703 E4.05867
G1 X83.784 Y75.763 E4.05965
G1 X83.783 Y77.473 E4.0875
G1 X83.857 Y77.654 E4.09069
G1 X84.043 Y77.733 E4.09398
G1 X85.719 Y77.735 E4.12128
G1 X85.719 Y85.719 E4.25133
G1 X66.281 Y85.719 E4.56796
G1 X66.281 Y66.281 E4.88459
G1 X73.78 Y66.281 E5.00674
G1 X73.779 Y67.989 E5.03456
G1 X73.886 Y68.129 E5.03743
G1 X74.039 Y68.179 E5.04005
G1 X76.387 Y68.179 E5.0783
G1 X76.981 Y68.177 E5.08798
G1 X77.142 Y68.1 E5.09089
G1 X77.215 Y67.919 E5.09407
G1 X77.214 Y66.281 E5.12075
G1 X85.719 Y66.281 E5.25929
G1 X85.719 Y73.42 E5.37558
G1 X83.981 Y73.421 E5.40389
G1 X83.929 Y73.455 E5.4049
G1 X83.796 Y73.937 F6000
M204 S1000
G1 X83.225 Y72.212
M204 S500
;TYPE:Internal infill
;WIDTH:0.5625
G1 F1200
G1 X82.8 Y72.539 E5.41363
G1 X82.443 Y73.146 E5.4251
G1 X82.356 Y73.673 E5.4338
G1 X82.356 Y75.008 E5.45555
G1 X76.956 Y69.608 E5.57995
G1 X75.045 Y69.608 E5.61108
G1 X67.71 Y76.942 E5.78004
G1 X67.71 Y75.058 E5.81073
G1 X76.942 Y84.29 E6.0234
G1 X75.058 Y84.29 E6.05409
G1 X82.355 Y76.993 E6.22219
G1 X82.354 Y77.479 E6.23011
G1 X82.448 Y78.028 E6.23918
G1 X82.834 Y78.652 E6.25113
G1 X83.414 Y79.041 E6.26251
G1 X84.29 Y79.162 E6.27691
G1 X84.29 Y82.406 E6.32975
G1 X82.406 Y84.29 E6.37315
G1 X84.29 Y84.29 E6.40384
G1 X67.71 Y67.71 E6.78579
G1 X67.71 Y69.594 E6.81648
G1 X69.594 Y67.71 E6.85988
G1 X72.35 Y67.71 E6.90477
G1 X72.376 Y68.069 E6.91063
G1 E5.41063
G92 E0
M204 S1000
G1 X79.289 Y67.71 F6000
G1 E1.5 F1200
M204 S500
G1 X82.406 Y67.71 E1.55077
G1 X84.29 Y69.594 E1.59417
G1 X84.29 Y67.71 E1.62486
G1 X67.71 Y84.29 E2.00681
G1 X67.71 Y82.406 E2.0375
G1 X69.594 Y84.29 E2.0809
G1 X72.711 Y84.29 E2.13167
;LAYER_CHANGE
;Z:11.3
;HEIGHT:0.2
G1 E.63167 F1200
G92 E0
G1 Z11.3 F6000
M204 S1000
G1 X85.681 Y75.579
G1 E1.5 F1200
M204 S500
;TYPE:External perimeter
;WIDTH:0.637462
G1 F720
G1 X84.045 Y75.578 E1.53049
G1 X84.545 Y75.578 F6000
G1 E.03049 F1200
G92 E0
M204 S1000
G1 X83.132 Y72.645 F6000
G1 E1.5 F1200
M204 S500
;TYPE:Perimeter
;WIDTH:0.562499
G1 F900
G1 X83.092 Y72.679 E1.50086
G1 X82.974 Y72.826 E1.50393
G1 X82.814 Y73.146 E1.50976
G1 X82.746 Y73.56 E1.51659
G1 X82.744 Y77.585 E1.58215
G1 X82.818 Y78.016 E1.58927
G1 X82.986 Y78.34 E1.59522
G1 X83.288 Y78.642 E1.60218
G1 X83.564 Y78.793 E1.6073
G1 X84.042 Y78.885 E1.61523
G1 X84.68 Y78.886 E1.62562
G1 X84.68 Y84.68 E1.72
G1 X67.32 Y84.68 E2.00278
G1 X67.32 Y67.32 E2.28556
G1 X72.628 Y67.32 E2.37202
G1 X72.627 Y67.918 E2.38176
G1 X72.71 Y68.375 E2.38933
G1 X72.851 Y68.648 E2.39434
G1 X73.155 Y68.965 E2.40149
G1 X73.487 Y69.141 E2.40761
G1 X73.926 Y69.218 E2.41487
G1 X76.685 Y69.218 E2.45981
G1 X77.353 Y69.19 E2.4707
G1 X77.744 Y69.037 E2.47754
G1 X78.024 Y68.815 E2.48336
G1 X78.292 Y68.393 E2.4915
G1 X78.382 Y67.918 E2.49938
G1 X78.382 Y67.32 E2.50912
G1 X84.68 Y67.32 E2.61171
G1 X84.68 Y72.261 E2.6922
G1 X84.045 Y72.262 E2.70254
G1 X83.627 Y72.331 E2.70944
G1 X83.363 Y72.455 E2.71419
G1 X83.19 Y72.598 E2.71785
M204 S1000
G1 X83.502 Y73.013 F6000
M204 S500
G1 F900
G1 X83.473 Y73.031 E2.71841
G1 X83.307 Y73.312 E2.72373
G1 X83.266 Y73.56 E2.72782
G1 X83.265 Y75.282 E2.75587
G1 X83.317 Y75.592 E2.76099
G1 X83.265 Y75.873 E2.76565
G1 X83.264 Y77.586 E2.79355
G1 X83.308 Y77.844 E2.79781
G1 X83.489 Y78.134 E2.80338
G1 X83.756 Y78.31 E2.80859
G1 X84.042 Y78.365 E2.81333
G1 X85.199 Y78.367 E2.83218
G1 X85.199 Y85.199 E2.94347
G1 X66.801 Y85.199 E3.24316
G1 X66.801 Y66.801 E3.54285
G1 X73.148 Y66.801 E3.64624
G1 X73.147 Y67.919 E3.66445
G1 X73.197 Y68.193 E3.66899
G1 X73.368 Y68.462 E3.67418
G1 X73.663 Y68.652 E3.6799
G1 X73.926 Y68.698 E3.68425
G1 X77.083 Y68.698 E3.73568
G1 X77.395 Y68.633 E3.74087
G1 X77.643 Y68.461 E3.74579
G1 X77.809 Y68.203 E3.75079
G1 X77.862 Y67.919 E3.7555
G1 X77.862 Y66.801 E3.77371
G1 X85.199 Y66.801 E3.89322
G1 X85.199 Y72.781 E3.99063
G1 X84.045 Y72.781 E4.00943
G1 X83.794 Y72.823 E4.01358
G1 X83.565 Y72.972 E4.01803
M204 S1000
G1 X83.866 Y73.377 F6000
M204 S500
;TYPE:External perimeter
G1 F720
G1 X83.854 Y73.384 E4.01826
G1 X83.785 Y73.561 E4.02135
G1 X83.789 Y75.331 E4.05018
;WIDTH:0.598544
G1 X83.917 Y75.455 E4.05328
;WIDTH:0.634588
G1 X84.045 Y75.578 E4.05657
G1 X83.923 Y75.679 E4.05951
;WIDTH:0.598544
G1 X83.802 Y75.78 E4.06226
;WIDTH:0.562499
G1 X83.784 Y75.874 E4.06382
G1 X83.785 Y77.612 E4.09213
G1 X83.859 Y77.769 E4.09496
G1 X84.043 Y77.846 E4.09821
G1 X85.719 Y77.848 E4.12551
G1 X85.719 Y85.719 E4.25372
G1 X66.281 Y85.719 E4.57035
G1 X66.281 Y66.281 E4.88698
G1 X73.667 Y66.281 E5.00729
G1 X73.667 Y67.988 E5.0351
G1 X73.772 Y68.128 E5.03795
G1 X73.926 Y68.179 E5.04059
G1 X77.109 Y68.178 E5.09244
G1 X77.27 Y68.1 E5.09535
G1 X77.343 Y67.919 E5.09853
G1 X77.342 Y66.281 E5.12521
G1 X85.719 Y66.281 E5.26167
G1 X85.719 Y73.3 E5.376
G1 X83.983 Y73.301 E5.40428
G1 X83.929 Y73.336 E5.40533
G1 X83.797 Y73.818 F6000
M204 S1000
G1 X83.122 Y72.152
M204 S500
;TYPE:Internal infill
;WIDTH:0.5625
G1 F1200
G1 X82.652 Y72.606 E5.41597
G1 X82.39 Y73.222 E5.42687
G1 X82.356 Y75.008 E5.45597
G1 X76.956 Y69.608 E5.58037
G1 X75.044 Y69.608 E5.61152
G1 X67.71 Y76.942 E5.78047
G1 X67.71 Y75.058 E5.81116
G1 X76.942 Y84.29 E6.02383
G1 X75.058 Y84.29 E6.05452
G1 X82.355 Y76.993 E6.22262
G1 X82.392 Y77.941 E6.23807
G1 X82.539 Y78.355 E6.24523
G1 X82.842 Y78.773 E6.25364
G1 X83.424 Y79.158 E6.26501
G1 X84.29 Y79.275 E6.27924
G1 X84.29 Y82.406 E6.33024
G1 X82.406 Y84.29 E6.37364
G1 X84.29 Y84.29 E6.40433
G1 X67.71 Y67.71 E6.78628
G1 X67.71 Y69.594 E6.81697
G1 X69.594 Y67.71 E6.86037
G1 X72.238 Y67.71 E6.90344
G1 X72.283 Y68.18 E6.91113
G1 E5.41113
G92 E0
M204 S1000
G1 X79.289 Y67.71 F6000
G1 E1.5 F1200
M204 S500
G1 X82.406 Y67.71 E1.55077
G1 X84.29 Y69.594 E1.59417
G1 X84.29 Y67.71 E1.62486
G1 X67.71 Y84.29 E2.00681
G1 X67.71 Y82.406 E2.0375
G1 X69.594 Y84.29 E2.0809
G1 X72.711 Y84.29 E2.13167
M106 S22.95
;LAYER_CHANGE
;Z:11.5
;HEIGHT:0.2
G1 E.63167 F1200
G92 E0
G1 Z11.5 F6000
M204 S1000
G1 X83.132 Y72.525
G1 E1.5 F1200
M204 S500
;TYPE:Perimeter
;WIDTH:0.562499
G1 F900
G1 X83.098 Y72.552 E1.50071
G1 X82.979 Y72.7 E1.5038
G1 X82.816 Y73.022 E1.50968
G1 X82.747 Y73.44 E1.51658
G1 X82.748 Y75.234 E1.5458
G1 X82.819 Y75.575 E1.55147
G1 X82.79 Y75.648 E1.55275
G1 X82.745 Y75.984 E1.55827
G1 X82.745 Y77.699 E1.58621
G1 X82.819 Y78.132 E1.59337
G1 X82.99 Y78.459 E1.59938
G1 X83.297 Y78.762 E1.60641
G1 X83.572 Y78.91 E1.6115
G1 X84.042 Y78.998 E1.61929
G1 X84.68 Y78.999 E1.62968
G1 X84.68 Y84.68 E1.72222
G1 X67.32 Y84.68 E2.005
G1 X67.32 Y67.32 E2.28778
G1 X72.515 Y67.32 E2.3724
G1 X72.515 Y67.919 E2.38216
G1 X72.595 Y68.367 E2.38957
G1 X72.732 Y68.638 E2.39452
G1 X73.037 Y68.96 E2.40174
G1 X73.371 Y69.14 E2.40792
G1 X73.814 Y69.218 E2.41525
G1 X76.802 Y69.218 E2.46392
G1 X77.484 Y69.189 E2.47504
G1 X77.879 Y69.033 E2.48196
G1 X78.159 Y68.807 E2.48782
G1 X78.424 Y68.384 E2.49595
G1 X78.51 Y67.919 E2.50365
G1 X78.509 Y67.32 E2.51341
G1 X84.68 Y67.32 E2.61393
G1 X84.68 Y72.142 E2.69248
G1 X84.045 Y72.142 E2.70282
G1 X83.636 Y72.208 E2.70957
G1 X83.375 Y72.329 E2.71426
G1 X83.19 Y72.478 E2.71813
M204 S1000
G1 X83.502 Y72.892 F6000
M204 S500
G1 F900
G1 X83.477 Y72.908 E2.71861
G1 X83.308 Y73.19 E2.72397
G1 X83.266 Y73.441 E2.72812
G1 X83.266 Y75.207 E2.75689
G1 X83.358 Y75.533 E2.76241
G1 X83.427 Y75.575 E2.76373
G1 X83.358 Y75.616 E2.76504
G1 X83.292 Y75.783 E2.76797
G1 X83.265 Y75.985 E2.77129
G1 X83.264 Y77.699 E2.79921
G1 X83.309 Y77.959 E2.80351
G1 X83.493 Y78.251 E2.80913
G1 X83.76 Y78.425 E2.81432
G1 X84.043 Y78.479 E2.81901
G1 X85.199 Y78.48 E2.83784
G1 X85.199 Y85.199 E2.94729
G1 X66.801 Y85.199 E3.24698
G1 X66.801 Y66.801 E3.54667
G1 X73.035 Y66.801 E3.64822
G1 X73.035 Y67.919 E3.66643
G1 X73.082 Y68.188 E3.67088
G1 X73.251 Y68.458 E3.67607
G1 X73.548 Y68.652 E3.68185
G1 X73.814 Y68.699 E3.68625
G1 X77.211 Y68.699 E3.74158
G1 X77.526 Y68.632 E3.74683
G1 X77.772 Y68.46 E3.75172
G1 X77.939 Y68.198 E3.75678
G1 X77.99 Y67.919 E3.7614
G1 X77.99 Y66.801 E3.77961
G1 X85.199 Y66.801 E3.89704
G1 X85.199 Y72.661 E3.9925
G1 X84.045 Y72.662 E4.0113
G1 X83.8 Y72.701 E4.01534
G1 X83.565 Y72.852 E4.01989
M204 S1000
G1 X83.867 Y73.257 F6000
M204 S500
;TYPE:External perimeter
G1 F720
G1 X83.856 Y73.263 E4.02009
G1 X83.786 Y73.441 E4.02321
G1 X83.785 Y75.165 E4.05129
G1 X83.816 Y75.288 E4.05336
G1 X83.892 Y75.315 E4.05467
;WIDTH:0.525944
G1 X83.969 Y75.343 E4.05591
;WIDTH:0.489389
G1 X84.045 Y75.37 E4.05704
;WIDTH:0.454171
G1 X85.773 Y75.37 E4.07932
G1 X85.773 Y75.782 E4.08463
G1 X84.045 Y75.78 E4.10691
;WIDTH:0.489389
G1 X83.968 Y75.807 E4.10805
;WIDTH:0.525944
G1 X83.892 Y75.835 E4.10928
;WIDTH:0.562499
G1 X83.816 Y75.862 E4.11059
G1 X83.785 Y75.985 E4.11266
G1 X83.785 Y77.726 E4.14102
G1 X83.86 Y77.883 E4.14385
G1 X84.043 Y77.959 E4.14708
G1 X85.719 Y77.961 E4.17438
G1 X85.719 Y85.719 E4.30075
G1 X66.281 Y85.719 E4.61738
G1 X66.281 Y66.281 E4.93401
G1 X73.555 Y66.281 E5.0525
G1 X73.554 Y67.987 E5.08029
G1 X73.659 Y68.127 E5.08314
G1 X73.814 Y68.179 E5.0858
G1 X75.033 Y68.179 E5.10566
G1 X77.237 Y68.178 E5.14156
G1 X77.398 Y68.099 E5.14448
G1 X77.471 Y67.919 E5.14764
G1 X77.47 Y66.281 E5.17432
G1 X85.719 Y66.281 E5.30869
G1 X85.719 Y73.18 E5.42107
G1 X83.984 Y73.181 E5.44933
G1 X83.93 Y73.216 E5.45038
G1 X83.796 Y73.698 F6000
M204 S1000
G1 X83.03 Y72.109
M204 S500
;TYPE:Internal infill
;WIDTH:0.5625
G1 F1200
G1 X82.658 Y72.478 E5.45892
G1 X82.391 Y73.099 E5.46993
G1 X82.356 Y75.008 E5.50103
G1 X76.956 Y69.608 E5.62543
G1 X75.044 Y69.608 E5.65658
G1 X67.71 Y76.942 E5.82553
G1 X67.71 Y75.058 E5.85622
G1 X76.942 Y84.29 E6.06889
G1 X75.058 Y84.29 E6.09958
G1 X82.355 Y76.993 E6.26768
G1 X82.393 Y78.057 E6.28502
G1 X82.674 Y78.688 E6.29627
G1 X83.074 Y79.083 E6.30543
G1 X83.434 Y79.276 E6.31208
G1 X83.811 Y79.347 E6.31833
G1 E4.81833
G92 E0
M204 S1000
G1 X79.289 Y67.71 F6000
G1 E1.5 F1200
M204 S500
G1 X82.406 Y67.71 E1.55077
G1 X84.29 Y69.594 E1.59417
G1 X84.29 Y67.71 E1.62486
G1 X67.71 Y84.29 E2.00681
G1 X67.71 Y82.406 E2.0375
G1 X69.594 Y84.29 E2.0809
G1 X72.711 Y84.29 E2.13167
G1 E.63167
G92 E0
M204 S1000
G1 X79.289 Y84.29 F6000
G1 E1.5 F1200
M204 S500
G1 X82.406 Y84.29 E1.55077
G1 X84.29 Y82.406 E1.59417
G1 X84.29 Y84.29 E1.62486
G1 X67.71 Y67.71 E2.00681
G1 X67.71 Y69.594 E2.0375
G1 X69.594 Y67.71 E2.0809
G1 X72.125 Y67.71 E2.12213
G1 X72.189 Y68.291 E2.13165
;LAYER_CHANGE
;Z:11.7
;HEIGHT:0.2
G1 E.63165 F1200
G92 E0
G1 Z11.7 F6000
M204 S1000
G1 X75.544 Y66.158
G1 E1.5 F1200
M204 S500
;TYPE:External perimeter
;WIDTH:0.46792
G1 F720
G1 X75.544 Y67.931 E1.52362
G1 X75.544 Y67.431 F6000
G1 E.02362 F1200
G92 E0
M204 S1000
G1 X83.132 Y72.404 F6000
G1 E1.5 F1200
M204 S500
;TYPE:Perimeter
;WIDTH:0.562499
G1 F900
G1 X83.105 Y72.426 E1.50057
G1 X82.984 Y72.574 E1.50368
G1 X82.818 Y72.898 E1.50961
G1 X82.747 Y73.321 E1.5166
G1 X82.746 Y74.628 E1.53789
G1 X82.758 Y75.224 E1.5476
G1 X82.868 Y75.572 E1.55355
G1 X82.816 Y75.674 E1.55541
G1 X82.746 Y76.096 E1.56238
G1 X82.745 Y77.812 E1.59033
G1 X82.82 Y78.249 E1.59755
G1 X82.994 Y78.578 E1.60361
G1 X83.306 Y78.882 E1.61071
G1 X83.58 Y79.026 E1.61575
G1 X84.042 Y79.112 E1.6234
G1 X84.68 Y79.112 E1.63379
G1 X84.68 Y84.68 E1.72449
G1 X67.32 Y84.68 E2.00727
G1 X67.32 Y67.32 E2.29005
G1 X72.403 Y67.32 E2.37285
G1 X72.403 Y67.919 E2.38261
G1 X72.479 Y68.359 E2.38988
G1 X72.613 Y68.628 E2.39478
G1 X72.918 Y68.956 E2.40208
G1 X73.255 Y69.139 E2.40833
G1 X73.701 Y69.218 E2.41571
G1 X75.033 Y69.218 E2.43741
G1 X76.919 Y69.218 E2.46813
G1 X77.616 Y69.188 E2.47949
G1 X78.014 Y69.029 E2.48647
G1 X78.295 Y68.798 E2.4924
G1 X78.555 Y68.375 E2.50049
G1 X78.638 Y67.919 E2.50804
G1 X78.637 Y67.32 E2.5178
G1 X84.68 Y67.32 E2.61624
G1 X84.68 Y72.022 E2.69283
G1 X84.045 Y72.023 E2.70317
G1 X83.646 Y72.086 E2.70975
G1 X83.387 Y72.202 E2.71437
G1 X83.191 Y72.358 E2.71845
M204 S1000
G1 X83.502 Y72.771 F6000
M204 S500
G1 F900
G1 X83.481 Y72.784 E2.71885
G1 X83.309 Y73.068 E2.72426
G1 X83.267 Y73.321 E2.72844
G1 X83.273 Y75.154 E2.7583
G1 X83.403 Y75.489 E2.76415
G1 X83.56 Y75.572 E2.76704
G1 X83.402 Y75.655 E2.76995
G1 X83.308 Y75.843 E2.77337
G1 X83.265 Y76.096 E2.77755
G1 X83.265 Y77.812 E2.8055
G1 X83.31 Y78.074 E2.80983
G1 X83.497 Y78.368 E2.81551
G1 X83.765 Y78.541 E2.82071
G1 X84.043 Y78.592 E2.82531
G1 X85.199 Y78.594 E2.84414
G1 X85.199 Y85.199 E2.95173
G1 X66.801 Y85.199 E3.25142
G1 X66.801 Y66.801 E3.55111
G1 X72.923 Y66.801 E3.65083
G1 X72.922 Y67.919 E3.66904
G1 X72.968 Y68.183 E3.67341
G1 X73.135 Y68.454 E3.6786
G1 X73.433 Y68.651 E3.68442
G1 X73.701 Y68.699 E3.68885
G1 X75.033 Y68.699 E3.71055
G1 X77.339 Y68.699 E3.74811
G1 X77.658 Y68.63 E3.75343
G1 X77.901 Y68.459 E3.75827
G1 X78.069 Y68.193 E3.76339
G1 X78.118 Y67.919 E3.76792
G1 X78.117 Y66.801 E3.78613
G1 X85.199 Y66.801 E3.90149
G1 X85.199 Y72.542 E3.99501
G1 X84.046 Y72.542 E4.01379
G1 X83.806 Y72.58 E4.01775
G1 X83.565 Y72.731 E4.02238
M204 S1000
G1 X83.871 Y73.137 F6000
M204 S500
;TYPE:External perimeter
G1 F720
G1 X83.858 Y73.142 E4.02261
G1 X83.786 Y73.321 E4.02575
G1 X83.785 Y75.048 E4.05388
G1 X83.831 Y75.195 E4.05639
;WIDTH:0.566914
G1 X84.045 Y75.31 E4.06038
;WIDTH:0.568151
G1 X85.716 Y75.31 E4.0879
G1 X85.716 Y75.836 E4.09656
G1 X84.045 Y75.834 E4.12408
;WIDTH:0.566914
G1 X83.831 Y75.949 E4.12807
;WIDTH:0.562499
G1 X83.785 Y76.096 E4.13058
G1 X83.785 Y77.839 E4.15897
G1 X83.862 Y77.998 E4.16185
G1 X84.044 Y78.072 E4.16505
G1 X85.719 Y78.075 E4.19233
G1 X85.719 Y85.719 E4.31685
G1 X66.281 Y85.719 E4.63348
G1 X66.281 Y66.281 E4.95011
G1 X73.442 Y66.281 E5.06676
G1 X73.442 Y67.986 E5.09453
G1 X73.545 Y68.127 E5.09737
G1 X73.701 Y68.179 E5.10005
G1 X75.431 Y68.179 E5.12823
G1 X75.488 Y68.055 E5.13045
;WIDTH:0.51521
G1 X75.544 Y67.931 E5.13246
G1 X75.588 Y68.053 E5.13438
;WIDTH:0.562499
G1 X75.632 Y68.174 E5.13648
G1 X75.681 Y68.179 E5.13728
G1 X77.365 Y68.178 E5.16471
G1 X77.526 Y68.099 E5.16763
G1 X77.598 Y67.919 E5.17079
G1 X77.598 Y66.281 E5.19747
G1 X85.719 Y66.281 E5.32976
G1 X85.719 Y73.061 E5.4402
G1 X84.046 Y73.062 E5.46745
G1 X83.94 Y73.107 E5.46933
G1 X83.795 Y73.585 F6000
M204 S1000
G1 X82.937 Y72.065
M204 S500
;TYPE:Internal infill
;WIDTH:0.5625
G1 F1200
G1 X82.539 Y72.559 E5.47966
G1 X82.392 Y72.976 E5.48686
G1 X82.357 Y75.009 E5.51998
G1 X76.956 Y69.608 E5.6444
G1 X75.044 Y69.608 E5.67555
G1 X67.71 Y76.942 E5.8445
G1 X67.71 Y75.058 E5.87519
G1 X76.942 Y84.29 E6.08786
G1 X75.058 Y84.29 E6.11855
G1 X82.357 Y76.991 E6.28669
G1 X82.394 Y78.173 E6.30595
G1 X82.546 Y78.593 E6.31323
G1 X82.858 Y79.016 E6.32179
G1 X83.086 Y79.204 E6.3266
G1 X83.444 Y79.393 E6.33319
G1 X83.698 Y79.44 E6.3374
G1 E4.8374
G92 E0
M204 S1000
G1 X79.289 Y84.29 F6000
G1 E1.5 F1200
M204 S500
G1 X82.406 Y84.29 E1.55077
G1 X84.29 Y82.406 E1.59417
G1 X84.29 Y84.29 E1.62486
G1 X67.71 Y67.71 E2.00681
G1 X67.71 Y69.594 E2.0375
G1 X69.594 Y67.71 E2.0809
G1 X72.013 Y67.71 E2.1203
G1 X72.095 Y68.402 E2.13165
G1 E.63165
G92 E0
M204 S1000
G1 X79.289 Y67.71 F6000
G1 E1.5 F1200
M204 S500
G1 X82.406 Y67.71 E1.55077
G1 X84.29 Y69.594 E1.59417
G1 X84.29 Y67.71 E1.62486
G1 X67.71 Y84.29 E2.00681
G1 X67.71 Y82.406 E2.0375
G1 X69.594 Y84.29 E2.0809
G1 X72.711 Y84.29 E2.13167
;LAYER_CHANGE
;Z:11.9
;HEIGHT:0.2
G1 E.63167 F1200
G92 E0
G1 Z11.9 F6000
M204 S1000
G1 X75.551 Y66.277
G1 E1.5 F1200
M204 S500
;TYPE:External perimeter
;WIDTH:0.558422
G1 F720
G1 X75.551 Y67.942 E1.52691
G1 X75.551 Y67.442 F6000
G1 E.02691 F1200
G92 E0
M204 S1000
G1 X83.132 Y72.284 F6000
G1 E1.5 F1200
M204 S500
;TYPE:Perimeter
;WIDTH:0.562499
G1 F900
G1 X83.112 Y72.299 E1.50041
G1 X82.989 Y72.448 E1.50356
G1 X82.82 Y72.774 E1.50954
G1 X82.747 Y73.201 E1.5166
G1 X82.747 Y74.931 E1.54478
G1 X82.794 Y75.28 E1.55052
G1 X82.93 Y75.569 E1.55572
G1 X82.794 Y75.858 E1.56092
G1 X82.746 Y76.2 E1.56655
G1 X82.745 Y77.925 E1.59465
G1 X82.822 Y78.365 E1.60193
G1 X82.999 Y78.697 E1.60806
G1 X83.316 Y79.001 E1.61521
G1 X83.588 Y79.142 E1.6202
G1 X84.042 Y79.225 E1.62772
G1 X84.68 Y79.226 E1.63811
G1 X84.68 Y84.68 E1.72695
G1 X67.32 Y84.68 E2.00973
G1 X67.32 Y67.32 E2.29251
G1 X72.29 Y67.32 E2.37347
G1 X72.29 Y67.919 E2.38323
G1 X72.364 Y68.35 E2.39035
G1 X72.494 Y68.618 E2.3952
G1 X72.8 Y68.951 E2.40257
G1 X73.139 Y69.138 E2.40888
G1 X73.589 Y69.219 E2.41633
G1 X75.294 Y69.219 E2.4441
G1 X77.037 Y69.219 E2.47249
G1 X77.748 Y69.188 E2.48408
G1 X78.149 Y69.025 E2.49113
G1 X78.431 Y68.789 E2.49712
G1 X78.686 Y68.366 E2.50517
G1 X78.765 Y67.919 E2.51256
G1 X78.765 Y67.32 E2.52232
G1 X84.68 Y67.32 E2.61867
G1 X84.68 Y71.903 E2.69332
G1 X84.046 Y71.903 E2.70365
G1 X83.656 Y71.963 E2.71008
G1 X83.4 Y72.075 E2.71463
G1 X83.191 Y72.238 E2.71895
M204 S1000
G1 X83.502 Y72.65 F6000
M204 S500
G1 F900
G1 X83.486 Y72.66 E2.71926
G1 X83.31 Y72.945 E2.72472
G1 X83.267 Y73.202 E2.72896
G1 X83.283 Y75.091 E2.75973
G1 X83.448 Y75.432 E2.7659
G1 X83.743 Y75.569 E2.7712
G1 X83.448 Y75.707 E2.77651
G1 X83.326 Y75.906 E2.78031
G1 X83.266 Y76.203 E2.78525
G1 X83.265 Y77.926 E2.81332
G1 X83.311 Y78.19 E2.81769
G1 X83.501 Y78.485 E2.82341
G1 X83.77 Y78.656 E2.8286
G1 X84.043 Y78.705 E2.83312
G1 X85.199 Y78.707 E2.85195
G1 X85.199 Y85.199 E2.9577
G1 X66.801 Y85.199 E3.25739
G1 X66.801 Y66.801 E3.55708
G1 X72.81 Y66.801 E3.65496
G1 X72.81 Y67.919 E3.67317
G1 X72.854 Y68.178 E3.67745
G1 X72.932 Y68.339 E3.68036
G1 X73.115 Y68.539 E3.68478
G1 X73.319 Y68.651 E3.68857
G1 X73.589 Y68.699 E3.69304
G1 X75.294 Y68.699 E3.72081
G1 X75.551 Y68.655 E3.72506
G1 X75.803 Y68.699 E3.72923
G1 X77.467 Y68.699 E3.75634
G1 X77.79 Y68.629 E3.76172
G1 X78.029 Y68.459 E3.7665
G1 X78.198 Y68.187 E3.77172
G1 X78.246 Y67.919 E3.77615
G1 X78.245 Y66.801 E3.79436
G1 X85.199 Y66.801 E3.90764
G1 X85.199 Y72.422 E3.9992
G1 X84.046 Y72.422 E4.01798
G1 X83.812 Y72.458 E4.02184
G1 X83.565 Y72.611 E4.02657
M204 S1000
G1 X83.871 Y73.016 F6000
M204 S500
;TYPE:External perimeter
G1 F720
G1 X83.859 Y73.021 E4.02678
G1 X83.786 Y73.202 E4.02996
G1 X83.786 Y74.502 E4.05114
G1 X83.806 Y75.032 E4.05978
;WIDTH:0.601998
G1 X83.886 Y75.105 E4.06168
;WIDTH:0.641496
G1 X83.966 Y75.177 E4.0637
;WIDTH:0.680994
G1 X84.046 Y75.25 E4.06587
;WIDTH:0.68213
G1 X85.659 Y75.25 E4.09819
G1 X85.659 Y75.89 E4.11102
G1 X84.045 Y75.888 E4.14336
;WIDTH:0.680994
G1 X83.979 Y75.939 E4.14503
;WIDTH:0.641496
G1 X83.912 Y75.99 E4.14661
;WIDTH:0.601998
G1 X83.846 Y76.041 E4.14807
;WIDTH:0.562499
G1 X83.785 Y76.206 E4.15094
G1 X83.786 Y77.953 E4.1794
G1 X83.863 Y78.112 E4.18228
G1 X84.044 Y78.186 E4.18547
G1 X85.719 Y78.188 E4.21275
G1 X85.719 Y85.719 E4.33542
G1 X66.281 Y85.719 E4.65205
G1 X66.281 Y66.281 E4.96868
G1 X73.33 Y66.281 E5.0835
G1 X73.329 Y67.985 E5.11126
G1 X73.431 Y68.126 E5.11409
G1 X73.589 Y68.179 E5.1168
G1 X75.336 Y68.179 E5.14526
G1 X75.551 Y67.942 E5.15047
G1 X75.719 Y68.164 E5.155
G1 X75.806 Y68.179 E5.15644
G1 X76.425 Y68.179 E5.16652
G1 X77.493 Y68.178 E5.18392
G1 X77.654 Y68.099 E5.18684
G1 X77.726 Y67.919 E5.19
G1 X77.725 Y66.281 E5.21668
G1 X85.719 Y66.281 E5.3469
G1 X85.719 Y72.941 E5.45539
G1 X84.046 Y72.942 E5.48264
G1 X83.94 Y72.987 E5.48452
G1 X83.795 Y73.466 F6000
M204 S1000
G1 X82.835 Y72.024
M204 S500
;TYPE:Internal infill
;WIDTH:0.5625
G1 F1200
G1 X82.543 Y72.432 E5.49269
G1 X82.394 Y72.853 E5.49996
G1 X82.365 Y75.017 E5.53521
G1 X76.956 Y69.608 E5.65981
G1 X75.044 Y69.608 E5.69096
G1 X67.71 Y76.942 E5.85991
G1 X67.71 Y75.058 E5.8906
G1 X76.942 Y84.29 E6.10327
G1 X75.058 Y84.29 E6.13396
G1 X82.359 Y76.989 E6.30215
G1 X82.395 Y78.289 E6.32333
G1 X82.685 Y78.929 E6.33478
G1 X83.098 Y79.326 E6.34411
G1 X83.454 Y79.51 E6.35064
G1 X84.29 Y79.615 E6.36436
G1 X84.29 Y82.406 E6.40982
G1 X82.406 Y84.29 E6.45322
G1 X84.29 Y84.29 E6.48391
G1 X67.71 Y67.71 E6.86586
G1 X69.594 Y67.71 E6.89655
G1 X67.71 Y69.594 E6.93995
G1 X67.71 Y72.711 E6.99072
G1 E5.49072
G92 E0
M204 S1000
G1 X79.289 Y67.71 F6000
G1 E1.5 F1200
M204 S500
G1 X82.406 Y67.71 E1.55077
G1 X84.29 Y69.594 E1.59417
G1 X84.29 Y67.71 E1.62486
G1 X67.71 Y84.29 E2.00681
G1 X67.71 Y82.406 E2.0375
G1 X69.594 Y84.29 E2.0809
G1 X72.711 Y84.29 E2.13167
M106 S20.4
;LAYER_CHANGE
;Z:12.1
;HEIGHT:0.200001
G1 E.63167 F1200
G92 E0
G1 Z12.1 F6000
M204 S1000
G1 X75.557 Y66.397
G1 E1.5 F1200
M204 S500
;TYPE:External perimeter
;WIDTH:0.798578
G1 F720
G1 X75.557 Y67.953 E1.53686
G1 X75.557 Y67.453 F6000
G1 E.03686 F1200
G92 E0
M204 S1000
G1 X83.132 Y72.163 F6000
G1 E1.5 F1200
M204 S500
;TYPE:Perimeter
;WIDTH:0.562499
G1 F900
G1 X83.119 Y72.173 E1.50027
G1 X82.994 Y72.321 E1.50343
G1 X82.822 Y72.65 E1.50948
G1 X82.748 Y73.082 E1.51662
G1 X82.747 Y74.814 E1.54483
G1 X82.812 Y75.221 E1.55154
G1 X83.007 Y75.566 E1.558
G1 X82.812 Y75.911 E1.56446
G1 X82.746 Y76.318 E1.57118
G1 X82.745 Y78.039 E1.59921
G1 X82.823 Y78.482 E1.60654
G1 X83.003 Y78.816 E1.61272
G1 X83.325 Y79.121 E1.61994
G1 X83.596 Y79.258 E1.62489
G1 X84.043 Y79.338 E1.63229
G1 X84.68 Y79.339 E1.64267
G1 X84.68 Y84.68 E1.72967
G1 X67.32 Y84.68 E2.01245
G1 X67.32 Y67.32 E2.29523
G1 X72.178 Y67.32 E2.37436
G1 X72.178 Y67.919 E2.38412
G1 X72.248 Y68.342 E2.3911
G1 X72.374 Y68.607 E2.39588
G1 X72.681 Y68.947 E2.40334
G1 X73.022 Y69.137 E2.4097
G1 X73.477 Y69.219 E2.41723
G1 X75.033 Y69.219 E2.44258
G1 X75.515 Y69.175 E2.45046
G1 X75.934 Y69.219 E2.45732
G1 X77.154 Y69.219 E2.47719
G1 X77.88 Y69.187 E2.48903
G1 X78.284 Y69.02 E2.49615
G1 X78.568 Y68.78 E2.50221
G1 X78.818 Y68.356 E2.51023
G1 X78.893 Y67.919 E2.51745
G1 X78.893 Y67.32 E2.52721
G1 X84.68 Y67.32 E2.62148
G1 X84.68 Y71.783 E2.69418
G1 X84.046 Y71.783 E2.70451
G1 X83.666 Y71.84 E2.71077
G1 X83.413 Y71.948 E2.71525
G1 X83.191 Y72.118 E2.7198
M204 S1000
G1 X83.501 Y72.53 F6000
M204 S500
G1 F900
G1 X83.49 Y72.536 E2.72
G1 X83.312 Y72.823 E2.7255
G1 X83.267 Y73.082 E2.72978
G1 X83.266 Y74.814 E2.75799
G1 X83.306 Y75.058 E2.76202
G1 X83.492 Y75.362 E2.76783
G1 X83.769 Y75.464 E2.77264
;WIDTH:0.535287
G1 X84.046 Y75.567 E2.7772
G1 X83.769 Y75.668 E2.78175
;WIDTH:0.562499
G1 X83.491 Y75.77 E2.78657
G1 X83.305 Y76.074 E2.79238
G1 X83.266 Y76.318 E2.79641
G1 X83.265 Y78.039 E2.82444
G1 X83.312 Y78.305 E2.82884
G1 X83.505 Y78.602 E2.83461
G1 X83.775 Y78.771 E2.8398
G1 X84.043 Y78.819 E2.84423
G1 X85.199 Y78.82 E2.86306
G1 X85.199 Y85.199 E2.96697
G1 X66.801 Y85.199 E3.26666
G1 X66.801 Y66.801 E3.56635
G1 X72.698 Y66.801 E3.66241
G1 X72.697 Y67.919 E3.68062
G1 X72.739 Y68.173 E3.68481
G1 X72.815 Y68.332 E3.68768
G1 X72.999 Y68.536 E3.69216
G1 X73.204 Y68.65 E3.69598
G1 X73.477 Y68.699 E3.7005
G1 X75.213 Y68.699 E3.72878
G1 X75.547 Y68.608 E3.73442
G1 X75.733 Y68.673 E3.73763
G1 X75.934 Y68.699 E3.74093
G1 X77.594 Y68.699 E3.76797
G1 X77.921 Y68.627 E3.77342
G1 X78.158 Y68.458 E3.77816
G1 X78.328 Y68.182 E3.78344
G1 X78.374 Y67.919 E3.78779
G1 X78.373 Y66.801 E3.806
G1 X85.199 Y66.801 E3.91719
G1 X85.199 Y72.302 E4.0068
G1 X84.046 Y72.303 E4.02558
G1 X83.818 Y72.337 E4.02934
G1 X83.566 Y72.491 E4.03415
G1 E2.53415 F1200
G92 E0
M204 S1000
G1 X85.225 Y75.567 F6000
G1 E1.5 F1200
M204 S500
;WIDTH:0.510144
G1 F720
G1 X84.046 Y75.567 E1.51727
M204 S1000
G1 X83.872 Y72.897 F6000
M204 S500
;TYPE:External perimeter
;WIDTH:0.562499
G1 F720
G1 X83.859 Y72.903 E1.5175
G1 X83.787 Y73.082 E1.52064
G1 X83.786 Y74.814 E1.54885
G1 X83.861 Y74.997 E1.55207
G1 X84.046 Y75.074 E1.55533
G1 X85.719 Y75.073 E1.58258
G1 X85.719 Y76.061 E1.59867
G1 X84.046 Y76.059 E1.62592
G1 X83.861 Y76.136 E1.62918
G1 X83.785 Y76.319 E1.63241
G1 X83.785 Y78.063 E1.66082
G1 X83.865 Y78.227 E1.66379
G1 X84.044 Y78.299 E1.66693
G1 X85.719 Y78.301 E1.69421
G1 X85.719 Y85.719 E1.81504
G1 X66.281 Y85.719 E2.13167
G1 X66.281 Y66.281 E2.4483
G1 X73.218 Y66.281 E2.5613
G1 X73.217 Y67.984 E2.58904
G1 X73.317 Y68.125 E2.59186
G1 X73.477 Y68.18 E2.59462
G1 X75.22 Y68.18 E2.62301
;WIDTH:0.609715
G1 X75.288 Y68.134 E2.62447
;WIDTH:0.656931
G1 X75.355 Y68.089 E2.62602
;WIDTH:0.704147
G1 X75.422 Y68.043 E2.6277
;WIDTH:0.751363
G1 X75.49 Y67.998 E2.62951
;WIDTH:0.798578
G1 X75.557 Y67.953 E2.63142
G1 X75.608 Y67.992 E2.63294
;WIDTH:0.751363
G1 X75.659 Y68.031 E2.63437
;WIDTH:0.704147
G1 X75.71 Y68.07 E2.6357
;WIDTH:0.656931
G1 X75.761 Y68.11 E2.63695
;WIDTH:0.609715
G1 X75.812 Y68.149 E2.63809
;WIDTH:0.562499
G1 X75.934 Y68.18 E2.64014
G1 X77.622 Y68.178 E2.66764
G1 X77.782 Y68.099 E2.67055
G1 X77.854 Y67.92 E2.67369
G1 X77.853 Y66.281 E2.70039
G1 X85.719 Y66.281 E2.82852
G1 X85.719 Y72.822 E2.93507
G1 X84.046 Y72.822 E2.96232
G1 X83.941 Y72.868 E2.96419
G1 X83.795 Y73.346 F6000
G1 E1.46419 F1200
G92 E0
M204 S1000
G1 X71.946 Y68.611 F6000
G1 E1.5 F1200
M204 S500
;TYPE:Internal infill
;WIDTH:0.5625
G1 X71.877 Y68.466 E1.50262
G1 X71.788 Y67.71 E1.51502
G1 X69.594 Y67.71 E1.55076
G1 X67.71 Y69.594 E1.59416
G1 X67.71 Y67.71 E1.62485
G1 X84.29 Y84.29 E2.0068
G1 X82.406 Y84.29 E2.03749
G1 X84.29 Y82.406 E2.08089
G1 X84.29 Y79.728 E2.12451
G1 X83.465 Y79.627 E2.13805
G1 X83.111 Y79.447 E2.14452
G1 X82.691 Y79.05 E2.15393
G1 X82.395 Y78.405 E2.16549
G1 X82.36 Y76.987 E2.1886
G1 X75.058 Y84.29 E2.35682
G1 X76.942 Y84.29 E2.38751
G1 X67.71 Y75.058 E2.60018
G1 X67.71 Y76.942 E2.63087
G1 X75.045 Y69.607 E2.79984
G1 X75.558 Y69.563 E2.80823
G1 X76.956 Y69.608 E2.83101
G1 X82.374 Y75.026 E2.95582
G1 X82.358 Y73.075 E2.9876
G1 X82.395 Y72.73 E2.99325
G1 X82.547 Y72.304 E3.00062
G1 X82.844 Y71.896 E3.00884
G1 X83.221 Y71.608 E3.01657
G1 X83.555 Y71.466 E3.02248
G1 X84.29 Y71.393 E3.03451
G1 X84.29 Y69.594 E3.06381
G1 X82.406 Y67.71 E3.10721
G1 X84.29 Y67.71 E3.1379
G1 X67.71 Y84.29 E3.51985
G1 X67.71 Y82.406 E3.55054
G1 X69.594 Y84.29 E3.59394
G1 X72.711 Y84.29 E3.64471
;LAYER_CHANGE
;Z:12.3
;HEIGHT:0.2
G1 E2.14471 F1200
G92 E0
G1 Z12.3 F6000
M204 S1000
G1 X83.131 Y72.042
G1 E1.5 F1200
M204 S500
;TYPE:Perimeter
;WIDTH:0.562499
G1 F900
G1 X83.127 Y72.046 E1.50009
G1 X82.999 Y72.195 E1.50329
G1 X82.824 Y72.526 E1.50939
G1 X82.748 Y72.962 E1.5166
G1 X82.764 Y74.906 E1.54827
G1 X82.918 Y75.341 E1.55579
G1 X83.099 Y75.563 E1.56046
G1 X82.918 Y75.785 E1.56513
G1 X82.796 Y76.073 E1.57022
G1 X82.747 Y76.423 E1.57598
G1 X82.746 Y78.152 E1.60414
G1 X82.825 Y78.599 E1.61153
G1 X83.008 Y78.935 E1.61776
G1 X83.336 Y79.241 E1.62507
G1 X83.604 Y79.375 E1.62995
G1 X84.043 Y79.452 E1.63721
G1 X84.68 Y79.452 E1.64759
G1 X84.68 Y84.68 E1.73275
G1 X67.32 Y84.68 E2.01553
G1 X67.32 Y67.32 E2.29831
G1 X72.065 Y67.32 E2.3756
G1 X72.065 Y67.919 E2.38536
G1 X72.133 Y68.333 E2.39219
G1 X72.255 Y68.596 E2.39691
G1 X72.562 Y68.942 E2.40444
G1 X72.906 Y69.135 E2.41087
G1 X73.364 Y69.219 E2.41845
G1 X75.174 Y69.219 E2.44793
G1 X75.564 Y69.112 E2.45452
G1 X75.629 Y69.145 E2.45571
G1 X76.06 Y69.219 E2.46283
G1 X77.272 Y69.219 E2.48257
G1 X78.012 Y69.186 E2.49464
G1 X78.42 Y69.015 E2.50185
G1 X78.704 Y68.77 E2.50796
G1 X78.949 Y68.346 E2.51594
G1 X79.021 Y67.919 E2.52299
G1 X79.021 Y67.32 E2.53275
G1 X84.68 Y67.32 E2.62493
G1 X84.68 Y71.663 E2.69567
G1 X84.046 Y71.664 E2.706
G1 X83.677 Y71.718 E2.71207
G1 X83.427 Y71.821 E2.71647
G1 X83.192 Y71.997 E2.72125
M204 S1000
G1 X83.501 Y72.409 F6000
M204 S500
G1 F900
G1 X83.495 Y72.413 E2.72137
G1 X83.313 Y72.701 E2.72692
G1 X83.268 Y72.962 E2.73123
G1 X83.267 Y74.697 E2.75949
G1 X83.318 Y74.974 E2.76408
G1 X83.533 Y75.284 E2.77023
;WIDTH:0.605933
G1 X83.661 Y75.354 E2.77281
;WIDTH:0.649367
G1 X83.79 Y75.424 E2.7756
;WIDTH:0.692801
G1 X83.918 Y75.494 E2.77857
;WIDTH:0.736234
G1 X84.047 Y75.564 E2.78176
G1 X83.918 Y75.634 E2.78495
;WIDTH:0.692801
G1 X83.789 Y75.703 E2.78793
;WIDTH:0.649367
G1 X83.661 Y75.773 E2.7907
;WIDTH:0.605933
G1 X83.532 Y75.843 E2.79329
;WIDTH:0.562499
G1 X83.317 Y76.152 E2.79942
G1 X83.266 Y76.426 E2.80396
G1 X83.265 Y78.152 E2.83208
G1 X83.313 Y78.42 E2.83651
G1 X83.51 Y78.719 E2.84234
G1 X83.781 Y78.886 E2.84753
G1 X84.044 Y78.932 E2.85188
G1 X85.199 Y78.934 E2.87069
G1 X85.199 Y85.199 E2.97274
G1 X66.801 Y85.199 E3.27243
G1 X66.801 Y66.801 E3.57212
G1 X72.585 Y66.801 E3.66634
G1 X72.585 Y67.92 E3.68457
G1 X72.625 Y68.168 E3.68866
G1 X72.699 Y68.326 E3.6915
G1 X72.883 Y68.533 E3.69601
G1 X73.089 Y68.649 E3.69986
G1 X73.364 Y68.699 E3.70441
G1 X75.157 Y68.699 E3.73362
G1 X75.516 Y68.558 E3.7399
G1 X75.564 Y68.474 E3.74148
G1 X75.612 Y68.558 E3.74306
G1 X75.801 Y68.655 E3.74652
G1 X76.06 Y68.699 E3.7508
G1 X77.722 Y68.699 E3.77787
G1 X78.053 Y68.625 E3.78339
G1 X78.287 Y68.457 E3.78808
G1 X78.458 Y68.176 E3.79344
G1 X78.502 Y67.919 E3.79769
G1 X78.501 Y66.801 E3.8159
G1 X85.199 Y66.801 E3.92501
G1 X85.199 Y72.183 E4.01268
G1 X84.047 Y72.183 E4.03145
G1 X83.825 Y72.216 E4.03511
G1 X83.566 Y72.37 E4.04002
G1 E2.54002 F1200
G92 E0
M204 S1000
G1 X85.111 Y75.564 F6000
G1 E1.5 F1200
M204 S500
;WIDTH:0.738104
G1 F720
G1 X84.047 Y75.564 E1.52319
M204 S1000
G1 X83.868 Y72.778 F6000
M204 S500
;TYPE:External perimeter
;WIDTH:0.562499
G1 F720
G1 X83.859 Y72.784 E1.52337
G1 X83.787 Y72.963 E1.52651
G1 X83.787 Y73.605 E1.53697
G1 X83.788 Y74.727 E1.55525
G1 X83.875 Y74.893 E1.5583
G1 X84.046 Y74.957 E1.56127
G1 X85.719 Y74.956 E1.58852
G1 X85.719 Y76.172 E1.60833
G1 X84.046 Y76.17 E1.63558
G1 X83.874 Y76.234 E1.63857
G1 X83.82 Y76.301 E1.63997
G1 X83.786 Y76.429 E1.64213
G1 X83.785 Y78.177 E1.6706
G1 X83.866 Y78.342 E1.67359
G1 X84.044 Y78.412 E1.67671
G1 X85.719 Y78.415 E1.70399
G1 X85.719 Y85.719 E1.82297
G1 X66.281 Y85.719 E2.1396
G1 X66.281 Y66.281 E2.45623
G1 X73.105 Y66.281 E2.56739
G1 X73.104 Y67.983 E2.59511
G1 X73.204 Y68.124 E2.59793
G1 X73.364 Y68.18 E2.60069
G1 X75.033 Y68.18 E2.62788
G1 X75.217 Y68.132 E2.63098
G1 X75.316 Y67.92 E2.63479
;WIDTH:0.538934
G1 X75.316 Y66.269 E2.66046
;WIDTH:0.538235
G1 X75.811 Y66.269 E2.66815
G1 X75.811 Y66.517 E2.672
;WIDTH:0.538934
G1 X75.812 Y67.92 E2.69382
;WIDTH:0.562499
G1 X75.91 Y68.132 E2.69762
G1 X75.974 Y68.165 E2.69879
G1 X77.75 Y68.178 E2.72772
G1 X77.91 Y68.099 E2.73063
G1 X77.982 Y67.92 E2.73377
G1 X77.981 Y66.281 E2.76047
G1 X85.719 Y66.281 E2.88652
G1 X85.719 Y72.702 E2.99111
G1 X83.99 Y72.703 E3.01927
G1 X83.932 Y72.739 E3.02038
G1 X83.798 Y73.22 F6000
G1 E1.52038 F1200
G92 E0
M204 S1000
G1 X83.368 Y79.69 F6000
G1 E1.5 F1200
M204 S500
;TYPE:Internal infill
;WIDTH:0.5625
G1 X82.885 Y79.381 E1.50934
G1 X82.697 Y79.171 E1.51393
G1 X82.459 Y78.733 E1.52205
G1 X82.356 Y78.159 E1.53155
G1 X82.363 Y76.985 E1.55067
G1 X75.058 Y84.29 E1.71895
G1 X76.942 Y84.29 E1.74964
G1 X67.71 Y75.058 E1.96231
G1 X67.71 Y76.942 E1.993
G1 X75.044 Y69.609 E2.16194
G1 X75.564 Y69.531 E2.17051
G1 X76.006 Y69.608 E2.17782
G1 X76.956 Y69.608 E2.19329
G1 X82.409 Y75.061 E2.31891
G1 X82.368 Y74.889 E2.32179
G1 X82.358 Y72.955 E2.35329
G1 X82.456 Y72.395 E2.36255
G1 X82.685 Y71.964 E2.3705
G1 X83.238 Y71.479 E2.38248
G1 X83.568 Y71.342 E2.3883
G1 X84.29 Y71.274 E2.40011
G1 X84.29 Y69.594 E2.42748
G1 X82.406 Y67.71 E2.47088
G1 X84.29 Y67.71 E2.50157
G1 X67.71 Y84.29 E2.88352
G1 X67.71 Y82.406 E2.91421
G1 X69.594 Y84.29 E2.95761
G1 X72.711 Y84.29 E3.00838
G1 E1.50838
G92 E0
M204 S1000
G1 X79.289 Y84.29 F6000
G1 E1.5 F1200
M204 S500
G1 X82.406 Y84.29 E1.55077
G1 X84.29 Y82.406 E1.59417
G1 X84.29 Y84.29 E1.62486
G1 X67.71 Y67.71 E2.00681
G1 X69.594 Y67.71 E2.0375
G1 X67.71 Y69.594 E2.0809
G1 X67.71 Y72.711 E2.13167
;LAYER_CHANGE
;Z:12.5
;HEIGHT:0.2
G1 E.63167 F1200
G92 E0
G1 Z12.5 F6000
M204 S1000
G1 X83.128 Y71.926
G1 E1.5 F1200
M204 S500
;TYPE:Perimeter
;WIDTH:0.562499
G1 F900
G1 X83.005 Y72.068 E1.50306
G1 X82.826 Y72.402 E1.50923
G1 X82.748 Y72.842 E1.51651
G1 X82.748 Y74.119 E1.53731
G1 X82.777 Y74.854 E1.54929
G1 X82.956 Y75.286 E1.55691
G1 X83.208 Y75.56 E1.56297
G1 X82.956 Y75.835 E1.56905
G1 X82.81 Y76.141 E1.57457
G1 X82.747 Y76.541 E1.58117
G1 X82.746 Y78.265 E1.60925
G1 X82.826 Y78.716 E1.61671
G1 X83.013 Y79.055 E1.62302
G1 X83.346 Y79.361 E1.63039
G1 X83.613 Y79.491 E1.63523
G1 X84.043 Y79.565 E1.64234
G1 X84.68 Y79.566 E1.65272
G1 X84.68 Y84.68 E1.73602
G1 X67.32 Y84.68 E2.0188
G1 X67.32 Y67.32 E2.30158
G1 X71.953 Y67.32 E2.37705
G1 X71.953 Y67.919 E2.38681
G1 X72.017 Y68.324 E2.39349
G1 X72.136 Y68.585 E2.39816
G1 X72.279 Y68.781 E2.40211
G1 X72.617 Y69.053 E2.40918
G1 X72.956 Y69.185 E2.41511
G1 X73.252 Y69.219 E2.41996
G1 X74.955 Y69.219 E2.4477
G1 X75.232 Y69.189 E2.45224
G1 X75.57 Y69.05 E2.45819
G1 X75.823 Y69.167 E2.46273
G1 X76.186 Y69.219 E2.4687
G1 X77.389 Y69.219 E2.4883
G1 X78.144 Y69.185 E2.50061
G1 X78.556 Y69.01 E2.5079
G1 X78.841 Y68.76 E2.51408
G1 X79.08 Y68.336 E2.52201
G1 X79.149 Y67.919 E2.52889
G1 X79.149 Y67.32 E2.53865
G1 X84.68 Y67.32 E2.62875
G1 X84.68 Y71.544 E2.69756
G1 X84.047 Y71.544 E2.70787
G1 X83.687 Y71.595 E2.71379
G1 X83.441 Y71.694 E2.71811
G1 X83.187 Y71.88 E2.72324
M204 S1000
G1 X83.494 Y72.297 F6000
M204 S500
G1 F900
G1 X83.314 Y72.578 E2.72868
G1 X83.268 Y72.843 E2.73306
G1 X83.267 Y74.58 E2.76135
G1 X83.331 Y74.889 E2.76649
G1 X83.57 Y75.197 E2.77284
G1 X83.808 Y75.264 E2.77687
;WIDTH:0.533078
G1 X84.047 Y75.33 E2.78068
;WIDTH:0.504491
G1 X85.228 Y75.33 E2.79777
G1 X85.228 Y75.792 E2.80446
G1 X84.047 Y75.791 E2.82155
;WIDTH:0.533078
G1 X83.808 Y75.858 E2.82536
;WIDTH:0.562499
G1 X83.57 Y75.924 E2.82938
G1 X83.33 Y76.232 E2.83574
G1 X83.27 Y76.469 E2.83972
G1 X83.266 Y78.334 E2.8701
G1 X83.36 Y78.637 E2.87527
G1 X83.514 Y78.837 E2.87938
G1 X83.786 Y79.001 E2.88455
G1 X84.044 Y79.045 E2.88881
G1 X85.199 Y79.047 E2.90762
G1 X85.199 Y85.199 E3.00783
G1 X66.801 Y85.199 E3.30752
G1 X66.801 Y66.801 E3.60721
G1 X72.473 Y66.801 E3.6996
G1 X72.472 Y67.92 E3.71783
G1 X72.511 Y68.163 E3.72184
G1 X72.582 Y68.319 E3.72463
G1 X72.766 Y68.53 E3.72919
G1 X72.974 Y68.648 E3.73309
G1 X73.252 Y68.699 E3.73769
G1 X75.086 Y68.699 E3.76756
G1 X75.468 Y68.507 E3.77452
G1 X75.57 Y68.304 E3.77822
G1 X75.673 Y68.507 E3.78193
G1 X75.874 Y68.634 E3.7858
G1 X76.186 Y68.699 E3.79099
G1 X77.85 Y68.699 E3.8181
G1 X78.185 Y68.624 E3.82369
G1 X78.416 Y68.456 E3.82834
G1 X78.588 Y68.17 E3.83378
G1 X78.629 Y67.92 E3.83791
G1 X78.629 Y66.801 E3.85614
G1 X85.199 Y66.801 E3.96316
G1 X85.199 Y72.063 E4.04887
G1 X84.047 Y72.064 E4.06764
G1 X83.831 Y72.094 E4.07119
G1 X83.556 Y72.256 E4.07639
M204 S1000
G1 X83.869 Y72.658 F6000
M204 S500
;TYPE:External perimeter
G1 F720
G1 X83.859 Y72.664 E4.07658
G1 X83.788 Y72.843 E4.07972
G1 X83.787 Y73.481 E4.09011
G1 X83.789 Y74.614 E4.10857
G1 X83.888 Y74.786 E4.1118
G1 X84.047 Y74.84 E4.11454
G1 X85.719 Y74.839 E4.14178
G1 X85.719 Y76.283 E4.1653
G1 X84.046 Y76.281 E4.19255
G1 X83.887 Y76.335 E4.19529
G1 X83.799 Y76.461 E4.19779
G1 X83.785 Y78.291 E4.2276
G1 X83.868 Y78.456 E4.23061
G1 X84.045 Y78.526 E4.23371
G1 X85.719 Y78.528 E4.26098
G1 X85.719 Y85.719 E4.37812
G1 X66.281 Y85.719 E4.69475
G1 X66.281 Y66.281 E5.01138
G1 X72.993 Y66.281 E5.12071
G1 X72.992 Y67.982 E5.14842
G1 X73.09 Y68.123 E5.15122
G1 X73.252 Y68.18 E5.15402
G1 X74.955 Y68.18 E5.18176
G1 X75.126 Y68.116 E5.18473
;WIDTH:0.610527
G1 X75.194 Y68.018 E5.18685
;WIDTH:0.658555
G1 X75.263 Y67.92 E5.18916
G1 X75.263 Y66.329 E5.21987
;WIDTH:0.657916
G1 X75.878 Y66.329 E5.23173
G1 X75.878 Y66.636 E5.23765
;WIDTH:0.660906
G1 X75.878 Y67.947 E5.26305
G1 X75.98 Y68.053 E5.2659
;WIDTH:0.611703
G1 X76.082 Y68.158 E5.26851
;WIDTH:0.562499
G1 X76.472 Y68.18 E5.27487
G1 X77.878 Y68.178 E5.29777
G1 X78.039 Y68.099 E5.30069
G1 X78.11 Y67.92 E5.30383
G1 X78.109 Y66.281 E5.33053
G1 X85.719 Y66.281 E5.45449
G1 X85.719 Y72.582 E5.55713
G1 X83.992 Y72.583 E5.58526
G1 X83.933 Y72.619 E5.58639
G1 X83.798 Y73.101 F6000
M204 S1000
G1 X82.573 Y72.023
M204 S500
;TYPE:Internal infill
;WIDTH:0.5625
G1 F1200
G1 X82.397 Y72.483 E5.59441
G1 X82.359 Y72.836 E5.60019
G1 X82.371 Y74.793 E5.63207
G1 X82.443 Y75.095 E5.63713
G1 X76.955 Y69.607 E5.76355
G1 X76.063 Y69.605 E5.77808
G1 X75.57 Y69.488 E5.78633
G1 X75.046 Y69.606 E5.79508
G1 X67.71 Y76.942 E5.96408
G1 X67.71 Y75.058 E5.99477
G1 X76.942 Y84.29 E6.20744
G1 X75.058 Y84.29 E6.23813
G1 X82.357 Y76.991 E6.40627
G1 X82.356 Y78.272 E6.42714
G1 X82.461 Y78.851 E6.43673
G1 X82.703 Y79.292 E6.44492
G1 X82.895 Y79.503 E6.44957
G1 X83.272 Y79.756 E6.45697
G1 E4.95697
G92 E0
M204 S1000
G1 X79.289 Y84.29 F6000
G1 E1.5 F1200
M204 S500
G1 X82.406 Y84.29 E1.55077
G1 X84.29 Y82.406 E1.59417
G1 X84.29 Y84.29 E1.62486
G1 X67.71 Y67.71 E2.00681
G1 X67.71 Y69.594 E2.0375
G1 X69.594 Y67.71 E2.0809
G1 X71.563 Y67.71 E2.11297
G1 X71.645 Y68.443 E2.12498
G1 X71.82 Y68.812 E2.13163
G1 E.63163
G92 E0
M204 S1000
G1 X79.534 Y67.96 F6000
G1 E1.5 F1200
M204 S500
G1 X79.539 Y67.71 E1.50407
G1 X82.406 Y67.71 E1.55077
G1 X84.29 Y69.594 E1.59417
G1 X84.29 Y67.71 E1.62486
G1 X67.71 Y84.29 E2.00681
G1 X67.71 Y82.406 E2.0375
G1 X69.594 Y84.29 E2.0809
G1 X72.711 Y84.29 E2.13167
M106 S17.85
;LAYER_CHANGE
;Z:12.7
;HEIGHT:0.2
G1 E.63167 F1200
G92 E0
G1 Z12.7 F6000
M204 S1000
G1 X83.129 Y71.808
G1 E1.5 F1200
M204 S500
;TYPE:Perimeter
;WIDTH:0.562499
G1 F900
G1 X82.963 Y72.009 E1.50425
G1 X82.828 Y72.277 E1.50914
G1 X82.749 Y72.723 E1.51652
G1 X82.748 Y74.463 E1.54486
G1 X82.799 Y74.824 E1.5508
G1 X82.995 Y75.225 E1.55807
G1 X83.309 Y75.533 E1.56523
G1 X83.39 Y75.558 E1.56661
G1 X83.309 Y75.583 E1.56799
G1 X82.994 Y75.89 E1.57515
G1 X82.798 Y76.29 E1.58241
G1 X82.747 Y76.652 E1.58836
G1 X82.746 Y78.379 E1.61649
G1 X82.828 Y78.833 E1.624
G1 X83.018 Y79.174 E1.63036
G1 X83.357 Y79.481 E1.63781
G1 X83.622 Y79.607 E1.64259
G1 X84.043 Y79.678 E1.64954
G1 X84.68 Y79.679 E1.65992
G1 X84.68 Y84.68 E1.74138
G1 X67.32 Y84.68 E2.02416
G1 X67.32 Y67.32 E2.30694
G1 X71.84 Y67.32 E2.38057
G1 X71.84 Y67.92 E2.39034
G1 X71.902 Y68.315 E2.39685
G1 X72.016 Y68.573 E2.40144
G1 X72.185 Y68.802 E2.40608
G1 X72.382 Y68.975 E2.41035
G1 X72.786 Y69.17 E2.41766
G1 X73.139 Y69.219 E2.42347
G1 X74.842 Y69.219 E2.45121
G1 X75.269 Y69.147 E2.45826
G1 X75.577 Y68.971 E2.46404
G1 X75.885 Y69.147 E2.46982
G1 X76.312 Y69.219 E2.47687
G1 X77.507 Y69.219 E2.49634
G1 X78.277 Y69.184 E2.5089
G1 X78.693 Y69.005 E2.51628
G1 X78.912 Y68.823 E2.52092
G1 X79.063 Y68.634 E2.52486
G1 X79.212 Y68.326 E2.53043
G1 X79.277 Y67.92 E2.53713
G1 X79.276 Y67.32 E2.5469
G1 X84.68 Y67.32 E2.63493
G1 X84.68 Y71.424 E2.70178
G1 X84.047 Y71.424 E2.71209
G1 X83.698 Y71.472 E2.71783
G1 X83.456 Y71.567 E2.72206
G1 X83.186 Y71.76 E2.72747
M204 S1000
G1 X83.496 Y72.178 F6000
M204 S500
G1 F900
G1 X83.316 Y72.456 E2.73286
G1 X83.268 Y72.723 E2.73728
G1 X83.268 Y74.463 E2.76562
G1 X83.345 Y74.802 E2.77128
G1 X83.604 Y75.105 E2.77777
;WIDTH:0.590118
G1 X83.826 Y75.188 E2.78184
;WIDTH:0.617737
G1 X84.047 Y75.271 E2.78609
;WIDTH:0.618472
G1 X85.171 Y75.27 E2.80637
G1 X85.171 Y75.846 E2.81676
G1 X84.047 Y75.845 E2.83704
;WIDTH:0.617737
G1 X83.825 Y75.928 E2.84131
;WIDTH:0.590118
G1 X83.604 Y76.011 E2.84536
;WIDTH:0.562499
G1 X83.415 Y76.195 E2.84966
G1 X83.288 Y76.469 E2.85458
G1 X83.266 Y76.97 E2.86275
G1 X83.266 Y78.448 E2.88683
G1 X83.362 Y78.754 E2.89205
G1 X83.519 Y78.954 E2.89619
G1 X83.791 Y79.116 E2.90135
G1 X84.044 Y79.159 E2.90553
G1 X85.199 Y79.16 E2.92434
G1 X85.199 Y85.199 E3.02271
G1 X66.801 Y85.199 E3.3224
G1 X66.801 Y66.801 E3.62209
G1 X72.36 Y66.801 E3.71264
G1 X72.36 Y67.92 E3.73087
G1 X72.397 Y68.157 E3.73478
G1 X72.567 Y68.449 E3.74028
G1 X72.807 Y68.626 E3.74514
G1 X73.139 Y68.7 E3.75068
G1 X74.842 Y68.7 E3.77842
G1 X75.098 Y68.656 E3.78265
G1 X75.405 Y68.459 E3.78859
G1 X75.491 Y68.222 E3.7927
;WIDTH:0.521196
G1 X75.577 Y67.985 E3.79648
G1 X75.663 Y68.222 E3.80026
;WIDTH:0.562499
G1 X75.749 Y68.459 E3.80437
G1 X76.056 Y68.656 E3.81031
G1 X76.312 Y68.7 E3.81454
G1 X77.978 Y68.7 E3.84168
G1 X78.275 Y68.641 E3.84661
G1 X78.538 Y68.462 E3.85179
G1 X78.718 Y68.164 E3.85746
G1 X78.757 Y67.92 E3.86149
G1 X78.757 Y66.801 E3.87972
G1 X85.199 Y66.801 E3.98466
G1 X85.199 Y71.944 E4.06844
G1 X83.888 Y71.944 E4.0898
G1 X83.556 Y72.135 E4.09604
G1 E2.59604 F1200
G92 E0
M204 S1000
G1 X75.577 Y66.756 F6000
G1 E1.5 F1200
M204 S500
;WIDTH:0.479892
G1 F720
G1 X75.577 Y67.985 E1.51684
G1 E.01684 F1200
G92 E0
M204 S1000
G1 X83.869 Y72.539 F6000
G1 E1.5 F1200
M204 S500
;TYPE:External perimeter
;WIDTH:0.562499
G1 F720
G1 X83.859 Y72.545 E1.50019
G1 X83.788 Y72.723 E1.50331
G1 X83.787 Y73.992 E1.52398
G1 X83.791 Y74.51 E1.53242
G1 X83.899 Y74.677 E1.53566
G1 X84.047 Y74.723 E1.53818
G1 X85.719 Y74.723 E1.56542
G1 X85.719 Y76.395 E1.59266
G1 X84.046 Y76.393 E1.61991
G1 X83.899 Y76.438 E1.62241
G1 X83.812 Y76.539 E1.62458
G1 X83.786 Y76.97 E1.63161
G1 X83.785 Y78.404 E1.65497
G1 X83.87 Y78.571 E1.65802
G1 X84.045 Y78.639 E1.66108
G1 X85.719 Y78.641 E1.68835
G1 X85.719 Y85.719 E1.80365
G1 X66.281 Y85.719 E2.12028
G1 X66.281 Y66.281 E2.43691
G1 X72.88 Y66.281 E2.5444
G1 X72.879 Y67.982 E2.57211
G1 X72.988 Y68.131 E2.57512
G1 X73.139 Y68.18 E2.57771
G1 X74.847 Y68.18 E2.60553
G1 X75.03 Y68.1 E2.60878
G1 X75.102 Y67.92 E2.61194
G1 X75.102 Y66.281 E2.63864
G1 X76.052 Y66.281 E2.65411
G1 X76.053 Y67.92 E2.68081
G1 X76.125 Y68.1 E2.68397
G1 X76.192 Y68.15 E2.68533
G1 X76.491 Y68.18 E2.69022
G1 X78.003 Y68.18 E2.71485
G1 X78.165 Y68.101 E2.71779
G1 X78.238 Y67.92 E2.72097
G1 X78.237 Y66.281 E2.74767
G1 X85.719 Y66.281 E2.86955
G1 X85.719 Y72.463 E2.97025
G1 X83.994 Y72.464 E2.99835
G1 X83.933 Y72.5 E2.9995
G1 X83.798 Y72.981 F6000
M204 S1000
G1 X82.489 Y72.088
M204 S500
;TYPE:Internal infill
;WIDTH:0.5625
G1 F1200
G1 X82.359 Y72.718 E3.00998
G1 X82.358 Y74.467 E3.03847
G1 X82.513 Y75.165 E3.05012
G1 X76.953 Y69.606 E3.17819
G1 X76.166 Y69.603 E3.19101
G1 X75.577 Y69.432 E3.201
G1 X75.066 Y69.586 E3.20969
G1 X67.71 Y76.942 E3.37915
G1 X67.71 Y75.058 E3.40984
G1 X76.942 Y84.29 E3.62251
G1 X75.058 Y84.29 E3.6532
G1 X82.357 Y76.991 E3.82134
G1 X82.357 Y78.386 E3.84406
G1 X82.398 Y78.754 E3.85009
G1 X82.564 Y79.191 E3.8577
G1 X82.905 Y79.625 E3.86669
G1 X83.151 Y79.813 E3.87173
G1 X83.498 Y79.978 E3.87799
G1 X84.29 Y80.068 E3.89097
G1 X84.29 Y82.406 E3.92905
G1 X82.406 Y84.29 E3.97245
G1 X84.29 Y84.29 E4.00314
G1 X67.71 Y67.71 E4.38509
G1 X67.71 Y69.594 E4.41578
G1 X69.594 Y67.71 E4.45918
G1 X71.451 Y67.71 E4.48943
G1 X71.528 Y68.431 E4.50124
G1 X71.776 Y68.901 E4.5099
G1 E3.0099
G92 E0
M204 S1000
G1 X79.641 Y68.086 F6000
G1 E1.5 F1200
M204 S500
G1 X79.666 Y67.71 E1.50614
G1 X82.406 Y67.71 E1.55077
G1 X84.29 Y69.594 E1.59417
G1 X84.29 Y67.71 E1.62486
G1 X67.71 Y84.29 E2.00681
G1 X67.71 Y82.406 E2.0375
G1 X69.594 Y84.29 E2.0809
G1 X72.711 Y84.29 E2.13167
;LAYER_CHANGE
;Z:12.9
;HEIGHT:0.2
G1 E.63167 F1200
G92 E0
G1 Z12.9 F6000
M204 S1000
G1 X83.13 Y71.69
G1 E1.5 F1200
M204 S500
;TYPE:Perimeter
;WIDTH:0.562499
G1 F900
G1 X82.962 Y71.892 E1.50428
G1 X82.83 Y72.152 E1.50903
G1 X82.749 Y72.603 E1.51649
G1 X82.748 Y74.346 E1.54488
G1 X82.81 Y74.743 E1.55143
G1 X83.034 Y75.159 E1.55913
G1 X83.36 Y75.449 E1.56624
G1 X83.731 Y75.555 E1.57253
G1 X83.36 Y75.661 E1.57882
G1 X83.033 Y75.95 E1.58593
G1 X82.81 Y76.366 E1.59362
G1 X82.747 Y76.763 E1.60017
G1 X82.746 Y78.492 E1.62833
G1 X82.83 Y78.95 E1.63591
G1 X83.023 Y79.294 E1.64234
G1 X83.368 Y79.601 E1.64986
G1 X83.631 Y79.724 E1.65459
G1 X84.044 Y79.792 E1.66141
G1 X84.68 Y79.792 E1.67177
G1 X84.68 Y84.68 E1.75139
G1 X67.32 Y84.68 E2.03417
G1 X67.32 Y67.32 E2.31695
G1 X71.728 Y67.32 E2.38875
G1 X71.728 Y67.92 E2.39852
G1 X71.786 Y68.306 E2.40488
G1 X71.897 Y68.561 E2.40941
G1 X72.065 Y68.794 E2.41409
G1 X72.263 Y68.971 E2.41842
G1 X72.67 Y69.169 E2.42579
G1 X73.027 Y69.219 E2.43166
G1 X74.921 Y69.219 E2.46251
G1 X75.404 Y69.03 E2.47096
G1 X75.584 Y68.874 E2.47484
G1 X75.764 Y69.03 E2.47872
G1 X76.061 Y69.163 E2.48402
G1 X76.439 Y69.219 E2.49024
G1 X78.106 Y69.219 E2.51739
G1 X78.41 Y69.183 E2.52238
G1 X78.829 Y68.999 E2.52983
G1 X79.049 Y68.813 E2.53452
G1 X79.192 Y68.632 E2.53828
G1 X79.343 Y68.316 E2.54398
G1 X79.405 Y67.92 E2.55051
G1 X79.404 Y67.32 E2.56028
G1 X84.68 Y67.32 E2.64622
G1 X84.68 Y71.305 E2.71113
G1 X84.047 Y71.305 E2.72144
G1 X83.471 Y71.44 E2.73108
G1 X83.185 Y71.641 E2.73677
M204 S1000
G1 X83.497 Y72.059 F6000
M204 S500
G1 F900
G1 X83.317 Y72.333 E2.74211
G1 X83.269 Y72.603 E2.74658
G1 X83.278 Y74.47 E2.77699
G1 X83.36 Y74.714 E2.78118
G1 X83.635 Y75.008 E2.78774
;WIDTH:0.604829
G1 X83.738 Y75.059 E2.78976
;WIDTH:0.647158
G1 X83.841 Y75.109 E2.79193
;WIDTH:0.689488
G1 X83.945 Y75.16 E2.79428
;WIDTH:0.731817
G1 X84.048 Y75.211 E2.79676
;WIDTH:0.732452
G1 X85.114 Y75.21 E2.8198
G1 X85.114 Y75.901 E2.83474
G1 X84.047 Y75.899 E2.85781
;WIDTH:0.731817
G1 X83.944 Y75.95 E2.86029
;WIDTH:0.689488
G1 X83.841 Y76.001 E2.86262
;WIDTH:0.647158
G1 X83.738 Y76.051 E2.86479
;WIDTH:0.604829
G1 X83.635 Y76.102 E2.86681
;WIDTH:0.562499
G1 X83.439 Y76.276 E2.87108
G1 X83.304 Y76.525 E2.87569
G1 X83.267 Y76.97 E2.88296
G1 X83.266 Y78.562 E2.90889
G1 X83.364 Y78.87 E2.91415
G1 X83.524 Y79.072 E2.91835
G1 X83.797 Y79.231 E2.9235
G1 X84.044 Y79.272 E2.92758
G1 X85.199 Y79.273 E2.94639
G1 X85.199 Y85.199 E3.04292
G1 X66.801 Y85.199 E3.34261
G1 X66.801 Y66.801 E3.6423
G1 X72.248 Y66.801 E3.73103
G1 X72.247 Y67.92 E3.74926
G1 X72.282 Y68.152 E3.75308
G1 X72.45 Y68.444 E3.75857
G1 X72.692 Y68.624 E3.76348
G1 X73.027 Y68.7 E3.76908
G1 X74.729 Y68.7 E3.7968
G1 X75.022 Y68.643 E3.80166
G1 X75.331 Y68.415 E3.80792
;WIDTH:0.601887
G1 X75.394 Y68.31 E3.81007
;WIDTH:0.641275
G1 X75.457 Y68.205 E3.81237
;WIDTH:0.680663
G1 X75.521 Y68.1 E3.81483
;WIDTH:0.72005
G1 X75.584 Y67.995 E3.81743
G1 X75.647 Y68.1 E3.82003
;WIDTH:0.680663
G1 X75.71 Y68.205 E3.82248
;WIDTH:0.641275
G1 X75.773 Y68.31 E3.82478
;WIDTH:0.601887
G1 X75.837 Y68.415 E3.82693
;WIDTH:0.562499
G1 X76.146 Y68.643 E3.83319
G1 X76.439 Y68.7 E3.83805
G1 X78.106 Y68.7 E3.8652
G1 X78.407 Y68.639 E3.8702
G1 X78.672 Y68.456 E3.87545
G1 X78.848 Y68.158 E3.88109
G1 X78.885 Y67.92 E3.88501
G1 X78.884 Y66.801 E3.90324
G1 X85.199 Y66.801 E4.00611
G1 X85.199 Y71.824 E4.08793
G1 X84.048 Y71.824 E4.10668
G1 X83.702 Y71.905 E4.11247
G1 X83.553 Y72.01 E4.11544
G1 E2.61544 F1200
G92 E0
M204 S1000
G1 X75.584 Y66.876 F6000
G1 E1.5 F1200
M204 S500
;WIDTH:0.72005
G1 F720
G1 X75.584 Y67.995 E1.52375
G1 E.02375 F1200
G92 E0
M204 S1000
G1 X83.873 Y72.419 F6000
G1 E1.5 F1200
M204 S500
;TYPE:External perimeter
;WIDTH:0.562499
G1 F720
G1 X83.859 Y72.426 E1.50025
G1 X83.788 Y72.604 E1.50337
G1 X83.787 Y74.346 E1.53175
G1 X83.845 Y74.509 E1.53457
G1 X84.047 Y74.606 E1.53822
G1 X85.719 Y74.606 E1.56546
G1 X85.719 Y76.506 E1.59641
G1 X84.047 Y76.504 E1.62365
G1 X83.909 Y76.543 E1.62599
G1 X83.817 Y76.641 E1.62818
G1 X83.786 Y76.97 E1.63356
G1 X83.786 Y78.518 E1.65878
G1 X83.872 Y78.686 E1.66185
G1 X84.045 Y78.752 E1.66487
G1 X85.719 Y78.755 E1.69214
G1 X85.719 Y85.719 E1.80558
G1 X66.281 Y85.719 E2.12221
G1 X66.281 Y66.281 E2.43884
G1 X72.768 Y66.281 E2.54451
G1 X72.767 Y67.981 E2.5722
G1 X72.874 Y68.13 E2.57519
G1 X73.027 Y68.18 E2.57781
G1 X74.753 Y68.18 E2.60593
G1 X74.93 Y68.085 E2.6092
G1 X74.989 Y67.921 E2.61204
G1 X74.989 Y66.281 E2.63875
G1 X76.178 Y66.281 E2.65812
G1 X76.179 Y67.92 E2.68482
G1 X76.238 Y68.085 E2.68767
G1 X76.304 Y68.142 E2.68909
G1 X76.439 Y68.18 E2.69137
G1 X78.135 Y68.179 E2.719
G1 X78.294 Y68.099 E2.7219
G1 X78.365 Y67.92 E2.72504
G1 X78.365 Y66.281 E2.75174
G1 X85.719 Y66.281 E2.87153
G1 X85.719 Y72.343 E2.97028
G1 X84.048 Y72.344 E2.9975
G1 X83.942 Y72.39 E2.99938
G1 X83.797 Y72.868 F6000
M204 S1000
G1 X82.706 Y71.593
M204 S500
;TYPE:Internal infill
;WIDTH:0.5625
G1 F1200
G1 X82.882 Y71.381 E3.00387
G1 X83.302 Y71.086 E3.01223
G1 X84.032 Y70.915 E3.02444
G1 X84.29 Y70.915 E3.02864
G1 X84.29 Y69.594 E3.05016
G1 X82.406 Y67.71 E3.09356
G1 X84.29 Y67.71 E3.12425
G1 X67.71 Y84.29 E3.5062
G1 X67.71 Y82.406 E3.53689
G1 X69.594 Y84.29 E3.58029
G1 X72.711 Y84.29 E3.63106
G1 E2.13106
G92 E0
M204 S1000
G1 X83.414 Y80.051 F6000
G1 E1.5 F1200
M204 S500
G1 X84.033 Y80.181 E1.5103
G1 X84.29 Y80.182 E1.51449
G1 X84.29 Y82.406 E1.55072
G1 X82.406 Y84.29 E1.59412
G1 X84.29 Y84.29 E1.62481
G1 X67.71 Y67.71 E2.00676
G1 X67.71 Y69.594 E2.03745
G1 X69.594 Y67.71 E2.08085
G1 X71.338 Y67.71 E2.10926
G1 X71.412 Y68.419 E2.12087
G1 X71.557 Y68.754 E2.12682
G1 X71.776 Y69.056 E2.1329
G1 X72.301 Y69.446 E2.14355
G1 X72.563 Y69.544 E2.14811
G1 X73.023 Y69.609 E2.15568
G1 X75.083 Y69.569 E2.18924
G1 X67.71 Y76.942 E2.35909
G1 X67.71 Y75.058 E2.38978
G1 X76.942 Y84.29 E2.60245
G1 X75.058 Y84.29 E2.63314
G1 X82.358 Y76.99 E2.80131
G1 X82.439 Y76.245 E2.81352
G1 X82.732 Y75.702 E2.82357
G1 X82.898 Y75.555 E2.82718
G1 X76.952 Y69.604 E2.96421
G1 X78.113 Y69.609 E2.98312
G1 X78.759 Y69.478 E2.99386
G1 X79.336 Y69.078 E3.0053
G1 X79.649 Y68.584 E3.01483
M106 S20.4
;LAYER_CHANGE
;Z:13.1
;HEIGHT:0.200001
G1 E1.51483 F1200
G92 E0
G1 Z13.1 F6000
M204 S1000
G1 X83.139 Y71.568
G1 E1.5 F1200
M204 S500
;TYPE:Perimeter
;WIDTH:0.562499
G1 F900
G1 X83.1 Y71.596 E1.50078
G1 X82.832 Y72.027 E1.50905
G1 X82.749 Y72.484 E1.51662
G1 X82.767 Y74.449 E1.54863
G1 X82.859 Y74.752 E1.55379
G1 X83.072 Y75.088 E1.56027
G1 X83.406 Y75.359 E1.56728
;WIDTH:0.609718
G1 X84.048 Y75.552 E1.57919
G1 X83.406 Y75.745 E1.5911
;WIDTH:0.562499
G1 X83.072 Y76.016 E1.59811
G1 X82.927 Y76.217 E1.60215
G1 X82.8 Y76.508 E1.60732
G1 X82.747 Y76.969 E1.61488
G1 X82.747 Y78.715 E1.64332
G1 X82.831 Y79.067 E1.64921
G1 X83.028 Y79.414 E1.65571
G1 X83.38 Y79.721 E1.66332
G1 X83.64 Y79.84 E1.66798
G1 X84.044 Y79.905 E1.67465
G1 X84.68 Y79.906 E1.68501
G1 X84.68 Y84.68 E1.76278
G1 X67.32 Y84.68 E2.04556
G1 X67.32 Y67.32 E2.32834
G1 X71.616 Y67.32 E2.39832
G1 X71.615 Y67.92 E2.40809
G1 X71.671 Y68.296 E2.41428
G1 X71.777 Y68.548 E2.41873
G1 X71.945 Y68.786 E2.42348
G1 X72.143 Y68.966 E2.42784
G1 X72.555 Y69.169 E2.43532
G1 X72.914 Y69.22 E2.44123
G1 X74.616 Y69.22 E2.46895
G1 X74.964 Y69.172 E2.47467
G1 X75.357 Y68.987 E2.48175
G1 X75.59 Y68.758 E2.48707
G1 X75.824 Y68.987 E2.4924
G1 X76.139 Y69.148 E2.49816
G1 X76.56 Y69.22 E2.50512
G1 X78.234 Y69.22 E2.53239
G1 X78.543 Y69.182 E2.53746
G1 X78.966 Y68.993 E2.54501
G1 X79.321 Y68.63 E2.55328
G1 X79.474 Y68.305 E2.55913
G1 X79.532 Y67.92 E2.56547
G1 X79.532 Y67.32 E2.57524
G1 X84.68 Y67.32 E2.6591
G1 X84.68 Y71.185 E2.72206
G1 X84.048 Y71.185 E2.73235
G1 X83.487 Y71.313 E2.74172
G1 X83.199 Y71.524 E2.74754
G1 E1.24754 F1200
G92 E0
M204 S1000
G1 X84.655 Y75.552 F6000
G1 E1.5 F1200
M204 S500
;WIDTH:0.610784
G1 F720
G1 X84.048 Y75.552 E1.51081
G1 E.01081 F1200
G92 E0
M204 S1000
G1 X83.499 Y71.94 F6000
G1 E1.5 F1200
M204 S500
;WIDTH:0.562499
G1 F900
G1 X83.319 Y72.21 E1.50529
G1 X83.269 Y72.484 E1.50983
G1 X83.268 Y73.737 E1.53024
G1 X83.279 Y74.361 E1.54041
G1 X83.375 Y74.624 E1.54497
G1 X83.663 Y74.907 E1.55155
G1 X84.048 Y75.009 E1.55804
G1 X85.199 Y75.008 E1.57679
G1 X85.199 Y76.097 E1.59453
G1 X84.048 Y76.095 E1.61328
G1 X83.662 Y76.197 E1.61978
G1 X83.462 Y76.359 E1.62397
G1 X83.311 Y76.616 E1.62883
G1 X83.267 Y76.97 E1.63464
G1 X83.266 Y78.676 E1.66243
G1 X83.366 Y78.986 E1.66774
G1 X83.529 Y79.189 E1.67198
G1 X83.802 Y79.346 E1.67711
G1 X84.045 Y79.385 E1.68112
G1 X85.199 Y79.387 E1.69992
G1 X85.199 Y85.199 E1.79459
G1 X66.801 Y85.199 E2.09428
G1 X66.801 Y66.801 E2.39397
G1 X72.135 Y66.801 E2.48086
G1 X72.135 Y67.92 E2.49909
G1 X72.168 Y68.146 E2.50281
G1 X72.333 Y68.44 E2.5083
G1 X72.577 Y68.623 E2.51327
G1 X72.914 Y68.7 E2.5189
G1 X74.616 Y68.7 E2.54662
G1 X74.943 Y68.628 E2.55207
G1 X75.248 Y68.376 E2.55851
G1 X75.306 Y68.148 E2.56234
;WIDTH:0.53017
G1 X75.363 Y67.921 E2.56592
;WIDTH:0.497841
G1 X75.363 Y66.768 E2.58236
;WIDTH:0.49738
G1 X75.817 Y66.768 E2.58883
G1 X75.818 Y66.995 E2.59206
;WIDTH:0.497841
G1 X75.818 Y67.921 E2.60527
;WIDTH:0.53017
G1 X75.875 Y68.148 E2.60885
;WIDTH:0.562499
G1 X75.932 Y68.376 E2.61268
G1 X76.237 Y68.628 E2.61912
G1 X76.562 Y68.7 E2.62454
G1 X77.741 Y68.7 E2.64375
G1 X78.419 Y68.678 E2.6548
G1 X78.673 Y68.564 E2.65934
G1 X78.912 Y68.304 E2.66509
G1 X79.013 Y67.92 E2.67156
G1 X79.012 Y66.801 E2.68979
G1 X85.199 Y66.801 E2.79057
G1 X85.199 Y71.704 E2.87044
G1 X84.048 Y71.705 E2.88919
G1 X83.712 Y71.781 E2.8948
G1 X83.553 Y71.89 E2.89794
M204 S1000
G1 X83.874 Y72.3 F6000
M204 S500
;TYPE:External perimeter
G1 F720
G1 X83.859 Y72.307 E2.89821
G1 X83.789 Y72.484 E2.90131
G1 X83.788 Y74.23 E2.92975
G1 X83.853 Y74.401 E2.93273
G1 X84.048 Y74.489 E2.93621
G1 X85.719 Y74.489 E2.96343
G1 X85.719 Y76.617 E2.99809
G1 X84.047 Y76.615 E3.02533
G1 X83.918 Y76.649 E3.0275
G1 X83.822 Y76.743 E3.02969
G1 X83.787 Y76.97 E3.03343
G1 X83.786 Y78.631 E3.06049
G1 X83.873 Y78.8 E3.06359
G1 X84.045 Y78.866 E3.06659
G1 X85.719 Y78.868 E3.09386
G1 X85.719 Y85.719 E3.20546
G1 X66.281 Y85.719 E3.52209
G1 X66.281 Y66.281 E3.83872
G1 X72.655 Y66.281 E3.94255
G1 X72.654 Y67.98 E3.97023
G1 X72.76 Y68.13 E3.97322
G1 X72.914 Y68.18 E3.97586
G1 X74.651 Y68.18 E4.00415
G1 X74.827 Y68.072 E4.00751
G1 X74.876 Y67.921 E4.0101
G1 X74.876 Y66.281 E4.03681
G1 X76.304 Y66.281 E4.06007
G1 X76.306 Y67.943 E4.08714
G1 X76.417 Y68.134 E4.09074
G1 X76.564 Y68.18 E4.09325
G1 X77.741 Y68.18 E4.11242
G1 X78.263 Y68.179 E4.12092
G1 X78.423 Y68.098 E4.12384
G1 X78.493 Y67.92 E4.12696
G1 X78.492 Y66.281 E4.15366
G1 X85.719 Y66.281 E4.27138
G1 X85.719 Y72.224 E4.36819
G1 X84.048 Y72.224 E4.39541
G1 X83.943 Y72.27 E4.39728
G1 X83.797 Y72.749 F6000
M204 S1000
G1 X82.632 Y71.567
M204 S500
;TYPE:Internal infill
;WIDTH:0.5625
G1 F1200
G1 X82.893 Y71.251 E4.40396
G1 X83.322 Y70.957 E4.41243
G1 X84.033 Y70.796 E4.4243
G1 X84.29 Y70.795 E4.42849
G1 X84.29 Y69.594 E4.44805
G1 X82.406 Y67.71 E4.49145
G1 X84.29 Y67.71 E4.52214
G1 X67.71 Y84.29 E4.90409
G1 X67.71 Y82.406 E4.93478
G1 X69.594 Y84.29 E4.97818
G1 X72.711 Y84.29 E5.02895
G1 E3.52895
G92 E0
M204 S1000
G1 X79.289 Y84.29 F6000
G1 E1.5 F1200
M204 S500
G1 X82.406 Y84.29 E1.55077
G1 X84.29 Y82.406 E1.59417
G1 X84.29 Y84.29 E1.62486
G1 X67.71 Y67.71 E2.00681
G1 X67.71 Y69.594 E2.0375
G1 X69.594 Y67.71 E2.0809
G1 X71.226 Y67.71 E2.10748
G1 X71.296 Y68.407 E2.11889
G1 X71.435 Y68.737 E2.12472
G1 X71.654 Y69.045 E2.13088
G1 X71.911 Y69.28 E2.13655
G1 X72.446 Y69.543 E2.14626
G1 X72.91 Y69.609 E2.15389
G1 X74.757 Y69.604 E2.18398
G1 X75.125 Y69.527 E2.1901
G1 X67.71 Y76.942 E2.36092
G1 X67.71 Y75.058 E2.39161
G1 X76.942 Y84.29 E2.60428
G1 X75.058 Y84.29 E2.63497
G1 X82.358 Y76.99 E2.80314
G1 X82.408 Y76.464 E2.81175
G1 X82.5 Y76.195 E2.81638
G1 X82.782 Y75.754 E2.82491
G1 X82.959 Y75.611 E2.82862
G1 X76.957 Y69.609 E2.96689
G1 X78.633 Y69.562 E2.9942
G1 X79.187 Y69.315 E3.00408
G1 X79.473 Y69.068 E3.01024
G1 X79.728 Y68.697 E3.01757
;LAYER_CHANGE
;Z:13.3
;HEIGHT:0.2
G1 E1.51757 F1200
G92 E0
G1 Z13.3 F6000
M204 S1000
G1 X83.139 Y71.449
G1 E1.5 F1200
M204 S500
;TYPE:Perimeter
;WIDTH:0.562499
G1 F900
G1 X83.099 Y71.479 E1.50081
G1 X82.835 Y71.902 E1.50893
G1 X82.75 Y72.364 E1.51658
G1 X82.768 Y74.334 E1.54867
G1 X82.877 Y74.674 E1.55449
G1 X83.11 Y75.012 E1.56118
G1 X83.448 Y75.265 E1.56806
G1 X83.648 Y75.293 E1.57135
;WIDTH:0.5218
G1 X83.848 Y75.322 E1.57438
;WIDTH:0.4811
G1 X84.049 Y75.351 E1.57717
;WIDTH:0.440832
G1 X84.74 Y75.35 E1.58579
G1 X84.74 Y75.749 E1.59077
G1 X84.048 Y75.748 E1.5994
;WIDTH:0.4811
G1 X83.848 Y75.777 E1.60218
;WIDTH:0.5218
G1 X83.648 Y75.805 E1.60521
;WIDTH:0.562499
G1 X83.447 Y75.834 E1.60852
G1 X83.11 Y76.086 E1.61537
G1 X82.953 Y76.286 E1.61951
G1 X82.81 Y76.59 E1.62498
G1 X82.748 Y76.985 E1.63149
G1 X82.747 Y78.829 E1.66153
G1 X82.833 Y79.184 E1.66748
G1 X83.034 Y79.533 E1.67404
G1 X83.392 Y79.841 E1.68173
G1 X83.649 Y79.956 E1.68632
G1 X84.044 Y80.018 E1.69283
G1 X84.68 Y80.019 E1.70319
G1 X84.68 Y84.68 E1.77911
G1 X67.32 Y84.68 E2.06189
G1 X67.32 Y67.32 E2.34467
G1 X71.503 Y67.32 E2.41281
G1 X71.503 Y67.92 E2.42258
G1 X71.555 Y68.287 E2.42862
G1 X71.657 Y68.535 E2.43299
G1 X71.825 Y68.777 E2.43779
G1 X72.024 Y68.961 E2.4422
G1 X72.439 Y69.168 E2.44975
G1 X72.802 Y69.22 E2.45572
G1 X74.503 Y69.22 E2.48343
G1 X74.89 Y69.161 E2.48981
G1 X75.302 Y68.945 E2.49739
G1 X75.597 Y68.622 E2.50452
G1 X75.892 Y68.945 E2.51165
G1 X76.304 Y69.161 E2.51923
G1 X76.691 Y69.22 E2.52561
G1 X78.361 Y69.22 E2.55281
G1 X78.676 Y69.181 E2.55798
G1 X79.104 Y68.987 E2.56563
G1 X79.451 Y68.628 E2.57376
G1 X79.606 Y68.294 E2.57976
G1 X79.66 Y67.92 E2.58592
G1 X79.66 Y67.32 E2.59569
G1 X84.68 Y67.32 E2.67746
G1 X84.68 Y71.065 E2.73846
G1 X84.048 Y71.066 E2.74875
G1 X83.504 Y71.186 E2.75782
G1 X83.2 Y71.405 E2.76392
M204 S1000
G1 X83.501 Y71.821 F6000
M204 S500
G1 F900
G1 X83.32 Y72.087 E2.76916
G1 X83.269 Y72.364 E2.77375
G1 X83.269 Y73.61 E2.79405
G1 X83.28 Y74.246 E2.80441
G1 X83.391 Y74.532 E2.80941
G1 X83.688 Y74.804 E2.81597
G1 X84.048 Y74.892 E2.82201
G1 X85.199 Y74.892 E2.84076
G1 X85.199 Y76.208 E2.8622
G1 X84.048 Y76.207 E2.88095
G1 X83.687 Y76.294 E2.887
G1 X83.485 Y76.446 E2.89112
G1 X83.319 Y76.706 E2.89614
G1 X83.267 Y76.986 E2.90078
G1 X83.267 Y78.79 E2.93017
G1 X83.368 Y79.103 E2.93553
G1 X83.534 Y79.307 E2.93981
G1 X83.808 Y79.461 E2.94493
G1 X84.045 Y79.499 E2.94884
G1 X85.199 Y79.5 E2.96764
G1 X85.199 Y85.199 E3.06047
G1 X66.801 Y85.199 E3.36016
G1 X66.801 Y66.801 E3.65985
G1 X72.023 Y66.801 E3.74491
G1 X72.022 Y67.92 E3.76314
G1 X72.054 Y68.14 E3.76676
G1 X72.216 Y68.434 E3.77223
G1 X72.461 Y68.622 E3.77726
G1 X72.802 Y68.7 E3.78296
G1 X74.544 Y68.7 E3.81134
G1 X74.863 Y68.612 E3.81673
G1 X75.159 Y68.341 E3.82327
;WIDTH:0.589981
G1 X75.234 Y68.131 E3.82709
;WIDTH:0.617462
G1 X75.31 Y67.921 E3.83111
G1 X75.31 Y66.828 E3.8508
;WIDTH:0.617061
G1 X75.884 Y66.828 E3.86113
G1 X75.884 Y67.115 E3.8663
;WIDTH:0.617462
G1 X75.884 Y67.921 E3.88082
G1 X75.96 Y68.131 E3.88484
;WIDTH:0.589981
G1 X76.035 Y68.341 E3.88866
;WIDTH:0.562499
G1 X76.211 Y68.535 E3.89293
G1 X76.408 Y68.647 E3.89662
G1 X76.691 Y68.7 E3.90131
G1 X77.859 Y68.7 E3.92034
G1 X78.55 Y68.677 E3.9316
G1 X78.807 Y68.56 E3.9362
G1 X79.045 Y68.295 E3.942
G1 X79.141 Y67.92 E3.94831
G1 X79.14 Y66.801 E3.96654
G1 X85.199 Y66.801 E4.06524
G1 X85.199 Y71.585 E4.14317
G1 X84.048 Y71.585 E4.16192
G1 X83.722 Y71.657 E4.16736
G1 X83.554 Y71.77 E4.17066
M204 S1000
G1 X83.874 Y72.181 F6000
M204 S500
;TYPE:External perimeter
G1 F720
G1 X83.859 Y72.187 E4.17092
G1 X83.789 Y72.364 E4.17402
G1 X83.788 Y74.113 E4.20251
G1 X83.86 Y74.292 E4.20565
G1 X84.048 Y74.372 E4.20898
G1 X85.719 Y74.372 E4.2362
G1 X85.719 Y76.728 E4.27458
G1 X84.047 Y76.726 E4.30182
G1 X83.859 Y76.806 E4.30515
G1 X83.787 Y76.986 E4.30831
G1 X83.786 Y78.745 E4.33696
G1 X83.875 Y78.915 E4.34009
G1 X84.046 Y78.979 E4.34306
G1 X85.719 Y78.981 E4.37031
G1 X85.719 Y85.719 E4.48007
G1 X66.281 Y85.719 E4.7967
G1 X66.281 Y66.281 E5.11333
G1 X72.543 Y66.281 E5.21533
G1 X72.542 Y67.979 E5.24299
G1 X72.646 Y68.129 E5.24596
G1 X72.802 Y68.181 E5.24864
G1 X74.551 Y68.181 E5.27713
G1 X74.722 Y68.061 E5.28053
G1 X74.763 Y67.921 E5.28291
G1 X74.763 Y66.281 E5.30962
G1 X76.43 Y66.281 E5.33677
G1 X76.432 Y67.943 E5.36384
G1 X76.531 Y68.125 E5.36721
G1 X76.691 Y68.181 E5.36997
G1 X78.391 Y68.179 E5.39766
G1 X78.551 Y68.098 E5.40058
G1 X78.621 Y67.921 E5.40368
G1 X78.62 Y66.281 E5.43039
G1 X85.719 Y66.281 E5.54603
G1 X85.719 Y72.104 E5.64088
G1 X84.049 Y72.105 E5.66808
G1 X83.943 Y72.151 E5.66996
G1 X83.797 Y72.629 F6000
M204 S1000
G1 X82.577 Y71.553
M204 S500
;TYPE:Internal infill
;WIDTH:0.5625
G1 F1200
G1 X82.904 Y71.122 E5.67877
G1 X83.343 Y70.828 E5.68738
G1 X84.034 Y70.676 E5.69891
G1 X84.29 Y70.676 E5.70308
G1 X84.29 Y69.594 E5.72071
G1 X82.406 Y67.71 E5.76411
G1 X84.29 Y67.71 E5.7948
G1 X67.71 Y84.29 E6.17675
G1 X67.71 Y82.406 E6.20744
G1 X69.594 Y84.29 E6.25084
G1 X72.711 Y84.29 E6.30161
G1 E4.80161
G92 E0
M204 S1000
G1 X79.289 Y84.29 F6000
G1 E1.5 F1200
M204 S500
G1 X82.406 Y84.29 E1.55077
G1 X84.29 Y82.406 E1.59417
G1 X84.29 Y84.29 E1.62486
G1 X67.71 Y67.71 E2.00681
G1 X67.71 Y69.594 E2.0375
G1 X69.594 Y67.71 E2.0809
G1 X71.113 Y67.71 E2.10564
G1 X71.18 Y68.394 E2.11684
G1 X71.314 Y68.721 E2.1226
G1 X71.531 Y69.034 E2.1288
G1 X71.79 Y69.273 E2.13454
G1 X72.329 Y69.542 E2.14435
G1 X72.798 Y69.609 E2.15207
G1 X74.719 Y69.596 E2.18336
G1 X75.198 Y69.454 E2.1915
G1 X67.71 Y76.942 E2.364
G1 X67.71 Y75.058 E2.39469
G1 X76.942 Y84.29 E2.60736
G1 X75.058 Y84.29 E2.63805
G1 X82.362 Y76.985 E2.80632
G1 X82.418 Y76.539 E2.81364
G1 X82.523 Y76.257 E2.81854
G1 X82.831 Y75.812 E2.82736
G1 X83.019 Y75.671 E2.83119
G1 X76.957 Y69.609 E2.97084
G1 X78.369 Y69.609 E2.99384
G1 X78.768 Y69.56 E3.00039
G1 X79.327 Y69.307 E3.01038
G1 X79.614 Y69.054 E3.01661
G1 X79.791 Y68.806 E3.02157
;LAYER_CHANGE
;Z:13.5
;HEIGHT:0.2
G1 E1.52157 F1200
G92 E0
G1 Z13.5 F6000
M204 S1000
G1 X83.14 Y71.33
G1 E1.5 F1200
M204 S500
;TYPE:Perimeter
;WIDTH:0.562499
G1 F900
G1 X83.097 Y71.361 E1.50086
G1 X82.837 Y71.777 E1.50885
G1 X82.75 Y72.244 E1.51659
G1 X82.769 Y74.22 E1.54878
G1 X82.895 Y74.594 E1.55521
G1 X83.147 Y74.931 E1.56206
G1 X83.485 Y75.166 E1.56877
G1 X84.049 Y75.291 E1.57818
;WIDTH:0.554812
G1 X84.683 Y75.291 E1.58835
G1 X84.683 Y75.803 E1.59657
G1 X84.049 Y75.802 E1.60674
;WIDTH:0.562499
G1 X83.485 Y75.926 E1.61615
G1 X83.147 Y76.161 E1.62286
G1 X82.979 Y76.357 E1.62707
G1 X82.82 Y76.672 E1.63282
G1 X82.748 Y77.097 E1.63984
G1 X82.747 Y78.943 E1.66991
G1 X82.835 Y79.302 E1.67593
G1 X83.04 Y79.654 E1.68257
G1 X83.404 Y79.962 E1.69034
G1 X83.659 Y80.072 E1.69486
G1 X84.045 Y80.131 E1.70122
G1 X84.68 Y80.132 E1.71156
G1 X84.68 Y84.68 E1.78564
G1 X67.32 Y84.68 E2.06842
G1 X67.32 Y67.32 E2.3512
G1 X71.391 Y67.32 E2.41751
G1 X71.39 Y67.92 E2.42728
G1 X71.44 Y68.277 E2.43315
G1 X71.538 Y68.522 E2.43745
G1 X71.705 Y68.768 E2.44229
G1 X71.905 Y68.956 E2.44676
G1 X72.323 Y69.167 E2.45439
G1 X72.689 Y69.22 E2.46041
G1 X74.39 Y69.22 E2.48812
G1 X74.751 Y69.169 E2.49406
G1 X75.151 Y68.974 E2.50131
G1 X75.458 Y68.66 E2.50846
G1 X75.604 Y68.257 E2.51544
G1 X75.749 Y68.66 E2.52242
G1 X76.056 Y68.974 E2.52957
G1 X76.456 Y69.169 E2.53682
G1 X76.817 Y69.22 E2.54276
G1 X78.489 Y69.22 E2.57
G1 X78.81 Y69.18 E2.57527
G1 X79.241 Y68.98 E2.58301
G1 X79.58 Y68.626 E2.59099
G1 X79.737 Y68.283 E2.59713
G1 X79.788 Y67.92 E2.6031
G1 X79.788 Y67.32 E2.61287
G1 X84.68 Y67.32 E2.69256
G1 X84.68 Y70.946 E2.75162
G1 X84.049 Y70.946 E2.7619
G1 X83.521 Y71.058 E2.77069
G1 X83.201 Y71.287 E2.7771
M204 S1000
G1 X83.502 Y71.702 F6000
M204 S500
G1 F900
G1 X83.322 Y71.964 E2.78228
G1 X83.27 Y72.245 E2.78694
G1 X83.269 Y73.482 E2.80709
G1 X83.281 Y74.13 E2.81765
G1 X83.407 Y74.439 E2.82309
G1 X83.71 Y74.698 E2.82958
G1 X84.049 Y74.775 E2.83524
G1 X85.199 Y74.775 E2.85397
G1 X85.199 Y76.319 E2.87912
G1 X84.048 Y76.318 E2.89787
G1 X83.71 Y76.395 E2.90352
G1 X83.507 Y76.535 E2.90754
G1 X83.327 Y76.798 E2.91273
G1 X83.268 Y77.097 E2.91769
G1 X83.267 Y78.904 E2.94712
G1 X83.37 Y79.22 E2.95253
G1 X83.539 Y79.424 E2.95685
G1 X83.814 Y79.576 E2.96197
G1 X84.045 Y79.612 E2.96578
G1 X85.199 Y79.613 E2.98458
G1 X85.199 Y85.199 E3.07557
G1 X66.801 Y85.199 E3.37526
G1 X66.801 Y66.801 E3.67495
G1 X71.91 Y66.801 E3.75817
G1 X71.91 Y67.921 E3.77641
G1 X71.94 Y68.134 E3.77991
G1 X72.098 Y68.429 E3.78536
G1 X72.345 Y68.62 E3.79045
G1 X72.689 Y68.7 E3.7962
G1 X74.438 Y68.7 E3.82469
G1 X74.728 Y68.623 E3.82958
G1 X75.031 Y68.364 E3.83607
;WIDTH:0.607305
G1 X75.087 Y68.272 E3.83798
;WIDTH:0.65211
G1 X75.143 Y68.18 E3.84004
;WIDTH:0.696915
G1 X75.199 Y68.089 E3.84223
;WIDTH:0.74172
G1 X75.256 Y67.997 E3.8446
G1 X75.257 Y67.921 E3.84627
;WIDTH:0.737084
G1 X75.257 Y66.888 E3.86875
;WIDTH:0.736742
G1 X75.95 Y66.888 E3.88382
G1 X75.95 Y67.235 E3.89137
;WIDTH:0.74172
G1 X75.952 Y67.997 E3.90806
G1 X76.008 Y68.089 E3.91042
;WIDTH:0.696915
G1 X76.064 Y68.18 E3.91261
;WIDTH:0.65211
G1 X76.12 Y68.272 E3.91467
;WIDTH:0.607305
G1 X76.176 Y68.364 E3.91658
;WIDTH:0.562499
G1 X76.361 Y68.553 E3.92089
G1 X76.552 Y68.654 E3.92441
G1 X76.817 Y68.7 E3.92879
G1 X77.976 Y68.7 E3.94767
G1 X78.681 Y68.676 E3.95916
G1 X78.94 Y68.556 E3.96381
G1 X79.178 Y68.286 E3.96967
G1 X79.269 Y67.92 E3.97581
G1 X79.268 Y66.801 E3.99404
G1 X85.199 Y66.801 E4.09065
G1 X85.199 Y71.465 E4.16662
G1 X84.049 Y71.466 E4.18535
G1 X83.732 Y71.533 E4.19063
G1 X83.554 Y71.649 E4.19409
M204 S1000
G1 X83.875 Y72.061 F6000
M204 S500
;TYPE:External perimeter
G1 F720
G1 X83.859 Y72.068 E4.19437
G1 X83.789 Y72.245 E4.19747
G1 X83.789 Y73.483 E4.21764
G1 X83.792 Y74.041 E4.22673
G1 X83.868 Y74.183 E4.22935
G1 X84.048 Y74.256 E4.23251
G1 X85.719 Y74.255 E4.25973
G1 X85.719 Y76.84 E4.30184
G1 X83.965 Y76.837 E4.33041
G1 X83.833 Y76.949 E4.33323
G1 X83.787 Y77.097 E4.33575
G1 X83.786 Y78.858 E4.36444
G1 X83.877 Y79.03 E4.36761
G1 X84.046 Y79.092 E4.37054
G1 X85.719 Y79.095 E4.39779
G1 X85.719 Y85.719 E4.50569
G1 X66.281 Y85.719 E4.82232
G1 X66.281 Y66.281 E5.13895
G1 X72.43 Y66.281 E5.23911
G1 X72.429 Y67.978 E5.26675
G1 X72.532 Y68.128 E5.26971
G1 X72.689 Y68.181 E5.27241
G1 X74.43 Y68.181 E5.30077
G1 X74.603 Y68.069 E5.30413
G1 X74.65 Y67.921 E5.30666
G1 X74.65 Y66.281 E5.33337
G1 X76.557 Y66.281 E5.36443
G1 X76.559 Y67.944 E5.39152
G1 X76.665 Y68.131 E5.39502
G1 X76.817 Y68.181 E5.39763
G1 X78.52 Y68.179 E5.42537
G1 X78.68 Y68.098 E5.42829
G1 X78.749 Y67.921 E5.43138
G1 X78.748 Y66.281 E5.45809
G1 X85.719 Y66.281 E5.57164
G1 X85.719 Y71.984 E5.66454
G1 X84.049 Y71.985 E5.69174
G1 X83.944 Y72.031 E5.69361
G1 X83.798 Y72.509 F6000
G1 E4.19361 F1200
G92 E0
M204 S1000
G1 X80.035 Y68.58 F6000
G1 E1.5 F1200
M204 S500
;TYPE:Internal infill
;WIDTH:0.5625
G1 X80.113 Y68.389 E1.50336
G1 X80.178 Y67.71 E1.51447
G1 X82.406 Y67.71 E1.55076
G1 X84.29 Y69.594 E1.59416
G1 X84.29 Y67.71 E1.62485
G1 X67.71 Y84.29 E2.0068
G1 X67.71 Y82.406 E2.03749
G1 X69.594 Y84.29 E2.08089
G1 X75.058 Y84.29 E2.16989
G1 X82.363 Y76.985 E2.33817
G1 X82.547 Y76.321 E2.34939
G1 X82.879 Y75.876 E2.35843
G1 X83.083 Y75.735 E2.36247
G1 X76.957 Y69.609 E2.50359
G1 X76.473 Y69.575 E2.51149
G1 X76.086 Y69.444 E2.51815
G1 X75.823 Y69.287 E2.52314
G1 X75.604 Y69.063 E2.52824
G1 X67.71 Y76.942 E2.70992
G1 X67.71 Y75.058 E2.74061
G1 X76.942 Y84.29 E2.95328
G1 X80.059 Y84.29 E3.00405
G1 E1.50405
G92 E0
M204 S1000
G1 X83.114 Y80.233 F6000
G1 E1.5 F1200
M204 S500
G1 X83.545 Y80.446 E1.50783
G1 X84.29 Y80.521 E1.52003
G1 X84.29 Y82.406 E1.55074
G1 X82.406 Y84.29 E1.59414
G1 X84.29 Y84.29 E1.62483
G1 X67.71 Y67.71 E2.00678
G1 X67.71 Y69.594 E2.03747
G1 X69.594 Y67.71 E2.08087
G1 X71.001 Y67.71 E2.10379
G1 X71.064 Y68.381 E2.11477
G1 X71.192 Y68.703 E2.12041
G1 X71.629 Y69.23 E2.13156
M106 S17.85
;LAYER_CHANGE
;Z:13.7
;HEIGHT:0.2
G1 E.63156 F1200
G92 E0
G1 Z13.7 F6000
M204 S1000
G1 X83.141 Y71.212
G1 E1.5 F1200
M204 S500
;TYPE:Perimeter
;WIDTH:0.562499
G1 F900
G1 X83.095 Y71.244 E1.50091
G1 X82.84 Y71.651 E1.50873
G1 X82.751 Y72.125 E1.51659
G1 X82.77 Y74.105 E1.54884
G1 X82.915 Y74.512 E1.55588
G1 X83.183 Y74.847 E1.56287
G1 X83.519 Y75.065 E1.56939
;WIDTH:0.597853
G1 X83.696 Y75.12 E1.57261
;WIDTH:0.633206
G1 X83.872 Y75.175 E1.57602
;WIDTH:0.668559
G1 X84.049 Y75.231 E1.57966
;WIDTH:0.668792
G1 X84.626 Y75.231 E1.59098
G1 X84.626 Y75.857 E1.60326
G1 X84.049 Y75.856 E1.61458
;WIDTH:0.66856
G1 X83.872 Y75.912 E1.61822
;WIDTH:0.633207
G1 X83.695 Y75.967 E1.62165
;WIDTH:0.597853
G1 X83.518 Y76.022 E1.62487
;WIDTH:0.562499
G1 X83.182 Y76.239 E1.63139
G1 X83.006 Y76.431 E1.63563
G1 X82.81 Y76.812 E1.64261
G1 X82.748 Y77.208 E1.64914
G1 X82.747 Y79.057 E1.67926
G1 X82.837 Y79.419 E1.68534
G1 X83.045 Y79.774 E1.69204
G1 X83.416 Y80.082 E1.69989
G1 X83.668 Y80.188 E1.70434
G1 X84.045 Y80.245 E1.71055
G1 X84.68 Y80.246 E1.72089
G1 X84.68 Y84.68 E1.79312
G1 X67.32 Y84.68 E2.0759
G1 X67.32 Y67.32 E2.35868
G1 X71.278 Y67.32 E2.42315
G1 X71.278 Y67.92 E2.43292
G1 X71.418 Y68.508 E2.44277
G1 X71.584 Y68.759 E2.44767
G1 X71.785 Y68.951 E2.4522
G1 X72.207 Y69.166 E2.45991
G1 X72.577 Y69.22 E2.466
G1 X74.277 Y69.22 E2.49369
G1 X74.671 Y69.159 E2.50018
G1 X75.085 Y68.938 E2.50782
G1 X75.376 Y68.613 E2.51493
;WIDTH:0.60201
G1 X75.493 Y68.325 E2.52038
;WIDTH:0.64152
G1 X75.61 Y68.038 E2.5262
G1 X75.727 Y68.325 E2.53202
;WIDTH:0.60201
G1 X75.844 Y68.613 E2.53747
;WIDTH:0.562499
G1 X76.135 Y68.938 E2.54458
G1 X76.55 Y69.159 E2.55224
G1 X76.944 Y69.22 E2.55873
G1 X78.617 Y69.22 E2.58598
G1 X78.943 Y69.178 E2.59133
G1 X79.379 Y68.973 E2.59918
G1 X79.71 Y68.624 E2.60702
G1 X79.868 Y68.271 E2.61332
G1 X79.916 Y67.92 E2.61909
G1 X79.916 Y67.32 E2.62886
G1 X84.68 Y67.32 E2.70646
G1 X84.68 Y70.826 E2.76357
G1 X84.049 Y70.826 E2.77385
G1 X83.538 Y70.931 E2.78235
G1 X83.202 Y71.169 E2.78906
G1 E1.28906 F1200
G92 E0
M204 S1000
G1 X75.61 Y67.355 F6000
G1 E1.5 F1200
M204 S500
;WIDTH:0.64152
G1 F720
G1 X75.61 Y68.038 E1.51282
G1 E.01282 F1200
G92 E0
M204 S1000
G1 X83.505 Y71.577 F6000
G1 E1.5 F1200
M204 S500
;WIDTH:0.562499
G1 F900
G1 X83.477 Y71.596 E1.50055
G1 X83.324 Y71.841 E1.50526
G1 X83.27 Y72.125 E1.50997
G1 X83.27 Y73.355 E1.53001
G1 X83.285 Y74.032 E1.54104
G1 X83.424 Y74.344 E1.5466
G1 X83.731 Y74.59 E1.55301
G1 X84.049 Y74.658 E1.55831
G1 X85.199 Y74.658 E1.57704
G1 X85.199 Y76.43 E1.6059
G1 X84.048 Y76.429 E1.62465
G1 X83.73 Y76.497 E1.62995
G1 X83.528 Y76.627 E1.63386
G1 X83.336 Y76.89 E1.63916
G1 X83.268 Y77.208 E1.64446
G1 X83.267 Y79.084 E1.67502
G1 X83.446 Y79.443 E1.68155
G1 X83.668 Y79.627 E1.68625
G1 X84.045 Y79.725 E1.6926
G1 X85.199 Y79.727 E1.7114
G1 X85.199 Y85.199 E1.80053
G1 X66.801 Y85.199 E2.10022
G1 X66.801 Y66.801 E2.39991
G1 X71.798 Y66.801 E2.48131
G1 X71.797 Y67.921 E2.49955
G1 X71.881 Y68.273 E2.50544
G1 X71.981 Y68.424 E2.50839
G1 X72.23 Y68.619 E2.51354
G1 X72.577 Y68.7 E2.51934
G1 X74.333 Y68.7 E2.54794
G1 X74.642 Y68.61 E2.55318
G1 X74.937 Y68.336 E2.55974
G1 X75.056 Y67.921 E2.56677
G1 X75.057 Y66.801 E2.58501
G1 X76.164 Y66.801 E2.60304
G1 X76.164 Y67.921 E2.62128
G1 X76.284 Y68.336 E2.62832
G1 X76.458 Y68.531 E2.63258
G1 X76.656 Y68.645 E2.6363
G1 X76.944 Y68.7 E2.64108
G1 X78.617 Y68.7 E2.66833
G1 X78.936 Y68.632 E2.67364
G1 X79.189 Y68.45 E2.67872
G1 X79.31 Y68.277 E2.68216
G1 X79.396 Y67.921 E2.68813
G1 X79.396 Y66.801 E2.70637
G1 X85.199 Y66.801 E2.8009
G1 X85.199 Y71.345 E2.87492
G1 X84.049 Y71.346 E2.89365
G1 X83.743 Y71.409 E2.89874
G1 X83.566 Y71.534 E2.90227
M204 S1000
G1 X83.875 Y71.942 F6000
M204 S500
;TYPE:External perimeter
G1 F720
G1 X83.859 Y71.949 E2.90255
G1 X83.79 Y72.125 E2.90563
G1 X83.789 Y73.355 E2.92567
G1 X83.793 Y73.924 E2.93494
G1 X83.876 Y74.072 E2.9377
G1 X84.049 Y74.139 E2.94072
G1 X85.719 Y74.138 E2.96792
G1 X85.719 Y76.951 E3.01374
G1 X83.97 Y76.948 E3.04223
G1 X83.839 Y77.053 E3.04496
G1 X83.787 Y77.208 E3.04762
G1 X83.787 Y78.972 E3.07635
G1 X83.879 Y79.145 E3.07954
G1 X84.046 Y79.206 E3.08244
G1 X85.719 Y79.208 E3.10969
G1 X85.719 Y85.719 E3.21575
G1 X66.281 Y85.719 E3.53238
G1 X66.281 Y66.281 E3.84901
G1 X72.318 Y66.281 E3.94735
G1 X72.317 Y67.921 E3.97406
G1 X72.345 Y68.038 E3.97602
G1 X72.418 Y68.127 E3.9779
G1 X72.577 Y68.181 E3.98064
G1 X74.325 Y68.181 E4.00911
G1 X74.497 Y68.059 E4.01254
G1 X74.537 Y67.921 E4.01488
G1 X74.537 Y66.281 E4.04159
G1 X76.683 Y66.281 E4.07655
G1 X76.685 Y67.944 E4.10364
G1 X76.782 Y68.124 E4.10697
G1 X76.944 Y68.181 E4.10977
G1 X78.648 Y68.179 E4.13753
G1 X78.808 Y68.097 E4.14046
G1 X78.877 Y67.921 E4.14354
G1 X78.876 Y66.281 E4.17025
G1 X85.719 Y66.281 E4.28172
G1 X85.719 Y71.865 E4.37268
G1 X84.049 Y71.866 E4.39988
G1 X83.944 Y71.912 E4.40175
G1 X83.798 Y72.39 F6000
G1 E2.90175 F1200
G92 E0
M204 S1000
G1 X80.116 Y68.698 F6000
G1 E1.5 F1200
M204 S500
;TYPE:Internal infill
;WIDTH:0.5625
G1 X80.245 Y68.374 E1.50568
G1 X80.306 Y67.71 E1.51654
G1 X82.406 Y67.71 E1.55075
G1 X84.29 Y69.594 E1.59415
G1 X84.29 Y67.71 E1.62484
G1 X67.71 Y84.29 E2.00679
G1 X67.71 Y82.406 E2.03748
G1 X69.594 Y84.29 E2.08088
G1 X75.058 Y84.29 E2.16988
G1 X82.382 Y76.966 E2.3386
G1 X82.506 Y76.516 E2.3462
G1 X82.693 Y76.198 E2.35221
G1 X82.925 Y75.946 E2.35779
G1 X83.149 Y75.801 E2.36214
G1 X76.957 Y69.609 E2.50478
G1 X76.511 Y69.554 E2.5121
G1 X76.153 Y69.414 E2.51836
G1 X75.888 Y69.24 E2.52352
G1 X75.663 Y68.989 E2.52901
G1 X67.71 Y76.942 E2.71222
G1 X67.71 Y75.058 E2.74291
G1 X76.942 Y84.29 E2.95558
G1 X82.406 Y84.29 E3.04458
G1 X84.29 Y82.406 E3.08798
G1 X84.29 Y84.29 E3.11867
G1 X67.71 Y67.71 E3.50062
G1 X69.594 Y67.71 E3.53131
G1 X67.71 Y69.594 E3.57471
G1 X67.71 Y72.711 E3.62548
M106 S20.4
;LAYER_CHANGE
;Z:13.9
;HEIGHT:0.2
G1 E2.12548 F1200
G92 E0
G1 Z13.9 F6000
M204 S1000
G1 X83.142 Y71.093
G1 E1.5 F1200
M204 S500
;TYPE:Perimeter
;WIDTH:0.562499
G1 F900
G1 X83.094 Y71.127 E1.50096
G1 X82.843 Y71.526 E1.50864
G1 X82.751 Y72.005 E1.51659
G1 X82.75 Y73.227 E1.5365
G1 X82.778 Y74.029 E1.54957
G1 X82.935 Y74.429 E1.55657
G1 X83.217 Y74.759 E1.56364
G1 X83.549 Y74.961 E1.56997
;WIDTH:0.606528
G1 X83.649 Y75.003 E1.57189
;WIDTH:0.650556
G1 X83.75 Y75.045 E1.57397
;WIDTH:0.694584
G1 X83.85 Y75.087 E1.57619
;WIDTH:0.738612
G1 X83.95 Y75.129 E1.57856
;WIDTH:0.78264
G1 X84.05 Y75.171 E1.58108
;WIDTH:0.782773
G1 X84.569 Y75.171 E1.59312
G1 X84.569 Y75.911 E1.61028
G1 X84.049 Y75.911 E1.62234
;WIDTH:0.782641
G1 X83.949 Y75.952 E1.62485
;WIDTH:0.738613
G1 X83.849 Y75.994 E1.62722
;WIDTH:0.694585
G1 X83.749 Y76.036 E1.62944
;WIDTH:0.650556
G1 X83.649 Y76.078 E1.63151
;WIDTH:0.606528
G1 X83.549 Y76.12 E1.63343
;WIDTH:0.562499
G1 X83.216 Y76.321 E1.63977
G1 X83.033 Y76.508 E1.64403
G1 X82.819 Y76.898 E1.65128
G1 X82.749 Y77.319 E1.65823
G1 X82.748 Y79.059 E1.68657
G1 X82.799 Y79.421 E1.69252
G1 X83.005 Y79.835 E1.70005
G1 X83.189 Y80.034 E1.70446
G1 X83.43 Y80.202 E1.70925
G1 X83.678 Y80.305 E1.71362
G1 X84.045 Y80.358 E1.71966
G1 X84.68 Y80.359 E1.73
G1 X84.68 Y84.68 E1.80039
G1 X67.32 Y84.68 E2.08317
G1 X67.32 Y67.32 E2.36595
G1 X71.166 Y67.32 E2.4286
G1 X71.165 Y67.921 E2.43839
G1 X71.298 Y68.493 E2.44796
G1 X71.464 Y68.749 E2.45293
G1 X71.665 Y68.945 E2.4575
G1 X72.091 Y69.165 E2.46531
G1 X72.464 Y69.22 E2.47145
G1 X74.266 Y69.22 E2.5008
G1 X74.681 Y69.113 E2.50778
G1 X75.015 Y68.902 E2.51422
G1 X75.289 Y68.57 E2.52123
G1 X75.329 Y68.354 E2.52481
;WIDTH:0.527249
G1 X75.37 Y68.138 E2.52815
;WIDTH:0.491999
G1 X75.41 Y67.922 E2.53124
;WIDTH:0.456748
G1 X75.41 Y67.267 E2.53974
;WIDTH:0.456525
G1 X75.824 Y67.267 E2.54511
G1 X75.824 Y67.474 E2.54779
;WIDTH:0.462298
G1 X75.826 Y68.03 E2.5551
;WIDTH:0.495699
G1 X75.865 Y68.21 E2.55771
;WIDTH:0.529099
G1 X75.905 Y68.39 E2.56052
;WIDTH:0.562499
G1 X75.944 Y68.57 E2.56352
G1 X76.218 Y68.902 E2.57053
G1 X76.419 Y69.046 E2.57456
G1 X76.644 Y69.148 E2.57858
G1 X77.07 Y69.22 E2.58562
G1 X78.745 Y69.22 E2.6129
G1 X79.077 Y69.177 E2.61835
G1 X79.517 Y68.965 E2.62631
G1 X79.701 Y68.8 E2.63034
G1 X79.909 Y68.497 E2.63633
G1 X80.044 Y67.921 E2.64597
G1 X80.043 Y67.32 E2.65576
G1 X84.68 Y67.32 E2.73129
G1 X84.68 Y70.707 E2.78646
G1 X84.049 Y70.707 E2.79674
G1 X83.557 Y70.804 E2.80491
G1 X83.204 Y71.05 E2.81192
M204 S1000
G1 X83.505 Y71.458 F6000
M204 S500
G1 F900
G1 X83.476 Y71.478 E2.81249
G1 X83.326 Y71.718 E2.8171
G1 X83.27 Y72.005 E2.82186
G1 X83.27 Y73.228 E2.84178
G1 X83.291 Y73.943 E2.85343
G1 X83.44 Y74.248 E2.85896
G1 X83.749 Y74.481 E2.86526
G1 X84.049 Y74.541 E2.87024
G1 X85.199 Y74.541 E2.88897
G1 X85.199 Y76.542 E2.92156
G1 X84.198 Y76.54 E2.93787
G1 X83.748 Y76.6 E2.94527
G1 X83.439 Y76.833 E2.95157
G1 X83.324 Y77.03 E2.95529
G1 X83.268 Y77.319 E2.96009
G1 X83.267 Y79.059 E2.98843
G1 X83.298 Y79.276 E2.992
G1 X83.422 Y79.525 E2.99653
G1 X83.676 Y79.745 E3.002
G1 X84.046 Y79.839 E3.00822
G1 X85.199 Y79.84 E3.027
G1 X85.199 Y85.199 E3.11429
G1 X66.801 Y85.199 E3.41398
G1 X66.801 Y66.801 E3.71367
G1 X71.686 Y66.801 E3.79324
G1 X71.685 Y67.921 E3.81148
G1 X71.765 Y68.264 E3.81722
G1 X71.864 Y68.418 E3.8202
G1 X72.114 Y68.617 E3.8254
G1 X72.464 Y68.701 E3.83126
G1 X74.228 Y68.701 E3.85999
G1 X74.554 Y68.596 E3.86557
G1 X74.839 Y68.31 E3.87215
G1 X74.943 Y67.922 E3.87869
G1 X74.944 Y66.801 E3.89695
G1 X76.29 Y66.801 E3.91888
G1 X76.29 Y67.922 E3.93714
G1 X76.395 Y68.31 E3.94369
G1 X76.559 Y68.51 E3.9479
G1 X76.76 Y68.636 E3.95176
G1 X77.07 Y68.701 E3.95692
G1 X78.211 Y68.701 E3.97551
G1 X78.944 Y68.675 E3.98746
G1 X79.208 Y68.548 E3.99223
G1 X79.401 Y68.341 E3.99684
G1 X79.524 Y67.921 E4.00397
G1 X79.524 Y66.801 E4.02221
G1 X85.199 Y66.801 E4.11465
G1 X85.199 Y71.226 E4.18673
G1 X84.049 Y71.226 E4.20546
G1 X83.754 Y71.285 E4.21036
G1 X83.567 Y71.415 E4.21407
M204 S1000
G1 X83.876 Y71.822 F6000
M204 S500
;TYPE:External perimeter
G1 F720
G1 X83.859 Y71.83 E4.21438
G1 X83.79 Y72.006 E4.21746
G1 X83.79 Y73.228 E4.23737
G1 X83.793 Y73.808 E4.24682
G1 X83.883 Y73.961 E4.24971
G1 X84.049 Y74.022 E4.25259
G1 X85.719 Y74.021 E4.27979
G1 X85.719 Y77.062 E4.32933
G1 X83.974 Y77.06 E4.35775
G1 X83.845 Y77.157 E4.36038
G1 X83.788 Y77.319 E4.36318
G1 X83.787 Y79.089 E4.39201
G1 X83.875 Y79.254 E4.39506
G1 X84.046 Y79.319 E4.39804
G1 X85.719 Y79.321 E4.42529
G1 X85.719 Y85.719 E4.52951
G1 X66.281 Y85.719 E4.84614
G1 X66.281 Y66.281 E5.16277
G1 X72.205 Y66.281 E5.25927
G1 X72.205 Y68.003 E5.28732
G1 X72.305 Y68.126 E5.2899
G1 X72.464 Y68.181 E5.29264
G1 X74.223 Y68.181 E5.32129
G1 X74.389 Y68.051 E5.32472
G1 X74.424 Y67.921 E5.32691
G1 X74.424 Y66.281 E5.35362
G1 X76.809 Y66.281 E5.39247
G1 X76.81 Y67.942 E5.41953
G1 X76.9 Y68.117 E5.42274
G1 X77.07 Y68.181 E5.4257
G1 X78.776 Y68.179 E5.45349
G1 X78.936 Y68.097 E5.45642
G1 X79.005 Y67.921 E5.4595
G1 X79.004 Y66.281 E5.48621
G1 X85.719 Y66.281 E5.59559
G1 X85.719 Y71.745 E5.68459
G1 X84.05 Y71.746 E5.71178
G1 X83.944 Y71.792 E5.71366
G1 X83.798 Y72.27 F6000
M204 S1000
G1 X82.44 Y71.523
M204 S500
;TYPE:Internal infill
;WIDTH:0.5625
G1 F1200
G1 X82.626 Y71.096 E5.72125
G1 X82.944 Y70.729 E5.72916
G1 X83.41 Y70.441 E5.73808
G1 X84.29 Y70.317 E5.75256
G1 X84.29 Y69.594 E5.76434
G1 X82.406 Y67.71 E5.80774
G1 X84.29 Y67.71 E5.83843
G1 X67.71 Y84.29 E6.22038
G1 X67.71 Y82.406 E6.25107
G1 X69.594 Y84.29 E6.29447
G1 X75.058 Y84.29 E6.38347
G1 X82.402 Y76.946 E6.55265
G1 X82.525 Y76.588 E6.55882
G1 X82.728 Y76.265 E6.56503
G1 X82.97 Y76.018 E6.57066
G1 X83.22 Y75.872 E6.57538
G1 X76.953 Y69.605 E6.71975
G1 X76.664 Y69.561 E6.72451
G1 X76.222 Y69.382 E6.73228
G1 X75.959 Y69.194 E6.73755
G1 X75.732 Y68.92 E6.74335
G1 X67.71 Y76.942 E6.92815
G1 X67.71 Y75.058 E6.95884
G1 X76.942 Y84.29 E7.17151
G1 X82.406 Y84.29 E7.26051
G1 X84.29 Y82.406 E7.30391
G1 X84.29 Y84.29 E7.3346
G1 X67.71 Y67.71 E7.71655
G1 X69.594 Y67.71 E7.74724
G1 X67.71 Y69.594 E7.79064
G1 X67.71 Y72.711 E7.84141
M106 S17.85
;LAYER_CHANGE
;Z:14.1
;HEIGHT:0.200001
G1 E6.34141 F1200
G92 E0
G1 Z14.1 F6000
M204 S1000
G1 X83.134 Y70.969
G1 E1.5 F1200
M204 S500
;TYPE:Perimeter
;WIDTH:0.562499
G1 F900
G1 X83.092 Y71.01 E1.50096
G1 X82.846 Y71.4 E1.50847
G1 X82.751 Y71.886 E1.51654
G1 X82.75 Y73.644 E1.54518
G1 X82.791 Y73.966 E1.55047
G1 X82.955 Y74.345 E1.5572
G1 X83.25 Y74.668 E1.56433
G1 X83.577 Y74.855 E1.57047
G1 X84.05 Y74.944 E1.57831
G1 X84.68 Y74.944 E1.58857
G1 X84.68 Y76.133 E1.60794
G1 X84.085 Y76.132 E1.61763
G1 X83.577 Y76.22 E1.62603
G1 X83.249 Y76.406 E1.63217
G1 X82.954 Y76.73 E1.63931
G1 X82.811 Y77.034 E1.64478
G1 X82.749 Y77.43 E1.65131
G1 X82.748 Y79.172 E1.67969
G1 X82.8 Y79.538 E1.68571
G1 X83.01 Y79.955 E1.69332
G1 X83.198 Y80.155 E1.69779
G1 X83.443 Y80.322 E1.70262
G1 X83.688 Y80.421 E1.70692
G1 X84.045 Y80.471 E1.71279
G1 X84.68 Y80.472 E1.72313
G1 X84.68 Y84.68 E1.79168
G1 X67.32 Y84.68 E2.07446
G1 X67.32 Y67.32 E2.35724
G1 X71.053 Y67.32 E2.41805
G1 X71.053 Y67.921 E2.42784
G1 X71.178 Y68.478 E2.43714
G1 X71.343 Y68.739 E2.44217
G1 X71.545 Y68.939 E2.4468
G1 X71.975 Y69.164 E2.45471
G1 X72.352 Y69.22 E2.46092
G1 X74.166 Y69.22 E2.49047
G1 X74.604 Y69.097 E2.49788
G1 X74.941 Y68.868 E2.50452
G1 X75.198 Y68.531 E2.51142
;WIDTH:0.582377
G1 X75.355 Y68.035 E2.52022
G1 X75.357 Y67.922 E2.52213
;WIDTH:0.57637
G1 X75.357 Y67.327 E2.53208
;WIDTH:0.576206
G1 X75.89 Y67.327 E2.54099
;WIDTH:0.582377
G1 X75.892 Y68.035 E2.55296
G1 X76.049 Y68.531 E2.56176
;WIDTH:0.562499
G1 X76.306 Y68.868 E2.56866
G1 X76.506 Y69.022 E2.57277
G1 X76.807 Y69.161 E2.57817
G1 X77.196 Y69.22 E2.58458
G1 X79.034 Y69.21 E2.61452
G1 X79.423 Y69.098 E2.62111
G1 X79.831 Y68.798 E2.62936
G1 X80.045 Y68.48 E2.6356
G1 X80.172 Y67.921 E2.64494
G1 X80.171 Y67.32 E2.65473
G1 X84.68 Y67.32 E2.72818
G1 X84.68 Y70.587 E2.7814
G1 X84.05 Y70.587 E2.79166
G1 X83.576 Y70.677 E2.79952
G1 X83.205 Y70.9 E2.80657
G1 X83.187 Y70.917 E2.80697
M204 S1000
G1 X83.506 Y71.339 F6000
M204 S500
G1 F900
G1 X83.475 Y71.36 E2.80758
G1 X83.328 Y71.594 E2.81208
G1 X83.271 Y71.886 E2.81693
G1 X83.27 Y73.1 E2.83671
G1 X83.3 Y73.858 E2.84907
G1 X83.456 Y74.151 E2.85448
G1 X83.766 Y74.371 E2.86067
G1 X84.05 Y74.424 E2.86538
G1 X85.199 Y74.424 E2.8841
G1 X85.199 Y76.653 E2.92041
G1 X84.084 Y76.651 E2.93857
G1 X83.765 Y76.705 E2.94384
G1 X83.455 Y76.924 E2.95002
G1 X83.331 Y77.125 E2.95387
G1 X83.268 Y77.43 E2.95894
G1 X83.268 Y79.172 E2.98732
G1 X83.299 Y79.392 E2.99094
G1 X83.425 Y79.642 E2.9955
G1 X83.685 Y79.862 E3.00105
G1 X84.046 Y79.952 E3.00711
G1 X85.199 Y79.953 E3.02589
G1 X85.199 Y85.199 E3.11134
G1 X66.801 Y85.199 E3.41103
G1 X66.801 Y66.801 E3.71072
G1 X71.573 Y66.801 E3.78845
G1 X71.573 Y67.921 E3.80669
G1 X71.648 Y68.256 E3.81228
G1 X71.868 Y68.532 E3.81803
G1 X72.126 Y68.667 E3.82277
G1 X72.352 Y68.701 E3.82649
G1 X74.142 Y68.701 E3.85565
G1 X74.465 Y68.582 E3.86126
G1 X74.739 Y68.287 E3.86782
G1 X74.83 Y67.922 E3.87395
G1 X74.831 Y66.801 E3.89221
G1 X76.416 Y66.801 E3.91803
G1 X76.417 Y67.922 E3.93629
G1 X76.508 Y68.287 E3.94242
G1 X76.662 Y68.489 E3.94656
G1 X76.864 Y68.627 E3.95054
G1 X77.196 Y68.701 E3.95608
G1 X78.328 Y68.701 E3.97452
G1 X79.076 Y68.674 E3.98671
G1 X79.343 Y68.543 E3.99155
G1 X79.53 Y68.34 E3.99605
G1 X79.652 Y67.921 E4.00316
G1 X79.651 Y66.801 E4.0214
G1 X85.199 Y66.801 E4.11177
G1 X85.199 Y71.106 E4.1819
G1 X84.05 Y71.107 E4.20062
G1 X83.766 Y71.161 E4.20533
G1 X83.568 Y71.296 E4.20923
M204 S1000
G1 X83.876 Y71.703 F6000
M204 S500
;TYPE:External perimeter
G1 F720
G1 X83.859 Y71.711 E4.20954
G1 X83.79 Y71.886 E4.2126
G1 X83.79 Y73.101 E4.23239
G1 X83.794 Y73.691 E4.242
G1 X83.889 Y73.85 E4.24502
G1 X84.05 Y73.905 E4.24779
G1 X85.719 Y73.904 E4.27498
G1 X85.719 Y77.173 E4.32823
G1 X83.979 Y77.171 E4.35657
G1 X83.85 Y77.262 E4.35914
G1 X83.788 Y77.431 E4.36207
G1 X83.787 Y79.203 E4.39093
G1 X83.877 Y79.369 E4.39401
G1 X84.047 Y79.432 E4.39696
G1 X85.719 Y79.434 E4.4242
G1 X85.719 Y85.719 E4.52658
G1 X66.281 Y85.719 E4.84321
G1 X66.281 Y66.281 E5.15984
G1 X72.093 Y66.281 E5.25451
G1 X72.092 Y68.001 E5.28253
G1 X72.191 Y68.125 E5.28511
G1 X72.352 Y68.181 E5.28789
G1 X74.051 Y68.181 E5.31557
G1 X74.229 Y68.111 E5.31869
G1 X74.311 Y67.922 E5.32205
G1 X74.311 Y66.281 E5.34878
G1 X76.935 Y66.281 E5.39152
G1 X76.936 Y67.921 E5.41823
G1 X77.018 Y68.111 E5.4216
G1 X77.196 Y68.181 E5.42472
G1 X78.905 Y68.179 E5.45256
G1 X79.064 Y68.097 E5.45547
G1 X79.132 Y67.921 E5.45854
G1 X79.132 Y66.281 E5.48525
G1 X85.719 Y66.281 E5.59255
G1 X85.719 Y71.626 E5.67962
G1 X84.05 Y71.626 E5.70681
G1 X83.945 Y71.673 E5.70868
G1 X83.799 Y72.151 F6000
G1 E4.20868 F1200
G92 E0
M204 S1000
G1 X82.564 Y79.971 F6000
G1 E1.5 F1200
M204 S500
;TYPE:Internal infill
;WIDTH:0.5625
G1 X82.426 Y79.648 E1.50572
G1 X82.358 Y79.176 E1.51349
G1 X82.367 Y77.265 E1.54462
G1 X82.45 Y76.898 E1.55075
G1 X75.058 Y84.29 E1.72104
G1 X76.942 Y84.29 E1.75173
G1 X67.71 Y75.058 E1.9644
G1 X67.71 Y76.942 E1.99509
G1 X75.805 Y68.847 E2.18157
G1 X76.035 Y69.149 E2.18775
G1 X76.297 Y69.351 E2.19314
G1 X76.93 Y69.582 E2.20412
G1 X83.287 Y75.94 E2.35057
G1 X83.506 Y75.842 E2.35448
G1 X84.018 Y75.33 E2.36627
G1 X83.437 Y75.221 E2.3759
G1 X83.012 Y74.978 E2.38387
G1 X82.763 Y74.74 E2.38948
G1 X82.546 Y74.415 E2.39585
G1 X82.412 Y74.062 E2.402
G1 X82.361 Y73.652 E2.40873
G1 X82.362 Y71.88 E2.43759
G1 X82.484 Y71.254 E2.44798
G1 X82.803 Y70.748 E2.45772
G1 X83.434 Y70.312 E2.47021
G1 X84.29 Y70.197 E2.48428
G1 X84.29 Y69.594 E2.4941
G1 X82.406 Y67.71 E2.5375
G1 X84.29 Y67.71 E2.56819
G1 X67.71 Y84.29 E2.95014
G1 X67.71 Y82.406 E2.98083
G1 X69.594 Y84.29 E3.02423
G1 X72.711 Y84.29 E3.075
G1 E1.575
G92 E0
M204 S1000
G1 X79.289 Y84.29 F6000
G1 E1.5 F1200
M204 S500
G1 X82.406 Y84.29 E1.55077
G1 X84.29 Y82.406 E1.59417
G1 X84.29 Y84.29 E1.62486
G1 X67.71 Y67.71 E2.00681
G1 X67.71 Y69.594 E2.0375
G1 X69.594 Y67.71 E2.0809
G1 X70.663 Y67.71 E2.09831
G1 X70.663 Y67.935 E2.10198
G1 X70.822 Y68.64 E2.11375
G1 X71.039 Y68.985 E2.12039
G1 X71.574 Y69.42 E2.13162
;LAYER_CHANGE
;Z:14.3
;HEIGHT:0.2
G1 E.63162 F1200
G92 E0
G1 Z14.3 F6000
M204 S1000
G1 X83.134 Y70.85
G1 E1.5 F1200
M204 S500
;TYPE:Perimeter
;WIDTH:0.562499
G1 F900
G1 X83.09 Y70.893 E1.501
G1 X82.849 Y71.274 E1.50834
G1 X82.752 Y71.766 E1.51651
G1 X82.751 Y73.527 E1.5452
G1 X82.796 Y73.869 E1.55082
G1 X82.97 Y74.251 E1.55766
G1 X83.26 Y74.559 E1.56455
G1 X83.564 Y74.733 E1.57026
G1 X84.05 Y74.827 E1.57832
G1 X84.68 Y74.827 E1.58858
G1 X84.68 Y76.244 E1.61166
G1 X84.05 Y76.243 E1.62192
G1 X83.563 Y76.337 E1.63
G1 X83.259 Y76.51 E1.6357
G1 X82.969 Y76.818 E1.64259
G1 X82.818 Y77.124 E1.64815
G1 X82.749 Y77.541 E1.65503
G1 X82.748 Y79.285 E1.68344
G1 X82.802 Y79.654 E1.68951
G1 X83.016 Y80.076 E1.69722
G1 X83.207 Y80.276 E1.70172
G1 X83.457 Y80.443 E1.70662
G1 X83.698 Y80.537 E1.71083
G1 X84.046 Y80.585 E1.71655
G1 X84.68 Y80.586 E1.72688
G1 X84.68 Y84.68 E1.79357
G1 X67.32 Y84.68 E2.07635
G1 X67.32 Y67.32 E2.35913
G1 X70.941 Y67.32 E2.41811
G1 X70.94 Y67.921 E2.4279
G1 X71.059 Y68.463 E2.43694
G1 X71.222 Y68.729 E2.44202
G1 X71.425 Y68.933 E2.44671
G1 X71.859 Y69.163 E2.45471
G1 X72.239 Y69.221 E2.46097
G1 X74.094 Y69.221 E2.49119
G1 X74.525 Y69.08 E2.49858
G1 X74.863 Y68.834 E2.50539
G1 X75.103 Y68.496 E2.51214
;WIDTH:0.609151
G1 X75.169 Y68.345 E2.51507
;WIDTH:0.655803
G1 X75.235 Y68.193 E2.51825
;WIDTH:0.702455
G1 X75.302 Y68.041 E2.52168
G1 X75.304 Y67.922 E2.52414
;WIDTH:0.695992
G1 X75.304 Y67.387 E2.53509
;WIDTH:0.695888
G1 X75.956 Y67.387 E2.54844
;WIDTH:0.702455
G1 X75.959 Y68.041 E2.56196
G1 X76.025 Y68.193 E2.56539
;WIDTH:0.655803
G1 X76.091 Y68.345 E2.56857
;WIDTH:0.609151
G1 X76.158 Y68.496 E2.5715
;WIDTH:0.562499
G1 X76.398 Y68.834 E2.57825
G1 X76.595 Y68.998 E2.58243
G1 X76.906 Y69.152 E2.58808
G1 X77.322 Y69.221 E2.59495
G1 X79.165 Y69.21 E2.62497
G1 X79.56 Y69.094 E2.63168
G1 X79.961 Y68.796 E2.63982
G1 X80.182 Y68.462 E2.64634
G1 X80.299 Y67.921 E2.65536
G1 X80.299 Y67.32 E2.66515
G1 X84.68 Y67.32 E2.73651
G1 X84.68 Y70.467 E2.78777
G1 X84.05 Y70.468 E2.79803
G1 X83.596 Y70.55 E2.80554
G1 X83.215 Y70.772 E2.81272
G1 X83.188 Y70.798 E2.81333
M204 S1000
G1 X83.507 Y71.22 F6000
M204 S500
G1 F900
G1 X83.474 Y71.242 E2.81398
G1 X83.33 Y71.471 E2.81839
G1 X83.271 Y71.766 E2.82329
G1 X83.27 Y73.528 E2.85199
G1 X83.304 Y73.753 E2.8557
G1 X83.466 Y74.044 E2.86113
G1 X83.758 Y74.251 E2.86696
G1 X84.05 Y74.307 E2.8718
G1 X85.199 Y74.307 E2.89052
G1 X85.199 Y76.764 E2.93054
G1 X84.049 Y76.763 E2.94927
G1 X83.757 Y76.819 E2.95411
G1 X83.465 Y77.025 E2.95993
G1 X83.338 Y77.221 E2.96373
G1 X83.269 Y77.542 E2.96908
G1 X83.268 Y79.285 E2.99747
G1 X83.3 Y79.507 E3.00112
G1 X83.429 Y79.76 E3.00575
G1 X83.693 Y79.98 E3.01135
G1 X84.046 Y80.065 E3.01726
G1 X85.199 Y80.067 E3.03604
G1 X85.199 Y85.199 E3.11964
G1 X66.801 Y85.199 E3.41933
G1 X66.801 Y66.801 E3.71902
G1 X71.461 Y66.801 E3.79493
G1 X71.46 Y67.921 E3.81317
G1 X71.531 Y68.246 E3.81859
G1 X71.751 Y68.529 E3.82443
G1 X72.011 Y68.667 E3.82922
G1 X72.239 Y68.701 E3.83298
G1 X74.037 Y68.701 E3.86227
G1 X74.374 Y68.567 E3.86818
G1 X74.637 Y68.267 E3.87468
G1 X74.717 Y67.922 E3.88045
G1 X74.718 Y66.801 E3.89871
G1 X76.542 Y66.801 E3.92842
G1 X76.543 Y67.922 E3.94668
G1 X76.623 Y68.267 E3.95245
G1 X76.768 Y68.469 E3.9565
G1 X77.029 Y68.644 E3.96162
G1 X77.322 Y68.701 E3.96648
G1 X78.446 Y68.701 E3.98479
G1 X79.208 Y68.673 E3.99721
G1 X79.477 Y68.538 E4.00211
G1 X79.659 Y68.338 E4.00651
G1 X79.78 Y67.921 E4.01358
G1 X79.779 Y66.801 E4.03182
G1 X85.199 Y66.801 E4.12011
G1 X85.199 Y70.987 E4.1883
G1 X84.05 Y70.987 E4.20702
G1 X83.778 Y71.037 E4.21152
G1 X83.569 Y71.178 E4.21563
M204 S1000
G1 X83.871 Y71.583 F6000
M204 S500
;TYPE:External perimeter
G1 F720
G1 X83.858 Y71.592 E4.21589
G1 X83.791 Y71.766 E4.21893
G1 X83.79 Y72.973 E4.23859
G1 X83.794 Y73.575 E4.2484
G1 X83.892 Y73.734 E4.25144
G1 X84.05 Y73.788 E4.25416
G1 X85.719 Y73.787 E4.28135
G1 X85.719 Y77.284 E4.33831
G1 X84.038 Y77.282 E4.36569
G1 X83.854 Y77.37 E4.36901
G1 X83.788 Y77.542 E4.37201
G1 X83.787 Y79.316 E4.40091
G1 X83.879 Y79.484 E4.40403
G1 X84.047 Y79.546 E4.40695
G1 X85.719 Y79.548 E4.43419
G1 X85.719 Y85.719 E4.53471
G1 X66.281 Y85.719 E4.85134
G1 X66.281 Y66.281 E5.16797
G1 X71.98 Y66.281 E5.2608
G1 X71.98 Y67.999 E5.28878
G1 X72.077 Y68.124 E5.29136
G1 X72.239 Y68.181 E5.29416
G1 X73.966 Y68.181 E5.32229
G1 X74.123 Y68.104 E5.32514
G1 X74.198 Y67.922 E5.32835
G1 X74.198 Y66.281 E5.35508
G1 X77.062 Y66.281 E5.40173
G1 X77.062 Y67.713 E5.42506
G1 X77.089 Y68.037 E5.43036
G1 X77.177 Y68.137 E5.43253
G1 X77.322 Y68.181 E5.435
G1 X79.033 Y68.179 E5.46287
G1 X79.193 Y68.096 E5.46581
G1 X79.26 Y67.921 E5.46886
G1 X79.259 Y66.281 E5.49557
G1 X85.719 Y66.281 E5.6008
G1 X85.719 Y71.506 E5.68591
G1 X83.984 Y71.507 E5.71417
G1 X83.934 Y71.541 E5.71515
G1 X83.802 Y72.023 F6000
G1 E4.21515 F1200
G92 E0
M204 S1000
G1 X82.479 Y79.896 F6000
G1 E1.5 F1200
M204 S500
;TYPE:Internal infill
;WIDTH:0.5625
G1 X82.359 Y79.289 E1.51008
G1 X82.364 Y77.415 E1.54061
G1 X82.528 Y76.82 E1.55066
G1 X75.058 Y84.29 E1.72274
G1 X76.942 Y84.29 E1.75343
G1 X67.71 Y75.058 E1.9661
G1 X67.71 Y76.942 E1.99679
G1 X75.88 Y68.772 E2.185
G1 X76.117 Y69.105 E2.19166
G1 X76.377 Y69.321 E2.19717
G1 X76.902 Y69.554 E2.20653
G1 X83.357 Y76.009 E2.35523
G1 X83.316 Y76.032 E2.356
G1 X84.132 Y75.216 E2.3748
G1 X83.42 Y75.096 E2.38656
G1 X83.024 Y74.87 E2.39399
G1 X82.786 Y74.649 E2.39928
G1 X82.509 Y74.22 E2.4076
G1 X82.361 Y73.535 E2.41902
G1 X82.362 Y71.76 E2.44793
G1 X82.487 Y71.127 E2.45844
G1 X82.8 Y70.631 E2.46799
G1 X82.97 Y70.468 E2.47183
G1 X83.459 Y70.183 E2.48105
G1 X84.29 Y70.078 E2.49469
G1 X84.29 Y69.594 E2.50257
G1 X82.406 Y67.71 E2.54597
G1 X84.29 Y67.71 E2.57666
G1 X67.71 Y84.29 E2.95861
G1 X67.71 Y82.406 E2.9893
G1 X69.594 Y84.29 E3.0327
G1 X72.711 Y84.29 E3.08347
G1 E1.58347
G92 E0
M204 S1000
G1 X79.289 Y84.29 F6000
G1 E1.5 F1200
M204 S500
G1 X82.406 Y84.29 E1.55077
G1 X84.29 Y82.406 E1.59417
G1 X84.29 Y84.29 E1.62486
G1 X67.71 Y67.71 E2.00681
G1 X69.594 Y67.71 E2.0375
G1 X67.71 Y69.594 E2.0809
G1 X67.71 Y72.711 E2.13167
M106 S15.3
;LAYER_CHANGE
;Z:14.5
;HEIGHT:0.2
G1 E.63167 F1200
G92 E0
G1 Z14.5 F6000
M204 S1000
G1 X83.135 Y70.73
G1 E1.5 F1200
M204 S500
;TYPE:Perimeter
;WIDTH:0.562499
G1 F900
G1 X83.087 Y70.776 E1.50108
G1 X82.852 Y71.147 E1.50823
G1 X82.752 Y71.646 E1.51652
G1 X82.751 Y73.41 E1.54525
G1 X82.802 Y73.771 E1.55119
G1 X82.983 Y74.151 E1.55805
G1 X83.258 Y74.441 E1.56456
G1 X83.535 Y74.603 E1.56979
G1 X84.051 Y74.71 E1.57837
G1 X84.68 Y74.71 E1.58862
G1 X84.68 Y76.355 E1.61542
G1 X84.05 Y76.354 E1.62568
G1 X83.534 Y76.46 E1.63426
G1 X83.257 Y76.623 E1.6395
G1 X82.981 Y76.912 E1.64601
G1 X82.826 Y77.214 E1.65154
G1 X82.749 Y77.653 E1.6588
G1 X82.749 Y79.399 E1.68724
G1 X82.803 Y79.771 E1.69336
G1 X83.022 Y80.196 E1.70115
G1 X83.217 Y80.398 E1.70572
G1 X83.471 Y80.563 E1.71065
G1 X84.046 Y80.698 E1.72027
G1 X84.68 Y80.699 E1.7306
G1 X84.68 Y84.68 E1.79545
G1 X67.32 Y84.68 E2.07823
G1 X67.32 Y67.32 E2.36101
G1 X70.828 Y67.32 E2.41815
G1 X70.828 Y67.921 E2.42794
G1 X70.939 Y68.447 E2.4367
G1 X71.101 Y68.718 E2.44184
G1 X71.305 Y68.927 E2.4466
G1 X71.742 Y69.162 E2.45468
G1 X72.127 Y69.221 E2.46102
G1 X73.994 Y69.221 E2.49143
G1 X74.445 Y69.063 E2.49921
G1 X74.781 Y68.801 E2.50615
G1 X75.005 Y68.465 E2.51273
;WIDTH:0.604609
G1 X75.05 Y68.356 E2.51481
;WIDTH:0.646719
G1 X75.095 Y68.248 E2.51702
;WIDTH:0.688828
G1 X75.139 Y68.139 E2.5194
;WIDTH:0.730938
G1 X75.184 Y68.031 E2.52192
;WIDTH:0.773047
G1 X75.229 Y67.922 E2.52462
;WIDTH:0.815568
G1 X75.251 Y67.447 E2.53614
G1 X76.023 Y67.447 E2.55484
G1 X76.044 Y67.922 E2.56636
;WIDTH:0.773047
G1 X76.089 Y68.031 E2.56906
;WIDTH:0.730938
G1 X76.134 Y68.139 E2.57158
;WIDTH:0.688828
G1 X76.179 Y68.248 E2.57397
;WIDTH:0.646719
G1 X76.224 Y68.356 E2.57618
;WIDTH:0.604609
G1 X76.269 Y68.465 E2.57826
;WIDTH:0.562499
G1 X76.493 Y68.801 E2.58484
G1 X76.686 Y68.974 E2.58906
G1 X77.063 Y69.162 E2.59592
G1 X77.449 Y69.221 E2.60228
G1 X79.128 Y69.221 E2.62963
G1 X79.482 Y69.172 E2.63545
G1 X79.698 Y69.089 E2.63922
G1 X80.092 Y68.793 E2.64725
G1 X80.318 Y68.443 E2.65404
G1 X80.427 Y67.921 E2.66273
G1 X80.427 Y67.32 E2.67252
G1 X84.68 Y67.32 E2.7418
G1 X84.68 Y70.348 E2.79112
G1 X84.05 Y70.348 E2.80138
G1 X83.617 Y70.423 E2.80854
G1 X83.226 Y70.644 E2.81586
G1 X83.189 Y70.679 E2.81669
M204 S1000
G1 X83.509 Y71.1 F6000
M204 S500
G1 F900
G1 X83.473 Y71.124 E2.81739
G1 X83.332 Y71.347 E2.82169
G1 X83.272 Y71.647 E2.82667
G1 X83.271 Y73.411 E2.8554
G1 X83.308 Y73.648 E2.85931
G1 X83.472 Y73.934 E2.86468
G1 X83.741 Y74.126 E2.87006
G1 X84.051 Y74.19 E2.87522
G1 X85.199 Y74.19 E2.89392
G1 X85.199 Y76.875 E2.93766
G1 X84.049 Y76.874 E2.95639
G1 X83.74 Y76.938 E2.96153
G1 X83.471 Y77.13 E2.96691
G1 X83.344 Y77.32 E2.97063
G1 X83.269 Y77.653 E2.97619
G1 X83.268 Y79.399 E3.00463
G1 X83.301 Y79.622 E3.0083
G1 X83.432 Y79.877 E3.01297
G1 X83.702 Y80.098 E3.01865
G1 X84.046 Y80.178 E3.0244
G1 X85.199 Y80.18 E3.04318
G1 X85.199 Y85.199 E3.12494
G1 X66.801 Y85.199 E3.42463
G1 X66.801 Y66.801 E3.72432
G1 X71.348 Y66.801 E3.79839
G1 X71.348 Y67.921 E3.81663
G1 X71.414 Y68.237 E3.82189
G1 X71.634 Y68.525 E3.82779
G1 X71.896 Y68.666 E3.83264
G1 X72.127 Y68.701 E3.83645
G1 X73.951 Y68.701 E3.86616
G1 X74.282 Y68.553 E3.87207
G1 X74.533 Y68.248 E3.8785
G1 X74.604 Y67.922 E3.88393
G1 X74.605 Y66.801 E3.90219
G1 X76.669 Y66.801 E3.93581
G1 X76.669 Y68.059 E3.9563
G1 X76.875 Y68.449 E3.96348
G1 X77.138 Y68.636 E3.96874
G1 X77.449 Y68.701 E3.97392
G1 X78.563 Y68.701 E3.99207
G1 X79.34 Y68.672 E4.00474
G1 X79.612 Y68.533 E4.00972
G1 X79.788 Y68.336 E4.01402
G1 X79.908 Y67.921 E4.02106
G1 X79.907 Y66.801 E4.0393
G1 X85.199 Y66.801 E4.1255
G1 X85.199 Y70.867 E4.19173
G1 X84.051 Y70.868 E4.21043
G1 X83.79 Y70.912 E4.21474
G1 X83.571 Y71.059 E4.21904
M204 S1000
G1 X83.872 Y71.463 F6000
M204 S500
;TYPE:External perimeter
G1 F720
G1 X83.858 Y71.473 E4.21932
G1 X83.791 Y71.647 E4.22236
G1 X83.791 Y72.846 E4.24189
G1 X83.795 Y73.458 E4.25186
G1 X83.892 Y73.617 E4.25489
G1 X84.05 Y73.671 E4.25761
G1 X85.719 Y73.67 E4.2848
G1 X85.719 Y77.396 E4.34549
G1 X84.026 Y77.393 E4.37307
G1 X83.856 Y77.479 E4.37617
G1 X83.788 Y77.653 E4.37921
G1 X83.788 Y79.43 E4.40816
G1 X83.881 Y79.599 E4.4113
G1 X84.047 Y79.659 E4.41418
G1 X85.719 Y79.661 E4.44142
G1 X85.719 Y85.719 E4.5401
G1 X66.281 Y85.719 E4.85673
G1 X66.281 Y66.281 E5.17336
G1 X71.868 Y66.281 E5.26437
G1 X71.867 Y67.998 E5.29234
G1 X71.962 Y68.123 E5.2949
G1 X72.127 Y68.182 E5.29775
G1 X73.856 Y68.182 E5.32591
G1 X74.016 Y68.098 E5.32885
G1 X74.085 Y67.922 E5.33193
G1 X74.085 Y66.281 E5.35866
G1 X77.188 Y66.281 E5.40921
G1 X77.189 Y67.97 E5.43672
G1 X77.296 Y68.132 E5.43988
G1 X77.449 Y68.182 E5.4425
G1 X79.199 Y68.172 E5.47101
G1 X79.321 Y68.096 E5.47335
G1 X79.388 Y67.922 E5.47639
G1 X79.387 Y66.281 E5.50312
G1 X85.719 Y66.281 E5.60626
G1 X85.719 Y71.386 E5.68942
G1 X83.986 Y71.387 E5.71765
G1 X83.934 Y71.422 E5.71867
G1 X83.802 Y71.904 F6000
G1 E4.21867 F1200
G92 E0
M204 S1000
G1 X79.912 Y69.413 F6000
G1 E1.5 F1200
M204 S500
;TYPE:Internal infill
;WIDTH:0.5625
G1 X79.585 Y69.548 E1.50576
G1 X79.137 Y69.61 E1.51313
G1 X77.358 Y69.608 E1.54211
G1 X76.841 Y69.493 E1.55074
G1 X83.435 Y76.087 E1.70264
G1 X83.057 Y76.291 E1.70964
G1 X84.251 Y75.097 E1.73715
G1 X83.885 Y75.092 E1.74311
G1 X83.382 Y74.963 E1.75157
G1 X83.022 Y74.751 E1.75838
G1 X82.661 Y74.372 E1.76691
G1 X82.407 Y73.804 E1.77705
G1 X82.362 Y73.418 E1.78338
G1 X82.362 Y71.64 E1.81234
G1 X82.491 Y70.998 E1.82301
G1 X82.62 Y70.749 E1.82758
G1 X82.983 Y70.338 E1.83651
G1 X83.485 Y70.054 E1.84591
G1 X84.29 Y69.958 E1.85912
G1 X84.29 Y69.594 E1.86505
G1 X82.406 Y67.71 E1.90845
G1 X84.29 Y67.71 E1.93914
G1 X67.71 Y84.29 E2.32109
G1 X67.71 Y82.406 E2.35178
G1 X69.594 Y84.29 E2.39518
G1 X72.711 Y84.29 E2.44595
G1 E.94595
G92 E0
M204 S1000
G1 X79.289 Y84.29 F6000
G1 E1.5 F1200
M204 S500
G1 X82.406 Y84.29 E1.55077
G1 X84.29 Y82.406 E1.59417
G1 X84.29 Y84.29 E1.62486
G1 X67.71 Y67.71 E2.00681
G1 X69.594 Y67.71 E2.0375
G1 X67.71 Y69.594 E2.0809
G1 X67.71 Y72.711 E2.13167
G1 E.63167
G92 E0
M204 S1000
G1 X75.148 Y68.947 F6000
G1 E1.5 F1200
M204 S500
G1 X75.561 Y68.213 E1.51372
G1 X75.882 Y68.534 E1.52111
G1 X75.957 Y68.695 E1.524
G1 X67.71 Y76.942 E1.71398
G1 X67.71 Y75.058 E1.74467
G1 X76.942 Y84.29 E1.95734
G1 X75.058 Y84.29 E1.98803
G1 X82.712 Y76.636 E2.16435
G1 X82.465 Y77.089 E2.17275
;LAYER_CHANGE
;Z:14.7
;HEIGHT:0.2
G1 E.67275 F1200
G92 E0
G1 Z14.7 F6000
M204 S1000
G1 X83.144 Y70.621
G1 E1.5 F1200
M204 S500
;TYPE:Perimeter
;WIDTH:0.562499
G1 F900
G1 X82.949 Y70.84 E1.50478
G1 X82.774 Y71.293 E1.51269
G1 X82.752 Y71.527 E1.51652
G1 X82.752 Y72.718 E1.53592
G1 X82.774 Y73.534 E1.54922
G1 X82.856 Y73.805 E1.55383
G1 X83.095 Y74.174 E1.56099
G1 X83.507 Y74.474 E1.56929
G1 X83.86 Y74.579 E1.57529
G1 X84.68 Y74.593 E1.58865
G1 X84.68 Y76.466 E1.61916
G1 X83.859 Y76.479 E1.63254
G1 X83.506 Y76.584 E1.63854
G1 X83.255 Y76.736 E1.64332
G1 X82.992 Y77.008 E1.64948
G1 X82.818 Y77.348 E1.6557
G1 X82.75 Y77.764 E1.66257
G1 X82.749 Y79.512 E1.69104
G1 X82.804 Y79.888 E1.69723
G1 X83.028 Y80.317 E1.70511
G1 X83.227 Y80.519 E1.70973
G1 X83.486 Y80.684 E1.71473
G1 X84.046 Y80.811 E1.72408
G1 X84.68 Y80.812 E1.73441
G1 X84.68 Y84.68 E1.79742
G1 X67.32 Y84.68 E2.0802
G1 X67.32 Y67.32 E2.36298
G1 X70.716 Y67.32 E2.4183
G1 X70.716 Y67.921 E2.42809
G1 X70.819 Y68.43 E2.43655
G1 X70.98 Y68.707 E2.44177
G1 X71.184 Y68.921 E2.44659
G1 X71.626 Y69.161 E2.45478
G1 X72.014 Y69.221 E2.46118
G1 X73.893 Y69.221 E2.49179
G1 X74.361 Y69.047 E2.49992
G1 X74.69 Y68.777 E2.50685
G1 X74.898 Y68.45 E2.51316
G1 X75.011 Y67.923 E2.52194
G1 X75.011 Y67.32 E2.53176
G1 X76.276 Y67.32 E2.55237
G1 X76.276 Y67.943 E2.56252
G1 X76.388 Y68.45 E2.57098
G1 X76.597 Y68.777 E2.5773
G1 X76.784 Y68.953 E2.58148
G1 X77.167 Y69.155 E2.58853
G1 X77.575 Y69.221 E2.59526
G1 X79.256 Y69.221 E2.62264
G1 X79.617 Y69.17 E2.62858
G1 X79.836 Y69.084 E2.63241
G1 X80.222 Y68.79 E2.64031
G1 X80.455 Y68.423 E2.64739
G1 X80.555 Y67.921 E2.65573
G1 X80.555 Y67.32 E2.66552
G1 X84.68 Y67.32 E2.73271
G1 X84.68 Y70.228 E2.78008
G1 X84.051 Y70.228 E2.79033
G1 X83.638 Y70.296 E2.79715
G1 X83.237 Y70.515 E2.80459
G1 X83.193 Y70.564 E2.80566
M204 S1000
G1 X83.51 Y70.981 F6000
M204 S500
G1 F900
G1 X83.472 Y71.006 E2.8064
G1 X83.334 Y71.223 E2.81059
G1 X83.272 Y71.527 E2.81564
G1 X83.271 Y73.294 E2.84442
G1 X83.312 Y73.543 E2.84853
G1 X83.477 Y73.822 E2.85381
G1 X83.724 Y74.002 E2.85879
G1 X84.051 Y74.073 E2.86424
G1 X85.199 Y74.073 E2.88294
G1 X85.199 Y76.987 E2.93041
G1 X84.05 Y76.985 E2.94913
G1 X83.723 Y77.056 E2.95458
G1 X83.476 Y77.236 E2.95956
G1 X83.332 Y77.457 E2.96386
G1 X83.269 Y77.764 E2.96897
G1 X83.268 Y79.512 E2.99744
G1 X83.302 Y79.738 E3.00116
G1 X83.436 Y79.995 E3.00588
G1 X83.711 Y80.215 E3.01162
G1 X84.047 Y80.292 E3.01724
G1 X85.199 Y80.293 E3.03601
G1 X85.199 Y85.199 E3.11593
G1 X66.801 Y85.199 E3.41562
G1 X66.801 Y66.801 E3.71531
G1 X71.236 Y66.801 E3.78755
G1 X71.235 Y67.922 E3.80581
G1 X71.297 Y68.227 E3.81088
G1 X71.516 Y68.521 E3.81685
G1 X71.781 Y68.666 E3.82177
G1 X72.014 Y68.701 E3.82561
G1 X73.845 Y68.701 E3.85544
G1 X74.186 Y68.54 E3.86158
G1 X74.424 Y68.239 E3.86783
G1 X74.491 Y67.922 E3.87311
G1 X74.492 Y66.801 E3.89137
G1 X76.795 Y66.801 E3.92888
G1 X76.795 Y67.922 E3.94714
G1 X76.863 Y68.239 E3.95242
G1 X76.988 Y68.435 E3.95621
G1 X77.248 Y68.629 E3.96149
G1 X77.575 Y68.701 E3.96694
G1 X78.681 Y68.701 E3.98496
G1 X79.473 Y68.671 E3.99787
G1 X79.748 Y68.527 E4.00293
G1 X79.918 Y68.334 E4.00712
G1 X80.036 Y67.921 E4.01412
G1 X80.035 Y66.801 E4.03236
G1 X85.199 Y66.801 E4.11648
G1 X85.199 Y70.747 E4.18076
G1 X84.051 Y70.748 E4.19946
G1 X83.803 Y70.788 E4.20355
G1 X83.573 Y70.94 E4.20804
M204 S1000
G1 X83.873 Y71.344 F6000
M204 S500
;TYPE:External perimeter
G1 F720
G1 X83.858 Y71.354 E4.20833
G1 X83.792 Y71.527 E4.21135
G1 X83.791 Y72.719 E4.23077
G1 X83.795 Y73.342 E4.24092
G1 X83.892 Y73.499 E4.24393
G1 X84.051 Y73.554 E4.24667
G1 X85.719 Y73.553 E4.27384
G1 X85.719 Y77.507 E4.33825
G1 X84.016 Y77.505 E4.36599
G1 X83.858 Y77.588 E4.3689
G1 X83.789 Y77.764 E4.37198
G1 X83.788 Y79.544 E4.40097
G1 X83.884 Y79.714 E4.40415
G1 X84.047 Y79.772 E4.40697
G1 X85.719 Y79.774 E4.43421
G1 X85.719 Y85.719 E4.53105
G1 X66.281 Y85.719 E4.84768
G1 X66.281 Y66.281 E5.16431
G1 X71.755 Y66.281 E5.25348
G1 X71.755 Y67.996 E5.28142
G1 X71.848 Y68.122 E5.28397
G1 X72.014 Y68.182 E5.28685
G1 X73.745 Y68.182 E5.31505
G1 X73.907 Y68.093 E5.31806
G1 X73.972 Y67.922 E5.32104
G1 X73.972 Y66.281 E5.34777
G1 X77.314 Y66.281 E5.40221
G1 X77.315 Y67.999 E5.43019
G1 X77.417 Y68.128 E5.43287
G1 X77.575 Y68.182 E5.43559
G1 X79.328 Y68.171 E5.46415
G1 X79.449 Y68.096 E5.46647
G1 X79.516 Y67.922 E5.46951
G1 X79.515 Y66.281 E5.49624
G1 X85.719 Y66.281 E5.5973
G1 X85.719 Y71.267 E5.67852
G1 X83.989 Y71.268 E5.7067
G1 X83.935 Y71.303 E5.70775
G1 X83.802 Y71.785 F6000
G1 E4.20775 F1200
G92 E0
M204 S1000
G1 X79.805 Y69.514 F6000
G1 E1.5 F1200
M204 S500
;TYPE:Internal infill
;WIDTH:0.5625
G1 X79.265 Y69.611 E1.50894
G1 X77.471 Y69.608 E1.53816
G1 X77.104 Y69.544 E1.54423
G1 X76.735 Y69.387 E1.55076
G1 X83.523 Y76.175 E1.70713
G1 E.20713
G92 E0
M204 S1000
G1 X79.289 Y84.29 F6000
G1 E1.5 F1200
M204 S500
G1 X82.406 Y84.29 E1.55077
G1 X84.29 Y82.406 E1.59417
G1 X84.29 Y84.29 E1.62486
G1 X67.71 Y67.71 E2.00681
G1 X67.71 Y69.594 E2.0375
G1 X69.594 Y67.71 E2.0809
G1 X70.326 Y67.71 E2.09282
G1 X70.457 Y68.578 E2.10712
G1 X70.668 Y68.942 E2.11397
G1 X70.934 Y69.221 E2.12025
G1 X71.223 Y69.414 E2.12591
G1 X71.775 Y69.594 E2.13537
G1 X73.844 Y69.606 E2.16907
G1 X74.422 Y69.455 E2.1788
G1 X74.986 Y69.032 E2.19028
G1 X75.256 Y68.609 E2.19845
G1 X75.395 Y68.047 E2.20788
G1 X76.161 Y68.813 E2.22553
G1 X76.035 Y68.617 E2.22933
G1 X67.71 Y76.942 E2.42111
G1 X67.71 Y75.058 E2.4518
G1 X76.942 Y84.29 E2.66447
G1 X75.058 Y84.29 E2.69516
G1 X84.29 Y75.058 E2.90783
G1 X84.29 Y74.979 E2.90912
G1 X83.801 Y74.965 E2.91709
G1 X83.345 Y74.829 E2.92484
G1 X83.018 Y74.631 E2.93107
G1 X82.809 Y74.439 E2.93569
G1 X82.535 Y74.04 E2.94357
G1 X82.411 Y73.703 E2.94942
G1 X82.362 Y73.301 E2.95602
G1 X82.39 Y71.222 E2.98989
G1 X82.618 Y70.633 E3.00018
G1 X82.997 Y70.207 E3.00947
G1 X83.513 Y69.925 E3.01905
G1 X84.29 Y69.839 E3.03178
G1 X84.29 Y69.594 E3.03577
G1 X82.406 Y67.71 E3.07917
G1 X84.29 Y67.71 E3.10986
G1 X67.71 Y84.29 E3.49181
G1 X67.71 Y82.406 E3.5225
G1 X69.594 Y84.29 E3.5659
G1 X72.711 Y84.29 E3.61667
M106 S17.85
;LAYER_CHANGE
;Z:14.9
;HEIGHT:0.2
G1 E2.11667 F1200
G92 E0
G1 Z14.9 F6000
M204 S1000
G1 X83.145 Y70.502
G1 E1.5 F1200
M204 S500
;TYPE:Perimeter
;WIDTH:0.562499
G1 F900
G1 X82.947 Y70.724 E1.50485
G1 X82.775 Y71.17 E1.51264
G1 X82.753 Y71.407 E1.51652
G1 X82.752 Y72.591 E1.53581
G1 X82.775 Y73.42 E1.54932
G1 X82.865 Y73.708 E1.55424
G1 X83.102 Y74.064 E1.56121
G1 X83.48 Y74.344 E1.56887
G1 X83.797 Y74.451 E1.57432
G1 X84.051 Y74.476 E1.57848
G1 X84.68 Y74.476 E1.58873
G1 X84.68 Y76.578 E1.62297
G1 X83.796 Y76.601 E1.63737
G1 X83.479 Y76.708 E1.64282
G1 X83.251 Y76.851 E1.6472
G1 X83.003 Y77.106 E1.65299
G1 X82.825 Y77.44 E1.65916
G1 X82.75 Y77.875 E1.66635
G1 X82.749 Y79.625 E1.69486
G1 X82.806 Y80.005 E1.70112
G1 X83.034 Y80.438 E1.70909
G1 X83.237 Y80.641 E1.71377
G1 X83.502 Y80.804 E1.71884
G1 X84.046 Y80.925 E1.72792
G1 X84.68 Y80.926 E1.73825
G1 X84.68 Y84.68 E1.7994
G1 X67.32 Y84.68 E2.08218
G1 X67.32 Y67.32 E2.36496
G1 X70.603 Y67.32 E2.41844
G1 X70.603 Y67.921 E2.42823
G1 X70.699 Y68.412 E2.43638
G1 X70.858 Y68.695 E2.44167
G1 X71.063 Y68.914 E2.44656
G1 X71.287 Y69.066 E2.45097
G1 X71.509 Y69.16 E2.4549
G1 X71.902 Y69.221 E2.46138
G1 X73.791 Y69.221 E2.49215
G1 X74.267 Y69.036 E2.50047
G1 X74.578 Y68.775 E2.50708
G1 X74.773 Y68.478 E2.51287
G1 X74.898 Y67.923 E2.52214
G1 X74.898 Y67.32 E2.53196
G1 X76.402 Y67.32 E2.55646
G1 X76.402 Y67.923 E2.56628
G1 X76.527 Y68.478 E2.57555
G1 X76.722 Y68.775 E2.58134
G1 X76.897 Y68.942 E2.58528
G1 X77.272 Y69.148 E2.59225
G1 X77.701 Y69.221 E2.59934
G1 X79.384 Y69.221 E2.62675
G1 X79.753 Y69.167 E2.63282
G1 X79.974 Y69.079 E2.63669
G1 X80.353 Y68.787 E2.64448
G1 X80.591 Y68.402 E2.65185
G1 X80.683 Y67.921 E2.65983
G1 X80.683 Y67.32 E2.66962
G1 X84.68 Y67.32 E2.73473
G1 X84.68 Y70.108 E2.78014
G1 X84.051 Y70.109 E2.79039
G1 X83.661 Y70.169 E2.79682
G1 X83.248 Y70.387 E2.80443
G1 X83.195 Y70.446 E2.80572
M204 S1000
G1 X83.511 Y70.862 F6000
M204 S500
G1 F900
G1 X83.47 Y70.889 E2.80652
G1 X83.336 Y71.099 E2.81058
G1 X83.272 Y71.407 E2.8157
G1 X83.272 Y73.177 E2.84453
G1 X83.309 Y73.416 E2.84847
G1 X83.481 Y73.709 E2.854
G1 X83.708 Y73.877 E2.8586
G1 X84.051 Y73.956 E2.86433
G1 X85.199 Y73.956 E2.88303
G1 X85.199 Y77.098 E2.93421
G1 X84.05 Y77.096 E2.95293
G1 X83.707 Y77.175 E2.95866
G1 X83.48 Y77.343 E2.96326
G1 X83.338 Y77.557 E2.96744
G1 X83.269 Y77.875 E2.97274
G1 X83.269 Y79.625 E3.00125
G1 X83.303 Y79.853 E3.00501
G1 X83.44 Y80.113 E3.0098
G1 X83.72 Y80.333 E3.0156
G1 X84.047 Y80.405 E3.02105
G1 X85.199 Y80.407 E3.03982
G1 X85.199 Y85.199 E3.11788
G1 X66.801 Y85.199 E3.41757
G1 X66.801 Y66.801 E3.71726
G1 X71.123 Y66.801 E3.78766
G1 X71.123 Y67.922 E3.80592
G1 X71.18 Y68.216 E3.8108
G1 X71.399 Y68.517 E3.81686
G1 X71.666 Y68.665 E3.82183
G1 X71.902 Y68.701 E3.82572
G1 X73.739 Y68.701 E3.85564
G1 X74.081 Y68.534 E3.86184
G1 X74.303 Y68.256 E3.86764
G1 X74.378 Y67.922 E3.87322
G1 X74.379 Y66.801 E3.89148
G1 X76.921 Y66.801 E3.93289
G1 X76.922 Y67.922 E3.95115
G1 X76.997 Y68.256 E3.95673
G1 X77.219 Y68.534 E3.96253
G1 X77.408 Y68.644 E3.96609
G1 X77.701 Y68.701 E3.97095
G1 X79.384 Y68.701 E3.99836
G1 X79.738 Y68.616 E4.00429
G1 X79.965 Y68.441 E4.00896
G1 X80.108 Y68.21 E4.01339
G1 X80.163 Y67.922 E4.01817
G1 X80.163 Y66.801 E4.03643
G1 X85.199 Y66.801 E4.11846
G1 X85.199 Y70.628 E4.1808
G1 X84.051 Y70.628 E4.1995
G1 X83.817 Y70.665 E4.20336
G1 X83.574 Y70.821 E4.20806
M204 S1000
G1 X83.873 Y71.225 F6000
M204 S500
;TYPE:External perimeter
G1 F720
G1 X83.858 Y71.235 E4.20835
G1 X83.792 Y71.408 E4.21137
G1 X83.791 Y72.591 E4.23064
G1 X83.796 Y73.226 E4.24098
G1 X83.891 Y73.382 E4.24396
G1 X84.051 Y73.437 E4.24672
G1 X85.719 Y73.436 E4.27389
G1 X85.719 Y77.618 E4.34201
G1 X84.007 Y77.616 E4.3699
G1 X83.859 Y77.698 E4.37266
G1 X83.789 Y77.876 E4.37578
G1 X83.788 Y79.657 E4.40479
G1 X83.886 Y79.829 E4.40801
G1 X84.048 Y79.886 E4.41081
G1 X85.719 Y79.888 E4.43803
G1 X85.719 Y85.719 E4.53301
G1 X66.281 Y85.719 E4.84964
G1 X66.281 Y66.281 E5.16627
G1 X71.643 Y66.281 E5.25361
G1 X71.642 Y67.994 E5.28151
G1 X71.734 Y68.12 E5.28405
G1 X71.902 Y68.182 E5.28697
G1 X73.619 Y68.182 E5.31494
G1 X73.795 Y68.093 E5.31815
G1 X73.859 Y67.922 E5.32112
G1 X73.859 Y66.281 E5.34785
G1 X77.44 Y66.281 E5.40618
G1 X77.441 Y67.943 E5.43325
G1 X77.54 Y68.126 E5.43664
G1 X77.701 Y68.182 E5.43942
G1 X79.458 Y68.171 E5.46804
G1 X79.578 Y68.095 E5.47035
G1 X79.644 Y67.922 E5.47337
G1 X79.643 Y66.281 E5.5001
G1 X85.719 Y66.281 E5.59907
G1 X85.719 Y71.147 E5.67833
G1 X83.992 Y71.148 E5.70646
G1 X83.936 Y71.184 E5.70754
G1 X83.802 Y71.666 F6000
M204 S1000
G1 X82.362 Y73.14
M204 S500
;TYPE:Internal infill
;WIDTH:0.5625
G1 F1200
G1 X82.416 Y73.602 E5.71512
G1 X82.548 Y73.948 E5.72115
G1 X82.817 Y74.331 E5.72877
G1 X83.31 Y74.695 E5.73875
G1 X83.719 Y74.834 E5.74579
G1 X84.29 Y74.866 E5.75511
G1 X84.29 Y75.058 E5.75824
G1 X75.058 Y84.29 E5.97091
G1 X76.942 Y84.29 E6.0016
G1 X67.71 Y75.058 E6.21427
G1 X67.71 Y76.942 E6.24496
G1 X76.138 Y68.515 E6.4391
G1 E4.9391
G92 E0
M204 S1000
G1 X80.385 Y69.273 F6000
G1 E1.5 F1200
M204 S500
G1 X80.645 Y69.046 E1.50562
G1 X80.956 Y68.541 E1.51528
G1 X81.073 Y67.71 E1.52895
G1 X82.406 Y67.71 E1.55066
G1 X84.29 Y69.594 E1.59406
G1 X84.29 Y67.71 E1.62475
G1 X67.71 Y84.29 E2.0067
G1 X67.71 Y82.406 E2.03739
G1 X69.594 Y84.29 E2.08079
G1 X72.711 Y84.29 E2.13156
G1 E.63156
G92 E0
M204 S1000
G1 X79.289 Y84.29 F6000
G1 E1.5 F1200
M204 S500
G1 X82.406 Y84.29 E1.55077
G1 X84.29 Y82.406 E1.59417
G1 X84.29 Y84.29 E1.62486
G1 X67.71 Y67.71 E2.00681
G1 X67.71 Y69.594 E2.0375
G1 X69.594 Y67.71 E2.0809
G1 X70.213 Y67.71 E2.09098
G1 X70.335 Y68.556 E2.1049
G1 X70.544 Y68.927 E2.11184
G1 X70.811 Y69.212 E2.1182
G1 X71.102 Y69.41 E2.12393
G1 X71.391 Y69.532 E2.12904
G1 X71.898 Y69.611 E2.1374
G1 X73.743 Y69.605 E2.16745
G1 X74.336 Y69.442 E2.17747
G1 X74.875 Y69.03 E2.18852
G1 X75.128 Y68.643 E2.19605
G1 X75.283 Y67.935 E2.20786
G1 X83.605 Y76.257 E2.39957
;LAYER_CHANGE
;Z:15.1
;HEIGHT:0.200001
G1 E.89957 F1200
G92 E0
G1 Z15.1 F6000
M204 S1000
G1 X83.147 Y70.384
G1 E1.5 F1200
M204 S500
;TYPE:Perimeter
;WIDTH:0.562499
G1 F900
G1 X82.945 Y70.608 E1.50491
G1 X82.776 Y71.047 E1.51257
G1 X82.753 Y71.288 E1.51651
G1 X82.752 Y73.06 E1.54537
G1 X82.821 Y73.477 E1.55225
G1 X83.033 Y73.867 E1.55948
G1 X83.395 Y74.181 E1.56729
G1 X83.739 Y74.321 E1.57334
G1 X84.052 Y74.359 E1.57848
G1 X84.68 Y74.359 E1.58871
G1 X84.68 Y76.689 E1.62666
G1 X84.051 Y76.688 E1.63691
G1 X83.738 Y76.726 E1.64205
G1 X83.394 Y76.865 E1.64809
G1 X83.032 Y77.179 E1.6559
G1 X82.819 Y77.569 E1.66314
G1 X82.75 Y77.986 E1.67002
G1 X82.749 Y79.738 E1.69856
G1 X82.807 Y80.122 E1.70489
G1 X83.04 Y80.559 E1.71296
G1 X83.248 Y80.762 E1.71769
G1 X83.518 Y80.925 E1.72283
G1 X84.047 Y81.038 E1.73164
G1 X84.68 Y81.039 E1.74195
G1 X84.68 Y84.68 E1.80126
G1 X67.32 Y84.68 E2.08404
G1 X67.32 Y67.32 E2.36682
G1 X70.491 Y67.32 E2.41847
G1 X70.491 Y67.922 E2.42828
G1 X70.579 Y68.394 E2.4361
G1 X70.737 Y68.683 E2.44147
G1 X70.942 Y68.907 E2.44642
G1 X71.168 Y69.063 E2.45089
G1 X71.393 Y69.159 E2.45487
G1 X71.79 Y69.221 E2.46142
G1 X73.486 Y69.221 E2.48905
G1 X73.763 Y69.191 E2.49359
G1 X74.172 Y69.025 E2.50078
G1 X74.465 Y68.775 E2.50705
G1 X74.647 Y68.505 E2.51235
G1 X74.773 Y68.094 E2.51935
G1 X74.785 Y67.32 E2.53196
G1 X76.528 Y67.32 E2.56035
G1 X76.54 Y68.094 E2.57296
G1 X76.666 Y68.505 E2.57996
G1 X76.848 Y68.775 E2.58526
G1 X77.142 Y69.025 E2.59155
G1 X77.427 Y69.158 E2.59667
G1 X77.827 Y69.221 E2.60327
G1 X79.512 Y69.221 E2.63072
G1 X79.89 Y69.165 E2.63694
G1 X80.114 Y69.073 E2.64088
G1 X80.484 Y68.784 E2.64853
G1 X80.727 Y68.381 E2.6562
G1 X80.811 Y67.922 E2.6638
G1 X80.81 Y67.32 E2.67361
G1 X84.68 Y67.32 E2.73665
G1 X84.68 Y69.989 E2.78013
G1 X84.051 Y69.989 E2.79038
G1 X83.684 Y70.042 E2.79642
G1 X83.26 Y70.259 E2.80418
G1 X83.197 Y70.328 E2.8057
M204 S1000
G1 X83.504 Y70.739 F6000
M204 S500
G1 F900
G1 X83.469 Y70.771 E2.80647
G1 X83.338 Y70.975 E2.81042
G1 X83.273 Y71.288 E2.81563
G1 X83.272 Y73.06 E2.84449
G1 X83.338 Y73.374 E2.84972
G1 X83.523 Y73.633 E2.8549
G1 X83.864 Y73.817 E2.86121
G1 X84.052 Y73.839 E2.86429
G1 X85.199 Y73.839 E2.88297
G1 X85.199 Y77.209 E2.93786
G1 X83.905 Y77.207 E2.95894
G1 X83.521 Y77.414 E2.96605
G1 X83.336 Y77.673 E2.97123
G1 X83.27 Y77.987 E2.97646
G1 X83.269 Y79.739 E3.005
G1 X83.304 Y79.969 E3.00879
G1 X83.444 Y80.231 E3.01363
G1 X83.73 Y80.451 E3.01951
G1 X84.047 Y80.518 E3.02479
G1 X85.199 Y80.52 E3.04356
G1 X85.199 Y85.199 E3.11978
G1 X66.801 Y85.199 E3.41947
G1 X66.801 Y66.801 E3.71916
G1 X71.011 Y66.801 E3.78774
G1 X71.01 Y67.922 E3.806
G1 X71.064 Y68.206 E3.81071
G1 X71.281 Y68.513 E3.81683
G1 X71.551 Y68.664 E3.82187
G1 X71.79 Y68.702 E3.82581
G1 X73.633 Y68.702 E3.85583
G1 X73.975 Y68.529 E3.86207
G1 X74.182 Y68.272 E3.86745
G1 X74.265 Y67.923 E3.87329
G1 X74.266 Y66.801 E3.89157
G1 X77.047 Y66.801 E3.93687
G1 X77.048 Y67.923 E3.95515
G1 X77.131 Y68.272 E3.96099
G1 X77.24 Y68.434 E3.96417
G1 X77.522 Y68.639 E3.96985
G1 X77.827 Y68.702 E3.97492
G1 X79.512 Y68.702 E4.00237
G1 X79.873 Y68.613 E4.00843
G1 X80.095 Y68.439 E4.01302
G1 X80.241 Y68.197 E4.01762
G1 X80.291 Y67.922 E4.02217
G1 X80.291 Y66.801 E4.04043
G1 X85.199 Y66.801 E4.12038
G1 X85.199 Y70.508 E4.18076
G1 X84.052 Y70.509 E4.19944
G1 X83.831 Y70.541 E4.20308
G1 X83.577 Y70.67 E4.20772
G1 X83.558 Y70.688 E4.20815
M204 S1000
G1 X83.874 Y71.105 F6000
M204 S500
;TYPE:External perimeter
G1 F720
G1 X83.858 Y71.116 E4.20847
G1 X83.792 Y71.288 E4.21147
G1 X83.792 Y72.464 E4.23063
G1 X83.796 Y73.109 E4.24114
G1 X83.875 Y73.251 E4.24379
G1 X84.051 Y73.32 E4.24687
G1 X85.719 Y73.319 E4.27404
G1 X85.719 Y77.729 E4.34588
G1 X83.999 Y77.727 E4.3739
G1 X83.846 Y77.825 E4.37686
G1 X83.789 Y77.987 E4.37966
G1 X83.788 Y79.771 E4.40872
G1 X83.888 Y79.944 E4.41197
G1 X84.048 Y79.999 E4.41473
G1 X85.719 Y80.001 E4.44195
G1 X85.719 Y85.719 E4.53509
G1 X66.281 Y85.719 E4.85172
G1 X66.281 Y66.281 E5.16835
G1 X71.531 Y66.281 E5.25387
G1 X71.53 Y67.992 E5.28174
G1 X71.62 Y68.119 E5.28428
G1 X71.79 Y68.182 E5.28723
G1 X73.508 Y68.182 E5.31521
G1 X73.682 Y68.093 E5.31839
G1 X73.746 Y67.922 E5.32136
G1 X73.746 Y66.281 E5.34809
G1 X77.567 Y66.281 E5.41033
G1 X77.568 Y67.953 E5.43757
G1 X77.664 Y68.124 E5.44076
G1 X77.827 Y68.182 E5.44358
G1 X79.587 Y68.171 E5.47225
G1 X79.706 Y68.095 E5.47455
G1 X79.772 Y67.922 E5.47757
G1 X79.771 Y66.281 E5.5043
G1 X85.719 Y66.281 E5.60119
G1 X85.719 Y71.028 E5.67852
G1 X83.995 Y71.028 E5.7066
G1 X83.937 Y71.065 E5.70772
G1 X83.803 Y71.547 F6000
M204 S1000
G1 X82.363 Y71.516
M204 S500
;TYPE:Internal infill
;WIDTH:0.5625
G1 F1200
G1 X82.392 Y70.973 E5.71658
G1 X82.504 Y70.612 E5.72274
G1 X82.788 Y70.167 E5.73134
G1 X83.026 Y69.945 E5.73664
G1 X83.57 Y69.668 E5.74658
G1 X84.29 Y69.599 E5.75836
G1 X82.406 Y67.71 E5.80182
G1 X84.29 Y67.71 E5.83251
G1 X67.71 Y84.29 E6.21446
G1 X67.71 Y82.406 E6.24515
G1 X69.594 Y84.29 E6.28855
G1 X72.711 Y84.29 E6.33932
G1 E4.83932
G92 E0
M204 S1000
G1 X79.289 Y84.29 F6000
G1 E1.5 F1200
M204 S500
G1 X82.406 Y84.29 E1.55077
G1 X84.29 Y82.406 E1.59417
G1 X84.29 Y84.29 E1.62486
G1 X67.71 Y67.71 E2.00681
G1 X67.71 Y69.594 E2.0375
G1 X69.594 Y67.71 E2.0809
G1 X70.101 Y67.71 E2.08916
G1 X70.214 Y68.533 E2.10269
G1 X70.42 Y68.911 E2.1097
G1 X70.687 Y69.202 E2.11613
G1 X71.273 Y69.53 E2.12707
G1 X71.785 Y69.611 E2.13551
G1 X73.642 Y69.604 E2.16576
G1 X74.249 Y69.429 E2.17605
G1 X74.761 Y69.03 E2.18662
G1 X74.997 Y68.678 E2.19352
G1 X75.16 Y68.149 E2.20254
G1 X75.169 Y67.821 E2.20788
G1 X83.689 Y76.341 E2.40415
G1 X84.29 Y76.299 E2.41396
G1 X84.29 Y75.058 E2.43418
G1 X75.058 Y84.29 E2.64685
G1 X76.942 Y84.29 E2.67754
G1 X67.71 Y75.058 E2.89021
G1 X67.71 Y76.942 E2.9209
G1 X76.235 Y68.417 E3.11729
;LAYER_CHANGE
;Z:15.3
;HEIGHT:0.2
G1 E1.61729 F1200
G92 E0
G1 Z15.3 F6000
M204 S1000
G1 X83.149 Y70.266
G1 E1.5 F1200
M204 S500
;TYPE:Perimeter
;WIDTH:0.562499
G1 F900
G1 X82.943 Y70.493 E1.50499
G1 X82.777 Y70.923 E1.5125
G1 X82.753 Y71.168 E1.51651
G1 X82.753 Y72.943 E1.54542
G1 X82.828 Y73.379 E1.55263
G1 X83.041 Y73.76 E1.55974
G1 X83.376 Y74.053 E1.56699
G1 X83.684 Y74.189 E1.57247
G1 X84.052 Y74.242 E1.57853
G1 X84.68 Y74.242 E1.58876
G1 X84.68 Y76.8 E1.63043
G1 X84.051 Y76.799 E1.64068
G1 X83.683 Y76.852 E1.64674
G1 X83.375 Y76.988 E1.65222
G1 X83.04 Y77.281 E1.65947
G1 X82.826 Y77.662 E1.66659
G1 X82.75 Y78.097 E1.67378
G1 X82.75 Y79.852 E1.70237
G1 X82.808 Y80.239 E1.70874
G1 X83.047 Y80.68 E1.71691
G1 X83.259 Y80.884 E1.7217
G1 X83.535 Y81.045 E1.7269
G1 X84.047 Y81.151 E1.73542
G1 X84.68 Y81.152 E1.74573
G1 X84.68 Y84.68 E1.8032
G1 X67.32 Y84.68 E2.08598
G1 X67.32 Y67.32 E2.36876
G1 X70.378 Y67.32 E2.41857
G1 X70.378 Y67.922 E2.42838
G1 X70.46 Y68.376 E2.43589
G1 X70.615 Y68.67 E2.4413
G1 X70.821 Y68.899 E2.44632
G1 X71.049 Y69.059 E2.45086
G1 X71.276 Y69.158 E2.45489
G1 X71.677 Y69.221 E2.4615
G1 X73.475 Y69.221 E2.49079
G1 X73.841 Y69.134 E2.49692
G1 X74.198 Y68.926 E2.50365
G1 X74.52 Y68.531 E2.51195
G1 X74.65 Y68.162 E2.51832
G1 X74.672 Y67.923 E2.52223
G1 X74.672 Y67.32 E2.53205
G1 X76.654 Y67.32 E2.56434
G1 X76.677 Y68.162 E2.57806
G1 X76.806 Y68.531 E2.58443
G1 X76.975 Y68.777 E2.58929
G1 X77.252 Y69.016 E2.59525
G1 X77.534 Y69.152 E2.60035
G1 X77.954 Y69.221 E2.60728
G1 X79.64 Y69.221 E2.63474
G1 X80.027 Y69.162 E2.64112
G1 X80.254 Y69.067 E2.64513
G1 X80.615 Y68.78 E2.65264
G1 X80.863 Y68.358 E2.66061
G1 X80.939 Y67.922 E2.66782
G1 X80.938 Y67.32 E2.67763
G1 X84.68 Y67.32 E2.73858
G1 X84.68 Y69.869 E2.7801
G1 X84.052 Y69.87 E2.79033
G1 X83.708 Y69.916 E2.79598
G1 X83.272 Y70.13 E2.80389
G1 X83.2 Y70.21 E2.80564
M204 S1000
G1 X83.504 Y70.619 F6000
M204 S500
G1 F900
G1 X83.467 Y70.654 E2.80647
G1 X83.341 Y70.85 E2.81027
G1 X83.273 Y71.168 E2.81557
G1 X83.272 Y72.943 E2.84448
G1 X83.328 Y73.233 E2.84929
G1 X83.523 Y73.516 E2.85489
G1 X83.831 Y73.691 E2.86066
G1 X84.052 Y73.723 E2.8643
G1 X85.199 Y73.722 E2.88298
G1 X85.199 Y77.32 E2.94159
G1 X84.05 Y77.319 E2.96031
G1 X83.83 Y77.35 E2.96393
G1 X83.521 Y77.525 E2.96971
G1 X83.341 Y77.773 E2.9747
G1 X83.27 Y78.098 E2.98012
G1 X83.269 Y79.852 E3.00869
G1 X83.304 Y80.084 E3.01251
G1 X83.448 Y80.349 E3.01742
G1 X83.74 Y80.568 E3.02337
G1 X84.048 Y80.632 E3.02849
G1 X85.199 Y80.633 E3.04724
G1 X85.199 Y85.199 E3.12162
G1 X66.801 Y85.199 E3.42131
G1 X66.801 Y66.801 E3.721
G1 X70.898 Y66.801 E3.78774
G1 X70.898 Y67.922 E3.806
G1 X70.947 Y68.194 E3.8105
G1 X71.164 Y68.509 E3.81673
G1 X71.436 Y68.664 E3.82183
G1 X71.677 Y68.702 E3.8258
G1 X73.373 Y68.702 E3.85343
G1 X73.581 Y68.674 E3.85685
G1 X73.868 Y68.524 E3.86213
G1 X74.061 Y68.288 E3.8671
G1 X74.152 Y67.923 E3.87323
G1 X74.153 Y66.801 E3.89151
G1 X77.174 Y66.801 E3.94072
G1 X77.174 Y67.923 E3.959
G1 X77.265 Y68.288 E3.96513
G1 X77.367 Y68.435 E3.96804
G1 X77.637 Y68.634 E3.9735
G1 X77.954 Y68.702 E3.97878
G1 X79.64 Y68.702 E4.00624
G1 X80.008 Y68.609 E4.01242
G1 X80.225 Y68.437 E4.01693
G1 X80.374 Y68.184 E4.02171
G1 X80.419 Y67.922 E4.02604
G1 X80.418 Y66.801 E4.0443
G1 X85.199 Y66.801 E4.12218
G1 X85.199 Y70.389 E4.18063
G1 X83.903 Y70.389 E4.20174
G1 X83.584 Y70.545 E4.20752
G1 X83.559 Y70.568 E4.20807
M204 S1000
G1 X83.875 Y70.986 F6000
M204 S500
;TYPE:External perimeter
G1 F720
G1 X83.857 Y70.997 E4.20841
G1 X83.793 Y71.168 E4.21138
G1 X83.792 Y72.336 E4.23041
G1 X83.797 Y72.993 E4.24111
G1 X83.875 Y73.134 E4.24373
G1 X84.052 Y73.203 E4.24682
G1 X85.719 Y73.202 E4.27397
G1 X85.719 Y77.84 E4.34952
G1 X83.992 Y77.838 E4.37765
G1 X83.847 Y77.935 E4.38049
G1 X83.79 Y78.098 E4.3833
G1 X83.789 Y79.884 E4.41239
G1 X83.891 Y80.059 E4.41569
G1 X84.048 Y80.112 E4.41839
G1 X85.719 Y80.114 E4.44561
G1 X85.719 Y85.719 E4.53691
G1 X66.281 Y85.719 E4.85354
G1 X66.281 Y66.281 E5.17017
G1 X71.418 Y66.281 E5.25385
G1 X71.417 Y67.989 E5.28167
G1 X71.506 Y68.118 E5.28422
G1 X71.677 Y68.182 E5.28719
G1 X73.396 Y68.182 E5.31519
G1 X73.569 Y68.093 E5.31836
G1 X73.633 Y67.923 E5.32132
G1 X73.633 Y66.281 E5.34807
G1 X77.693 Y66.281 E5.4142
G1 X77.694 Y67.963 E5.4416
G1 X77.789 Y68.123 E5.44463
G1 X77.954 Y68.182 E5.44748
G1 X79.717 Y68.17 E5.4762
G1 X79.835 Y68.094 E5.47849
G1 X79.899 Y67.922 E5.48148
G1 X79.899 Y66.281 E5.50821
G1 X85.719 Y66.281 E5.60301
G1 X85.719 Y70.908 E5.67838
G1 X83.998 Y70.909 E5.70641
G1 X83.938 Y70.946 E5.70756
G1 X83.803 Y71.428 F6000
G1 E4.20756 F1200
G92 E0
M204 S1000
G1 X80.429 Y69.415 F6000
G1 E1.5 F1200
M204 S500
;TYPE:Internal infill
;WIDTH:0.5625
G1 X80.754 Y69.191 E1.50643
G1 X81.083 Y68.8 E1.51475
G1 X81.233 Y68.485 E1.52043
G1 X81.328 Y67.71 E1.53315
G1 X82.406 Y67.71 E1.55071
G1 X84.176 Y69.48 E1.59148
G1 X84.29 Y69.48 E1.59334
G1 X84.29 Y67.71 E1.62217
G1 X67.71 Y84.29 E2.00412
G1 X67.71 Y82.406 E2.03481
G1 X69.594 Y84.29 E2.07821
G1 X75.058 Y84.29 E2.16721
G1 X84.29 Y75.058 E2.37988
G1 X84.29 Y76.41 E2.4019
G1 X83.793 Y76.445 E2.41002
G1 X75.062 Y67.71 E2.6112
G1 X76.265 Y67.71 E2.6308
G1 X76.325 Y68.327 E2.6409
G1 X67.71 Y76.942 E2.83936
G1 X67.71 Y75.058 E2.87005
G1 X76.942 Y84.29 E3.08272
G1 X82.406 Y84.29 E3.17172
G1 X84.29 Y82.406 E3.21512
G1 X84.29 Y84.29 E3.24581
G1 X67.71 Y67.71 E3.62776
G1 X67.71 Y69.594 E3.65845
G1 X69.594 Y67.71 E3.70185
G1 X69.989 Y67.71 E3.70828
G1 X70.092 Y68.509 E3.7214
G1 X70.295 Y68.895 E3.7285
G1 X70.563 Y69.193 E3.73503
G1 X70.86 Y69.401 E3.74094
G1 X71.155 Y69.529 E3.74618
G1 X71.541 Y69.601 E3.75258
;LAYER_CHANGE
;Z:15.5
;HEIGHT:0.2
G1 E2.25258 F1200
G92 E0
G1 Z15.5 F6000
M204 S1000
G1 X83.14 Y70.135
G1 E1.5 F1200
M204 S500
;TYPE:Perimeter
;WIDTH:0.562499
G1 F900
G1 X83.074 Y70.195 E1.50145
G1 X82.941 Y70.378 E1.50514
G1 X82.778 Y70.799 E1.51249
G1 X82.754 Y71.048 E1.51656
G1 X82.753 Y72.826 E1.54552
G1 X82.835 Y73.28 E1.55303
G1 X83.048 Y73.651 E1.56
G1 X83.357 Y73.924 E1.56672
G1 X83.633 Y74.056 E1.5717
G1 X84.053 Y74.125 E1.57863
G1 X84.68 Y74.125 E1.58884
G1 X84.68 Y76.911 E1.63422
G1 X84.051 Y76.91 E1.64447
G1 X83.632 Y76.979 E1.65139
G1 X83.356 Y77.111 E1.65637
G1 X83.168 Y77.255 E1.66023
G1 X82.967 Y77.491 E1.66528
G1 X82.806 Y77.834 E1.67145
G1 X82.751 Y78.209 E1.67762
G1 X82.75 Y79.965 E1.70622
G1 X82.81 Y80.356 E1.71266
G1 X83.054 Y80.801 E1.72093
G1 X83.271 Y81.006 E1.72579
G1 X83.552 Y81.166 E1.73106
G1 X84.047 Y81.265 E1.73928
G1 X84.68 Y81.265 E1.74959
G1 X84.68 Y84.68 E1.80522
G1 X67.32 Y84.68 E2.088
G1 X67.32 Y67.32 E2.37078
G1 X70.266 Y67.32 E2.41877
G1 X70.266 Y67.922 E2.42858
G1 X70.34 Y68.356 E2.43575
G1 X70.493 Y68.657 E2.44125
G1 X70.7 Y68.892 E2.44635
G1 X70.93 Y69.056 E2.45095
G1 X71.159 Y69.157 E2.45503
G1 X71.565 Y69.222 E2.46173
G1 X73.369 Y69.222 E2.49112
G1 X73.746 Y69.127 E2.49745
G1 X74.092 Y68.92 E2.50402
G1 X74.394 Y68.556 E2.51172
G1 X74.523 Y68.225 E2.51751
G1 X74.559 Y67.923 E2.52246
G1 X74.559 Y67.32 E2.53228
G1 X76.781 Y67.32 E2.56847
G1 X76.817 Y68.225 E2.58322
G1 X76.946 Y68.556 E2.58901
G1 X77.104 Y68.78 E2.59348
G1 X77.365 Y69.007 E2.59911
G1 X77.642 Y69.146 E2.60416
G1 X78.08 Y69.222 E2.6114
G1 X79.768 Y69.222 E2.6389
G1 X80.165 Y69.159 E2.64545
G1 X80.394 Y69.06 E2.64951
G1 X80.641 Y68.884 E2.65445
G1 X80.858 Y68.628 E2.65992
G1 X81 Y68.334 E2.66524
G1 X81.066 Y67.922 E2.67204
G1 X81.066 Y67.32 E2.68185
G1 X84.68 Y67.32 E2.74072
G1 X84.68 Y69.75 E2.7803
G1 X84.052 Y69.75 E2.79053
G1 X83.734 Y69.79 E2.79575
G1 X83.285 Y70.001 E2.80383
G1 X83.195 Y70.084 E2.80582
M204 S1000
G1 X83.505 Y70.5 F6000
M204 S500
G1 F900
G1 X83.466 Y70.536 E2.80668
G1 X83.344 Y70.726 E2.81036
G1 X83.273 Y71.049 E2.81575
G1 X83.273 Y72.826 E2.8447
G1 X83.333 Y73.127 E2.8497
G1 X83.523 Y73.398 E2.85509
G1 X83.801 Y73.564 E2.86036
G1 X84.052 Y73.606 E2.86451
G1 X85.199 Y73.605 E2.88319
G1 X85.199 Y77.431 E2.94551
G1 X84.051 Y77.43 E2.96421
G1 X83.799 Y77.471 E2.96837
G1 X83.521 Y77.637 E2.97364
G1 X83.347 Y77.873 E2.97842
G1 X83.27 Y78.209 E2.98404
G1 X83.269 Y79.965 E3.01264
G1 X83.305 Y80.2 E3.01651
G1 X83.452 Y80.467 E3.02147
G1 X83.751 Y80.686 E3.02751
G1 X84.048 Y80.745 E3.03244
G1 X85.199 Y80.747 E3.05119
G1 X85.199 Y85.199 E3.12371
G1 X66.801 Y85.199 E3.4234
G1 X66.801 Y66.801 E3.72309
G1 X70.786 Y66.801 E3.788
G1 X70.785 Y67.922 E3.80626
G1 X70.83 Y68.183 E3.81057
G1 X71.046 Y68.504 E3.81687
G1 X71.321 Y68.663 E3.82204
G1 X71.565 Y68.702 E3.82607
G1 X73.26 Y68.702 E3.85368
G1 X73.478 Y68.671 E3.85727
G1 X73.759 Y68.521 E3.86246
G1 X73.94 Y68.303 E3.86708
G1 X74.039 Y67.923 E3.87348
G1 X74.04 Y66.801 E3.89176
G1 X77.3 Y66.801 E3.94486
G1 X77.301 Y68.063 E3.96542
G1 X77.494 Y68.437 E3.97228
G1 X77.752 Y68.63 E3.97753
G1 X78.08 Y68.702 E3.983
G1 X79.768 Y68.702 E4.0105
G1 X80.144 Y68.605 E4.01683
G1 X80.355 Y68.435 E4.02124
G1 X80.507 Y68.17 E4.02622
G1 X80.547 Y67.922 E4.03031
G1 X80.546 Y66.801 E4.04857
G1 X85.199 Y66.801 E4.12436
G1 X85.199 Y70.269 E4.18085
G1 X83.912 Y70.27 E4.20181
G1 X83.592 Y70.42 E4.20757
G1 X83.56 Y70.449 E4.20827
M204 S1000
G1 X83.875 Y70.867 F6000
M204 S500
;TYPE:External perimeter
G1 F720
G1 X83.857 Y70.878 E4.20861
G1 X83.793 Y71.049 E4.21158
G1 X83.792 Y72.209 E4.23048
G1 X83.797 Y72.877 E4.24136
G1 X83.876 Y73.017 E4.24398
G1 X84.052 Y73.086 E4.24706
G1 X85.719 Y73.085 E4.27421
G1 X85.719 Y77.952 E4.35349
G1 X83.986 Y77.949 E4.38172
G1 X83.849 Y78.044 E4.38444
G1 X83.79 Y78.209 E4.38729
G1 X83.789 Y79.998 E4.41643
G1 X83.893 Y80.174 E4.41976
G1 X84.048 Y80.225 E4.42242
G1 X85.719 Y80.228 E4.44964
G1 X85.719 Y85.719 E4.53908
G1 X66.281 Y85.719 E4.85571
G1 X66.281 Y66.281 E5.17234
G1 X71.306 Y66.281 E5.25419
G1 X71.305 Y67.987 E5.28198
G1 X71.392 Y68.116 E5.28451
G1 X71.565 Y68.182 E5.28753
G1 X73.285 Y68.182 E5.31555
G1 X73.455 Y68.094 E5.31867
G1 X73.52 Y67.923 E5.32165
G1 X73.52 Y66.281 E5.3484
G1 X77.819 Y66.281 E5.41843
G1 X77.82 Y67.972 E5.44598
G1 X77.913 Y68.122 E5.44885
G1 X78.08 Y68.182 E5.45174
G1 X79.847 Y68.17 E5.48052
G1 X79.963 Y68.093 E5.48279
G1 X80.027 Y67.922 E5.48576
G1 X80.026 Y66.281 E5.51249
G1 X85.719 Y66.281 E5.60522
G1 X85.719 Y70.788 E5.67864
G1 X84.002 Y70.789 E5.70661
G1 X83.939 Y70.828 E5.70782
G1 X83.803 Y71.309 F6000
G1 E4.20782 F1200
G92 E0
M204 S1000
G1 X80.439 Y69.464 F6000
G1 E1.5 F1200
M204 S500
;TYPE:Internal infill
;WIDTH:0.5625
G1 X80.901 Y69.175 E1.50888
G1 X81.215 Y68.794 E1.51692
G1 X81.371 Y68.455 E1.523
G1 X81.456 Y67.71 E1.53521
G1 X82.406 Y67.71 E1.55068
G1 X84.056 Y69.36 E1.58869
G1 X84.29 Y69.36 E1.5925
G1 X84.29 Y67.71 E1.61938
G1 X67.71 Y84.29 E2.00133
G1 X67.71 Y82.406 E2.03202
G1 X69.594 Y84.29 E2.07542
G1 X75.058 Y84.29 E2.16442
G1 X84.29 Y75.058 E2.37709
G1 X84.29 Y76.521 E2.40092
G1 X83.893 Y76.545 E2.4074
G1 X75.058 Y67.71 E2.61093
G1 X76.391 Y67.71 E2.63264
G1 X76.426 Y68.226 E2.64106
G1 X67.71 Y76.942 E2.84185
G1 X67.71 Y75.058 E2.87254
G1 X76.942 Y84.29 E3.08521
G1 X82.406 Y84.29 E3.17421
G1 X84.29 Y82.406 E3.21761
G1 X84.29 Y84.29 E3.2483
G1 X67.71 Y67.71 E3.63025
G1 X67.71 Y69.594 E3.66094
G1 X69.594 Y67.71 E3.70434
G1 X69.876 Y67.71 E3.70893
G1 X69.971 Y68.484 E3.72163
G1 X70.171 Y68.877 E3.72881
G1 X70.439 Y69.183 E3.73544
G1 X70.738 Y69.396 E3.74142
G1 X71.036 Y69.527 E3.74672
G1 X71.541 Y69.61 E3.75506
;LAYER_CHANGE
;Z:15.7
;HEIGHT:0.2
G1 E2.25506 F1200
G92 E0
G1 Z15.7 F6000
M204 S1000
G1 X83.141 Y70.016
G1 E1.5 F1200
M204 S500
;TYPE:Perimeter
;WIDTH:0.562499
G1 F900
G1 X83.071 Y70.079 E1.50153
G1 X82.938 Y70.263 E1.50523
G1 X82.779 Y70.675 E1.51242
G1 X82.754 Y70.929 E1.51658
G1 X82.754 Y72.081 E1.53535
G1 X82.779 Y72.966 E1.54977
G1 X82.925 Y73.355 E1.55654
G1 X83.169 Y73.661 E1.56292
G1 X83.586 Y73.922 E1.57093
G1 X84.053 Y74.008 E1.57867
G1 X84.68 Y74.008 E1.58888
G1 X84.68 Y77.022 E1.63798
G1 X84.052 Y77.022 E1.64821
G1 X83.584 Y77.108 E1.65596
G1 X83.167 Y77.368 E1.66396
G1 X82.976 Y77.59 E1.66873
G1 X82.812 Y77.927 E1.67484
G1 X82.751 Y78.32 E1.68132
G1 X82.75 Y80.225 E1.71235
G1 X82.907 Y80.697 E1.72045
G1 X83.061 Y80.923 E1.7249
G1 X83.283 Y81.128 E1.72982
G1 X83.57 Y81.286 E1.73516
G1 X84.047 Y81.378 E1.74307
G1 X84.68 Y81.379 E1.75338
G1 X84.68 Y84.68 E1.80715
G1 X67.32 Y84.68 E2.08993
G1 X67.32 Y67.32 E2.37271
G1 X70.154 Y67.32 E2.41887
G1 X70.153 Y67.922 E2.42868
G1 X70.221 Y68.336 E2.43551
G1 X70.371 Y68.643 E2.44108
G1 X70.578 Y68.884 E2.44626
G1 X70.81 Y69.052 E2.45093
G1 X71.042 Y69.155 E2.45506
G1 X71.452 Y69.222 E2.46183
G1 X73.26 Y69.222 E2.49128
G1 X73.602 Y69.139 E2.49701
G1 X73.986 Y68.915 E2.50425
G1 X74.267 Y68.58 E2.51137
G1 X74.395 Y68.284 E2.51662
G1 X74.446 Y67.923 E2.52256
G1 X74.446 Y67.32 E2.53238
G1 X76.907 Y67.32 E2.57247
G1 X76.907 Y67.923 E2.58229
G1 X76.958 Y68.284 E2.58823
G1 X77.086 Y68.58 E2.59348
G1 X77.233 Y68.783 E2.59756
G1 X77.479 Y68.999 E2.60289
G1 X77.791 Y69.154 E2.60856
G1 X78.206 Y69.222 E2.61541
G1 X79.895 Y69.222 E2.64292
G1 X80.303 Y69.156 E2.64965
G1 X80.536 Y69.053 E2.6538
G1 X80.784 Y68.87 E2.65882
G1 X80.999 Y68.607 E2.66435
G1 X81.135 Y68.309 E2.66969
G1 X81.194 Y67.922 E2.67607
G1 X81.194 Y67.32 E2.68588
G1 X84.68 Y67.32 E2.74266
G1 X84.68 Y69.63 E2.78029
G1 X83.76 Y69.664 E2.79529
G1 X83.298 Y69.873 E2.80355
G1 X83.196 Y69.965 E2.80579
M204 S1000
G1 X83.506 Y70.381 F6000
M204 S500
G1 F900
G1 X83.464 Y70.419 E2.80671
G1 X83.346 Y70.601 E2.81024
G1 X83.274 Y70.929 E2.81571
G1 X83.273 Y72.709 E2.8447
G1 X83.338 Y73.021 E2.84989
G1 X83.522 Y73.28 E2.85507
G1 X83.772 Y73.437 E2.85988
G1 X84.053 Y73.489 E2.86454
G1 X85.199 Y73.488 E2.88321
G1 X85.199 Y77.543 E2.94926
G1 X84.051 Y77.541 E2.96796
G1 X83.771 Y77.593 E2.9726
G1 X83.52 Y77.749 E2.97741
G1 X83.336 Y78.008 E2.98259
G1 X83.27 Y78.32 E2.98778
G1 X83.27 Y80.079 E3.01643
G1 X83.307 Y80.316 E3.02034
G1 X83.456 Y80.585 E3.02535
G1 X83.761 Y80.803 E3.03146
G1 X84.048 Y80.858 E3.03622
G1 X85.199 Y80.86 E3.05497
G1 X85.199 Y85.199 E3.12565
G1 X66.801 Y85.199 E3.42534
G1 X66.801 Y66.801 E3.72503
G1 X70.673 Y66.801 E3.7881
G1 X70.673 Y67.922 E3.80636
G1 X70.713 Y68.171 E3.81047
G1 X70.804 Y68.355 E3.81381
G1 X70.928 Y68.499 E3.81691
G1 X71.206 Y68.662 E3.82216
G1 X71.452 Y68.702 E3.82622
G1 X73.147 Y68.702 E3.85383
G1 X73.45 Y68.641 E3.85886
G1 X73.731 Y68.439 E3.8645
G1 X73.896 Y68.139 E3.87008
G1 X73.926 Y67.923 E3.87363
G1 X73.927 Y66.801 E3.89191
G1 X77.426 Y66.801 E3.94891
G1 X77.427 Y67.923 E3.96719
G1 X77.457 Y68.139 E3.97074
G1 X77.622 Y68.439 E3.97632
G1 X77.903 Y68.641 E3.98196
G1 X78.206 Y68.702 E3.98699
G1 X79.895 Y68.702 E4.0145
G1 X80.279 Y68.601 E4.02097
G1 X80.485 Y68.433 E4.0253
G1 X80.639 Y68.155 E4.03048
G1 X80.675 Y67.922 E4.03432
G1 X80.674 Y66.801 E4.05258
G1 X85.199 Y66.801 E4.12629
G1 X85.199 Y70.149 E4.18083
G1 X83.922 Y70.15 E4.20163
G1 X83.6 Y70.295 E4.20738
G1 X83.561 Y70.33 E4.20823
M204 S1000
G1 X83.876 Y70.748 F6000
M204 S500
;TYPE:External perimeter
G1 F720
G1 X83.857 Y70.759 E4.20859
G1 X83.793 Y70.929 E4.21155
G1 X83.793 Y72.082 E4.23033
G1 X83.798 Y72.761 E4.24139
G1 X83.876 Y72.9 E4.24399
G1 X84.052 Y72.969 E4.24707
G1 X85.719 Y72.968 E4.27422
G1 X85.719 Y78.063 E4.35721
G1 X83.981 Y78.061 E4.38552
G1 X83.85 Y78.154 E4.38814
G1 X83.79 Y78.32 E4.39102
G1 X83.789 Y80.141 E4.42068
G1 X83.896 Y80.289 E4.42365
G1 X84.049 Y80.339 E4.42627
G1 X85.719 Y80.341 E4.45347
G1 X85.719 Y85.719 E4.54107
G1 X66.281 Y85.719 E4.8577
G1 X66.281 Y66.281 E5.17433
G1 X71.193 Y66.281 E5.25434
G1 X71.192 Y67.985 E5.2821
G1 X71.277 Y68.115 E5.28463
G1 X71.452 Y68.183 E5.28769
G1 X73.173 Y68.183 E5.31572
G1 X73.341 Y68.095 E5.31881
G1 X73.407 Y67.923 E5.32181
G1 X73.407 Y66.281 E5.34856
G1 X77.945 Y66.281 E5.42248
G1 X77.946 Y67.979 E5.45014
G1 X78.038 Y68.121 E5.4529
G1 X78.206 Y68.183 E5.45582
G1 X79.977 Y68.169 E5.48467
G1 X80.092 Y68.093 E5.48692
G1 X80.155 Y67.923 E5.48987
G1 X80.154 Y66.281 E5.51662
G1 X85.719 Y66.281 E5.60727
G1 X85.719 Y70.669 E5.67875
G1 X84.006 Y70.67 E5.70665
G1 X83.94 Y70.709 E5.7079
G1 X83.803 Y71.19 F6000
G1 E4.2079 F1200
G92 E0
M204 S1000
G1 X80.45 Y69.516 F6000
G1 E1.5 F1200
M204 S500
;TYPE:Internal infill
;WIDTH:0.5625
G1 X81.048 Y69.157 E1.51136
G1 X81.346 Y68.788 E1.51909
G1 X81.509 Y68.423 E1.5256
G1 X81.584 Y67.71 E1.53728
G1 X82.406 Y67.71 E1.55067
G1 X83.948 Y69.252 E1.58619
G1 X84.29 Y69.241 E1.59176
G1 X84.29 Y67.71 E1.6167
G1 X67.71 Y84.29 E1.99865
G1 X67.71 Y82.406 E2.02934
G1 X69.594 Y84.29 E2.07274
G1 X75.058 Y84.29 E2.16174
G1 X84.29 Y75.058 E2.37441
G1 X84.29 Y76.632 E2.40005
G1 X83.989 Y76.641 E2.40496
G1 X75.058 Y67.71 E2.6107
G1 X76.517 Y67.71 E2.63447
G1 X76.543 Y68.109 E2.64098
G1 X67.71 Y76.942 E2.84446
G1 X67.71 Y75.058 E2.87515
G1 X76.942 Y84.29 E3.08782
G1 X82.406 Y84.29 E3.17682
G1 X84.29 Y82.406 E3.22022
G1 X84.29 Y84.29 E3.25091
G1 X67.71 Y67.71 E3.63286
G1 X67.71 Y69.594 E3.66355
G1 X69.594 Y67.71 E3.70695
G1 X69.764 Y67.71 E3.70972
G1 X69.849 Y68.458 E3.72198
G1 X70.046 Y68.859 E3.72926
G1 X70.315 Y69.172 E3.73598
G1 X70.918 Y69.525 E3.74736
G1 X71.54 Y69.611 E3.75759
M106 S15.3
;LAYER_CHANGE
;Z:15.9
;HEIGHT:0.2
G1 E2.25759 F1200
G92 E0
G1 Z15.9 F6000
M204 S1000
G1 X83.142 Y69.897
G1 E1.5 F1200
M204 S500
;TYPE:Perimeter
;WIDTH:0.562499
G1 F900
G1 X83.067 Y69.964 E1.50164
G1 X82.936 Y70.148 E1.50532
G1 X82.781 Y70.551 E1.51235
G1 X82.755 Y70.809 E1.51657
G1 X82.754 Y71.954 E1.53522
G1 X82.78 Y72.852 E1.54985
G1 X82.898 Y73.186 E1.55562
G1 X83.166 Y73.542 E1.56288
G1 X83.542 Y73.786 E1.57018
G1 X84.053 Y73.891 E1.57868
G1 X84.68 Y73.891 E1.58889
G1 X84.68 Y77.134 E1.64172
G1 X84.052 Y77.133 E1.65195
G1 X83.54 Y77.237 E1.66046
G1 X83.165 Y77.481 E1.66775
G1 X82.984 Y77.689 E1.67224
G1 X82.818 Y78.02 E1.67827
G1 X82.751 Y78.431 E1.68505
G1 X82.75 Y80.339 E1.71613
G1 X82.911 Y80.817 E1.72435
G1 X83.069 Y81.044 E1.72886
G1 X83.296 Y81.251 E1.73386
G1 X83.588 Y81.407 E1.73925
G1 X84.048 Y81.491 E1.74687
G1 X84.68 Y81.492 E1.75716
G1 X84.68 Y84.68 E1.80909
G1 X67.32 Y84.68 E2.09187
G1 X67.32 Y67.32 E2.37465
G1 X70.041 Y67.32 E2.41897
G1 X70.041 Y67.922 E2.42878
G1 X70.101 Y68.315 E2.43526
G1 X70.249 Y68.629 E2.44091
G1 X70.456 Y68.875 E2.44615
G1 X70.69 Y69.048 E2.45089
G1 X70.925 Y69.154 E2.45509
G1 X71.34 Y69.222 E2.46194
G1 X73.154 Y69.222 E2.49149
G1 X73.507 Y69.133 E2.49742
G1 X73.878 Y68.911 E2.50446
G1 X74.14 Y68.604 E2.51103
G1 X74.265 Y68.339 E2.5158
G1 X74.333 Y67.924 E2.52265
G1 X74.333 Y67.32 E2.53249
G1 X77.033 Y67.32 E2.57647
G1 X77.033 Y67.924 E2.58631
G1 X77.102 Y68.339 E2.59316
G1 X77.226 Y68.604 E2.59793
G1 X77.364 Y68.788 E2.60168
G1 X77.594 Y68.992 E2.60669
G1 X77.9 Y69.148 E2.61228
G1 X78.332 Y69.222 E2.61942
G1 X80.023 Y69.222 E2.64697
G1 X80.442 Y69.153 E2.65389
G1 X80.678 Y69.045 E2.65812
G1 X80.928 Y68.855 E2.66323
G1 X81.141 Y68.585 E2.66883
G1 X81.271 Y68.283 E2.67419
G1 X81.322 Y67.922 E2.68013
G1 X81.322 Y67.32 E2.68994
G1 X84.68 Y67.32 E2.74464
G1 X84.68 Y69.51 E2.78031
G1 X83.788 Y69.538 E2.79485
G1 X83.311 Y69.744 E2.80331
G1 X83.198 Y69.846 E2.80579
M204 S1000
G1 X83.507 Y70.262 F6000
M204 S500
G1 F900
G1 X83.462 Y70.302 E2.80677
G1 X83.349 Y70.476 E2.81015
G1 X83.274 Y70.809 E2.81571
G1 X83.274 Y71.954 E2.83436
G1 X83.299 Y72.791 E2.848
G1 X83.457 Y73.095 E2.85358
G1 X83.746 Y73.309 E2.85944
G1 X84.053 Y73.372 E2.86455
G1 X85.199 Y73.371 E2.88322
G1 X85.199 Y77.654 E2.95299
G1 X84.051 Y77.652 E2.97169
G1 X83.744 Y77.715 E2.9768
G1 X83.519 Y77.861 E2.98117
G1 X83.341 Y78.108 E2.98613
G1 X83.271 Y78.431 E2.99151
G1 X83.27 Y80.192 E3.0202
G1 X83.308 Y80.432 E3.02416
G1 X83.461 Y80.704 E3.02924
G1 X83.773 Y80.921 E3.03543
G1 X84.048 Y80.972 E3.03999
G1 X85.199 Y80.973 E3.05874
G1 X85.199 Y85.199 E3.12758
G1 X66.801 Y85.199 E3.42727
G1 X66.801 Y66.801 E3.72696
G1 X70.561 Y66.801 E3.78821
G1 X70.56 Y67.923 E3.80649
G1 X70.597 Y68.158 E3.81037
G1 X70.685 Y68.346 E3.81375
G1 X70.81 Y68.494 E3.81691
G1 X71.091 Y68.661 E3.82223
G1 X71.34 Y68.702 E3.82634
G1 X73.034 Y68.702 E3.85393
G1 X73.347 Y68.637 E3.85914
G1 X73.615 Y68.442 E3.86454
G1 X73.772 Y68.172 E3.86963
G1 X73.813 Y67.923 E3.87374
G1 X73.814 Y66.801 E3.89202
G1 X77.552 Y66.801 E3.95291
G1 X77.553 Y67.923 E3.97119
G1 X77.594 Y68.172 E3.9753
G1 X77.751 Y68.442 E3.98039
G1 X78.019 Y68.637 E3.98579
G1 X78.332 Y68.702 E3.991
G1 X80.023 Y68.702 E4.01855
G1 X80.274 Y68.661 E4.02269
G1 X80.416 Y68.596 E4.02523
G1 X80.615 Y68.43 E4.02945
G1 X80.772 Y68.139 E4.03484
G1 X80.803 Y67.922 E4.03841
G1 X80.802 Y66.801 E4.05667
G1 X85.199 Y66.801 E4.12829
G1 X85.199 Y70.03 E4.18089
G1 X83.932 Y70.03 E4.20153
G1 X83.608 Y70.17 E4.20728
G1 X83.562 Y70.211 E4.20828
M204 S1000
G1 X83.877 Y70.628 F6000
M204 S500
;TYPE:External perimeter
G1 F720
G1 X83.856 Y70.641 E4.20868
G1 X83.794 Y70.81 E4.21161
G1 X83.793 Y71.954 E4.23024
G1 X83.798 Y72.644 E4.24148
G1 X83.875 Y72.782 E4.24405
G1 X84.053 Y72.852 E4.24717
G1 X85.719 Y72.851 E4.27431
G1 X85.719 Y78.174 E4.36102
G1 X83.976 Y78.172 E4.38941
G1 X83.852 Y78.264 E4.39193
G1 X83.79 Y78.432 E4.39485
G1 X83.789 Y80.255 E4.42455
G1 X83.899 Y80.404 E4.42757
G1 X84.049 Y80.452 E4.43014
G1 X85.719 Y80.454 E4.45734
G1 X85.719 Y85.719 E4.5431
G1 X66.281 Y85.719 E4.85973
G1 X66.281 Y66.281 E5.17636
G1 X71.081 Y66.281 E5.25455
G1 X71.08 Y67.982 E5.28226
G1 X71.163 Y68.113 E5.28479
G1 X71.34 Y68.183 E5.28789
G1 X73.062 Y68.183 E5.31594
G1 X73.228 Y68.096 E5.31899
G1 X73.294 Y67.923 E5.32201
G1 X73.294 Y66.281 E5.34876
G1 X78.072 Y66.281 E5.42659
G1 X78.073 Y67.986 E5.45436
G1 X78.164 Y68.12 E5.457
G1 X78.332 Y68.183 E5.45992
G1 X80.107 Y68.169 E5.48883
G1 X80.22 Y68.092 E5.49106
G1 X80.283 Y67.923 E5.494
G1 X80.282 Y66.281 E5.52075
G1 X85.719 Y66.281 E5.60931
G1 X85.719 Y70.549 E5.67883
G1 X84.01 Y70.55 E5.70667
G1 X83.941 Y70.59 E5.70797
G1 X83.803 Y71.071 F6000
M204 S1000
G1 X82.458 Y73.124
M204 S500
;TYPE:Internal infill
;WIDTH:0.5625
G1 F1200
G1 X82.667 Y73.558 E5.71582
G1 X83.103 Y73.989 E5.72581
G1 X83.394 Y74.149 E5.73122
G1 X84.29 Y74.281 E5.74597
G1 X84.29 Y75.058 E5.75863
G1 X75.058 Y84.29 E5.9713
G1 X76.942 Y84.29 E6.00199
G1 X67.71 Y75.058 E6.21466
G1 X67.71 Y76.942 E6.24535
G1 X76.654 Y67.998 E6.45139
G1 X76.644 Y67.71 E6.45608
G1 X75.058 Y67.71 E6.48191
G1 X84.091 Y76.743 E6.69
G1 X83.393 Y76.875 E6.70157
G1 X83.102 Y77.034 E6.70697
G1 X82.759 Y77.343 E6.71449
G1 X82.447 Y77.897 E6.72485
G1 X82.368 Y78.28 E6.73122
G1 X82.366 Y78.862 E6.7407
G1 E5.2407
G92 E0
M204 S1000
G1 X79.289 Y84.29 F6000
G1 E1.5 F1200
M204 S500
G1 X82.406 Y84.29 E1.55077
G1 X84.29 Y82.406 E1.59417
G1 X84.29 Y84.29 E1.62486
G1 X67.71 Y67.71 E2.00681
G1 X67.71 Y69.594 E2.0375
G1 X69.594 Y67.71 E2.0809
G1 X69.651 Y67.71 E2.08183
G1 X69.728 Y68.431 E2.09364
G1 X69.921 Y68.84 E2.10101
G1 X70.19 Y69.161 E2.10783
G1 X70.799 Y69.523 E2.11937
G1 X71.54 Y69.612 E2.13153
G1 E.63153
G92 E0
M204 S1000
G1 X80.454 Y69.542 F6000
G1 E1.5 F1200
M204 S500
G1 X80.876 Y69.382 E1.50735
G1 X81.196 Y69.138 E1.51391
G1 X81.478 Y68.781 E1.52132
G1 X81.647 Y68.39 E1.52826
G1 X81.712 Y67.71 E1.53939
G1 X82.406 Y67.71 E1.55069
G1 X83.838 Y69.143 E1.58369
G1 X84.29 Y69.121 E1.59106
G1 X84.29 Y67.71 E1.61404
G1 X67.71 Y84.29 E1.99599
G1 X67.71 Y82.406 E2.02668
G1 X69.594 Y84.29 E2.07008
G1 X72.711 Y84.29 E2.12085
M106 S25.5
;LAYER_CHANGE
;Z:16.1
;HEIGHT:0.200001
G1 E.62085 F1200
G92 E0
G1 Z16.1 F6000
M204 S1000
G1 X83.136 Y81.219
G1 E1.5 F1200
M204 S500
;TYPE:Perimeter
;WIDTH:0.562499
G1 F900
G1 X83.309 Y81.373 E1.50377
G1 X83.608 Y81.527 E1.50925
G1 X84.048 Y81.605 E1.51653
G1 X84.68 Y81.605 E1.52682
G1 X84.68 Y84.68 E1.57691
G1 X67.32 Y84.68 E1.85969
G1 X67.32 Y67.32 E2.14247
G1 X71.611 Y67.32 E2.21237
;TYPE:Overhang perimeter
;WIDTH:0.5
;HEIGHT:0.5
M106 S255
G1 F3600
G1 X72.763 Y67.32 E2.24783
M106 S25.5
;TYPE:Perimeter
;WIDTH:0.562499
;HEIGHT:0.2
G1 F900
G1 X78.603 Y67.32 E2.34296
;TYPE:Overhang perimeter
;WIDTH:0.5
;HEIGHT:0.5
M106 S255
G1 F3600
G1 X79.751 Y67.32 E2.37829
M106 S25.5
;TYPE:Perimeter
;WIDTH:0.562499
;HEIGHT:0.2
G1 F900
G1 X84.68 Y67.32 E2.45858
G1 X84.68 Y71.081 E2.51984
;TYPE:Overhang perimeter
;WIDTH:0.5
;HEIGHT:0.5
M106 S255
G1 F3600
G1 X84.68 Y72.321 E2.55801
M106 S25.5
;TYPE:Perimeter
;WIDTH:0.562499
;HEIGHT:0.2
G1 F900
G1 X84.68 Y77.245 E2.63822
G1 X84.052 Y77.244 E2.64845
G1 X83.629 Y77.314 E2.65543
G1 X83.195 Y77.565 E2.6636
G1 X82.932 Y77.883 E2.67032
G1 X82.798 Y78.198 E2.6759
G1 X82.751 Y78.542 E2.68156
G1 X82.751 Y80.454 E2.71271
G1 X82.915 Y80.937 E2.72102
G1 X83.077 Y81.166 E2.72559
G1 X83.08 Y81.169 E2.72566
M204 S1000
G1 X83.508 Y80.85 F6000
M204 S500
G1 F900
G1 X83.784 Y81.039 E2.73111
G1 X84.049 Y81.085 E2.73549
G1 X85.199 Y81.087 E2.75422
G1 X85.199 Y85.199 E2.8212
G1 X66.801 Y85.199 E3.12089
G1 X66.801 Y66.801 E3.42058
G1 X71.612 Y66.801 E3.49895
;TYPE:Overhang perimeter
;WIDTH:0.5
;HEIGHT:0.5
M106 S255
G1 F3600
G1 X72.763 Y66.801 E3.53438
M106 S25.5
;TYPE:Perimeter
;WIDTH:0.562499
;HEIGHT:0.2
G1 F900
G1 X78.603 Y66.801 E3.62951
;TYPE:Overhang perimeter
;WIDTH:0.5
;HEIGHT:0.5
M106 S255
G1 F3600
G1 X79.751 Y66.801 E3.66484
M106 S25.5
;TYPE:Perimeter
;WIDTH:0.562499
;HEIGHT:0.2
G1 F900
G1 X85.199 Y66.801 E3.75358
G1 X85.199 Y71.081 E3.8233
;TYPE:Overhang perimeter
;WIDTH:0.5
;HEIGHT:0.5
M106 S255
G1 F3600
G1 X85.199 Y72.32 E3.86143
M106 S25.5
;TYPE:Perimeter
;WIDTH:0.562499
;HEIGHT:0.2
G1 F900
G1 X85.199 Y77.765 E3.95013
G1 X84.051 Y77.764 E3.96883
G1 X83.798 Y77.806 E3.97301
G1 X83.537 Y77.956 E3.97791
G1 X83.345 Y78.21 E3.9831
G1 X83.271 Y78.543 E3.98866
G1 X83.27 Y80.305 E4.01736
G1 X83.309 Y80.548 E4.02137
G1 X83.454 Y80.801 E4.02612
M204 S1000
G1 X83.873 Y80.481 F6000
M204 S500
;TYPE:External perimeter
G1 F720
G1 X83.901 Y80.519 E4.02689
G1 X84.049 Y80.565 E4.02941
G1 X85.719 Y80.568 E4.05661
G1 X85.719 Y85.719 E4.14052
G1 X66.281 Y85.719 E4.45715
G1 X66.281 Y66.281 E4.77378
G1 X71.612 Y66.281 E4.86062
;TYPE:Overhang perimeter
;WIDTH:0.5
;HEIGHT:0.5
M106 S255
G1 F3600
G1 X72.763 Y66.281 E4.89605
M106 S25.5
;TYPE:External perimeter
;WIDTH:0.562499
;HEIGHT:0.2
G1 F720
G1 X78.603 Y66.281 E4.99118
;TYPE:Overhang perimeter
;WIDTH:0.5
;HEIGHT:0.5
M106 S255
G1 F3600
G1 X79.751 Y66.281 E5.02651
M106 S25.5
;TYPE:External perimeter
;WIDTH:0.562499
;HEIGHT:0.2
G1 F720
G1 X85.719 Y66.281 E5.12372
G1 X85.719 Y71.08 E5.20189
;TYPE:Overhang perimeter
;WIDTH:0.5
;HEIGHT:0.5
M106 S255
G1 F3600
G1 X85.719 Y72.32 E5.24006
M106 S25.5
;TYPE:External perimeter
;WIDTH:0.562499
;HEIGHT:0.2
G1 F720
G1 X85.719 Y78.285 E5.33723
G1 X83.987 Y78.283 E5.36544
G1 X83.857 Y78.369 E5.36798
G1 X83.791 Y78.543 E5.37101
G1 X83.79 Y80.369 E5.40075
G1 X83.828 Y80.421 E5.4018
G1 X84.31 Y80.555 F6000
M204 S1000
G1 X82.367 Y78.861
M204 S500
;TYPE:Internal infill
;WIDTH:0.5625
G1 F1200
G1 X82.369 Y78.378 E5.40967
G1 X82.465 Y77.961 E5.41664
G1 X82.794 Y77.414 E5.42704
G1 X83.159 Y77.108 E5.4348
G1 X83.506 Y76.943 E5.44106
G1 X84.202 Y76.854 E5.45249
G1 X75.058 Y67.71 E5.66314
G1 X76.282 Y67.71 E5.68308
G1 X76.329 Y68.323 E5.69309
G1 X67.71 Y76.942 E5.89164
G1 X67.71 Y75.058 E5.92233
G1 X76.942 Y84.29 E6.135
G1 X75.058 Y84.29 E6.16569
G1 X84.29 Y75.058 E6.37836
G1 X84.29 Y74.624 E6.38543
G1 X83.442 Y74.515 E6.39936
G1 X82.851 Y74.162 E6.41057
G1 X82.54 Y73.796 E6.41839
G1 X82.294 Y73.196 E6.42895
G1 E4.92895
G92 E0
M204 S1000
G1 X80.514 Y69.643 F6000
G1 E1.5 F1200
M204 S500
G1 X80.956 Y69.457 E1.50781
G1 X81.285 Y69.203 E1.51458
G1 X81.557 Y68.859 E1.52172
G1 X81.758 Y68.383 E1.53014
G1 X81.821 Y67.71 E1.54115
G1 X82.406 Y67.71 E1.55068
G1 X83.739 Y69.043 E1.58139
G1 X84.29 Y69.012 E1.59038
G1 X84.29 Y67.71 E1.61159
G1 X67.71 Y84.29 E1.99354
G1 X67.71 Y82.406 E2.02423
G1 X69.594 Y84.29 E2.06763
G1 X72.711 Y84.29 E2.1184
G1 E.6184
G92 E0
M204 S1000
G1 X79.289 Y84.29 F6000
G1 E1.5 F1200
M204 S500
G1 X82.406 Y84.29 E1.55077
G1 X84.29 Y82.406 E1.59417
G1 X84.29 Y84.29 E1.62486
G1 X67.71 Y67.71 E2.00681
G1 X67.71 Y69.594 E2.0375
G1 X69.542 Y67.762 E2.0797
G1 X69.64 Y68.5 E2.09183
G1 X69.813 Y68.867 E2.09844
G1 X70.094 Y69.216 E2.10574
G1 X70.415 Y69.463 E2.11234
G1 X70.74 Y69.616 E2.11819
G1 X71.479 Y69.721 E2.13035
M204 S1000
G1 X69.829 Y67.78 F6000
M204 S500
;TYPE:Bridge infill
;WIDTH:0.61
;HEIGHT:0.5
M106 S255
G1 F3600
G1 X74.523 Y67.78 E2.34539
G1 X74.487 Y68.212 E2.36525
G1 X74.398 Y68.44 E2.37646
G1 X70.203 Y68.44 E2.56864
G1 X70.283 Y68.609 E2.57721
G1 X70.483 Y68.848 E2.59149
G1 X70.71 Y69.016 E2.60443
G1 X70.897 Y69.1 E2.61382
G1 X74.203 Y69.1 E2.76527
M106 S25.5
G1 E1.26527 F1200
G92 E0
M204 S1000
G1 X81.534 Y67.78 F6000
G1 E1.5 F1200
M204 S500
M106 S255
G1 F3600
G1 X76.817 Y67.78 E1.71609
G1 X76.853 Y68.212 E1.73595
G1 X76.942 Y68.44 E1.74716
G1 X81.162 Y68.44 E1.94048
G1 X81.105 Y68.571 E1.94702
G1 X80.911 Y68.82 E1.96148
G1 X80.656 Y69.014 E1.97616
G1 X80.466 Y69.1 E1.98571
G1 X77.139 Y69.1 E2.13812
M106 S25.5
G1 E.63812 F1200
G92 E0
M204 S1000
G1 X84.22 Y69.299 F6000
G1 E1.5 F1200
M204 S500
M106 S255
G1 F3600
G1 X84.22 Y74.089 E1.71943
G1 X84.076 Y74.089 E1.72603
G1 X83.64 Y74.017 E1.74627
G1 X83.56 Y73.979 E1.75033
G1 X83.56 Y69.682 E1.94718
G1 X83.324 Y69.783 E1.95894
G1 X83.093 Y69.993 E1.97324
G1 X82.964 Y70.173 E1.98338
G1 X82.9 Y70.314 E1.99047
G1 X82.9 Y73.786 E2.14953
M106 S25.5
M106 S15.3
;LAYER_CHANGE
;Z:16.3
;HEIGHT:0.199999
G1 E.64953 F1200
G92 E0
G1 Z16.3 F6000
M204 S1000
G1 X84.68 Y84.68
G1 E1.5 F1200
M204 S500
;TYPE:Perimeter
;WIDTH:0.562499
G1 F900
G1 X67.32 Y84.68 E1.78278
G1 X67.32 Y67.32 E2.06556
G1 X84.68 Y67.32 E2.34834
G1 X84.68 Y78.815 E2.53559
;TYPE:Overhang perimeter
;WIDTH:0.5
;HEIGHT:0.5
M106 S255
G1 F3600
G1 X84.68 Y80.035 E2.57314
M106 S15.3
;TYPE:Perimeter
;WIDTH:0.562499
;HEIGHT:0.2
G1 F900
G1 X84.68 Y84.605 E2.64758
M204 S1000
G1 X85.199 Y85.199 F6000
M204 S500
G1 F900
G1 X66.801 Y85.199 E2.94727
G1 X66.801 Y66.801 E3.24696
G1 X85.199 Y66.801 E3.54665
G1 X85.199 Y78.816 E3.74237
;TYPE:Overhang perimeter
;WIDTH:0.5
;HEIGHT:0.5
M106 S255
G1 F3600
G1 X85.199 Y80.036 E3.77992
M106 S15.3
;TYPE:Perimeter
;WIDTH:0.562499
;HEIGHT:0.2
G1 F900
G1 X85.199 Y85.124 E3.8628
M204 S1000
G1 X85.719 Y85.719 F6000
M204 S500
;TYPE:External perimeter
G1 F720
G1 X66.281 Y85.719 E4.17943
G1 X66.281 Y66.281 E4.49606
G1 X85.719 Y66.281 E4.81269
G1 X85.719 Y78.817 E5.01689
;TYPE:Overhang perimeter
;WIDTH:0.5
;HEIGHT:0.5
M106 S255
G1 F3600
G1 X85.719 Y80.036 E5.05441
M106 S15.3
;TYPE:External perimeter
;WIDTH:0.562499
;HEIGHT:0.2
G1 F720
G1 X85.719 Y85.644 E5.14576
G1 X85.224 Y85.718 F6000
G1 E3.64576 F1200
G92 E0
M204 S1000
G1 X84.22 Y81.816 F6000
G1 E1.5 F1200
M204 S500
;TYPE:Bridge infill
;WIDTH:0.61
;HEIGHT:0.5
M106 S255
G1 F3600
G1 X84.22 Y77.058 E1.71797
G1 X84.078 Y77.058 E1.72448
G1 X83.56 Y77.163 E1.74869
G1 X83.56 Y81.459 E1.94549
G1 X83.329 Y81.34 E1.95739
G1 X83.105 Y81.141 E1.97112
G1 X82.947 Y80.918 E1.98364
G1 X82.9 Y80.81 E1.98904
G1 X82.9 Y77.343 E2.14787
M106 S15.3
G1 E.64787 F1200
G92 E0
M204 S1000
G1 X83.283 Y72.636 F6000
G1 E1.5 F1200
M204 S500
;TYPE:Solid infill
;WIDTH:0.540979
;HEIGHT:0.2
G1 F1080
G1 X83.284 Y70.739 E1.52962
;WIDTH:0.540105
G1 X83.401 Y70.415 E1.53499
;WIDTH:0.533016
G1 X83.594 Y70.206 E1.53936
G1 X83.785 Y70.118 E1.54259
G1 X83.785 Y70.293 E1.54528
;WIDTH:0.540105
G1 X83.782 Y70.86 E1.55412
;WIDTH:0.540979
G1 X83.787 Y72.838 E1.58501
;WIDTH:0.528674
G1 X83.787 Y73.422 E1.5939
G1 X83.602 Y73.333 E1.59703
G1 X83.347 Y73.005 E1.60336
;WIDTH:0.532439
G1 X83.327 Y72.892 E1.60512
;WIDTH:0.562499
G1 X82.813 Y72.893 E1.61349
G1 X82.844 Y73.094 E1.6168
G1 X82.976 Y73.364 E1.6217
G1 X83.287 Y73.725 E1.62946
G1 X83.604 Y73.899 E1.63535
G1 X84.085 Y73.985 E1.64331
G1 X84.29 Y73.986 E1.64665
G1 X84.29 Y69.531 E1.71922
G1 X83.788 Y69.566 E1.72742
G1 X83.263 Y69.825 E1.73696
G1 X82.965 Y70.146 E1.74409
G1 X82.776 Y70.705 E1.7537
G1 X82.774 Y72.636 E1.78515
G1 E.28515 F1200
G92 E0
M204 S1000
G1 X80.514 Y69.643 F6000
G1 E1.5 F1200
M204 S500
;TYPE:Internal infill
;WIDTH:0.5625
G1 X80.956 Y69.457 E1.50781
G1 X81.285 Y69.203 E1.51458
G1 X81.557 Y68.859 E1.52172
G1 X81.758 Y68.383 E1.53014
G1 X81.821 Y67.71 E1.54115
G1 X82.406 Y67.71 E1.55068
G1 X83.739 Y69.043 E1.58139
G1 X84.29 Y69.012 E1.59038
G1 X84.29 Y67.71 E1.61159
G1 X67.71 Y84.29 E1.99354
G1 X67.71 Y82.406 E2.02423
G1 X69.594 Y84.29 E2.06763
G1 X75.058 Y84.29 E2.15663
G1 X84.29 Y75.058 E2.3693
G1 X84.29 Y76.523 E2.39316
G1 X83.896 Y76.548 E2.39959
G1 X75.058 Y67.71 E2.60319
G1 X76.408 Y67.71 E2.62518
G1 X76.446 Y68.206 E2.63328
G1 X67.71 Y76.942 E2.83453
G1 X67.71 Y75.058 E2.86522
G1 X76.942 Y84.29 E3.07789
G1 X82.406 Y84.29 E3.16689
G1 X84.29 Y82.406 E3.21029
G1 X84.29 Y84.29 E3.24098
G1 X67.71 Y67.71 E3.62293
G1 X67.71 Y69.594 E3.65362
G1 X69.542 Y67.762 E3.69582
G1 X69.64 Y68.5 E3.70795
G1 X69.813 Y68.867 E3.71456
G1 X70.094 Y69.216 E3.72186
G1 X70.415 Y69.463 E3.72846
G1 X70.74 Y69.616 E3.73431
G1 X71.479 Y69.721 E3.74647
M204 S1000
G1 X70.087 Y67.969 F6000
M204 S500
;TYPE:Solid infill
;WIDTH:0.562499
G1 F1080
G1 X70.113 Y68.23 E3.75074
G1 X70.263 Y68.603 E3.75729
G1 X70.527 Y68.896 E3.76371
G1 X70.914 Y69.125 E3.77103
G1 X71.421 Y69.201 E3.77938
G1 X73.014 Y69.201 E3.80533
G1 X73.565 Y69.123 E3.81439
G1 X73.905 Y68.938 E3.8207
G1 X74.199 Y68.635 E3.82758
G1 X74.365 Y68.295 E3.83374
G1 X74.424 Y67.71 E3.84332
G1 X70.062 Y67.71 E3.91437
G1 X70.619 Y68.2 E3.92645
;WIDTH:0.503669
G1 X70.763 Y68.2 E3.92853
;WIDTH:0.528422
G1 X71.421 Y68.213 E3.93855
;WIDTH:0.528611
G1 X73.277 Y68.207 E3.96681
;WIDTH:0.517072
G1 X73.86 Y68.207 E3.97548
G1 X73.738 Y68.422 E3.97915
G1 X73.44 Y68.642 E3.98466
;WIDTH:0.528611
G1 X72.994 Y68.698 E3.9915
G1 X71.421 Y68.698 E4.01545
;WIDTH:0.528422
G1 X71.092 Y68.658 E4.02049
;WIDTH:0.503669
G1 X70.806 Y68.493 E4.02526
G1 X70.759 Y68.419 E4.02653
G1 E2.52653 F1200
G92 E0
M204 S1000
G1 X76.952 Y67.969 F6000
G1 E1.5 F1200
M204 S500
;WIDTH:0.562499
G1 F1080
G1 X76.979 Y68.263 E1.50481
G1 X77.191 Y68.686 E1.51252
G1 X77.577 Y69.031 E1.52095
G1 X78.041 Y69.191 E1.52894
G1 X79.827 Y69.2 E1.55803
G1 X80.329 Y69.142 E1.56626
G1 X80.652 Y69.032 E1.57182
G1 X80.956 Y68.779 E1.57826
G1 X81.144 Y68.514 E1.58355
G1 X81.251 Y68.234 E1.58843
G1 X81.301 Y67.71 E1.597
G1 X76.928 Y67.71 E1.66823
G1 X77.499 Y68.21 E1.68059
;WIDTH:0.523714
G1 X78.149 Y68.21 E1.69039
;WIDTH:0.528141
G1 X80.236 Y68.199 E1.72214
;WIDTH:0.501987
G1 X80.748 Y68.199 E1.72951
G1 X80.575 Y68.473 E1.73417
G1 X80.382 Y68.616 E1.73763
;WIDTH:0.528141
G1 X79.846 Y68.698 E1.74588
G1 X78.148 Y68.691 E1.77171
;WIDTH:0.523714
G1 X77.954 Y68.65 E1.7747
G1 X77.635 Y68.43 E1.78054
M106 S7.65
;LAYER_CHANGE
;Z:16.5
;HEIGHT:0.200001
G1 E.28054 F1200
G92 E0
G1 Z16.5 F6000
M204 S1000
G1 X84.68 Y84.68
G1 E1.5 F1200
M204 S500
;TYPE:Perimeter
;WIDTH:0.562499
G1 F900
G1 X67.32 Y84.68 E1.78278
G1 X67.32 Y67.32 E2.06556
G1 X84.68 Y67.32 E2.34834
G1 X84.68 Y84.605 E2.6299
M204 S1000
G1 X85.199 Y85.199 F6000
M204 S500
G1 F900
G1 X66.801 Y85.199 E2.92959
G1 X66.801 Y66.801 E3.22928
G1 X85.199 Y66.801 E3.52897
G1 X85.199 Y85.124 E3.82744
M204 S1000
G1 X85.719 Y85.719 F6000
M204 S500
;TYPE:External perimeter
G1 F720
G1 X66.281 Y85.719 E4.14407
G1 X66.281 Y66.281 E4.4607
G1 X85.719 Y66.281 E4.77733
G1 X85.719 Y85.644 E5.09274
G1 X85.224 Y85.718 F6000
G1 E3.59274 F1200
G92 E0
M204 S1000
G1 X84.048 Y77.161 F6000
G1 E1.5 F1200
M204 S500
;TYPE:Solid infill
G1 F1080
G1 X84.29 Y77.155 E1.50394
G1 X84.29 Y81.583 E1.57607
G1 X84.081 Y81.582 E1.57947
G1 X83.671 Y81.508 E1.58626
G1 X83.31 Y81.343 E1.59273
G1 X82.991 Y81.004 E1.60031
G1 X82.821 Y80.59 E1.6076
G1 X82.771 Y80.179 E1.61434
G1 X82.781 Y78.31 E1.64479
G1 X82.919 Y77.857 E1.6525
G1 X83.12 Y77.575 E1.65814
G1 X83.528 Y77.272 E1.66642
G1 X83.794 Y77.215 E1.67085
G1 X83.783 Y77.736 E1.67934
;WIDTH:0.537862
G1 X83.783 Y78.394 E1.68955
;WIDTH:0.542443
G1 X83.783 Y80.348 E1.72015
;WIDTH:0.537337
G1 X83.783 Y81.013 E1.73046
G1 X83.616 Y80.932 E1.73334
G1 X83.457 Y80.785 E1.7367
G1 X83.302 Y80.427 E1.74275
;WIDTH:0.542443
G1 X83.281 Y80.166 E1.74685
G1 X83.288 Y78.392 E1.77463
;WIDTH:0.537862
G1 X83.329 Y78.177 E1.77803
G1 X83.513 Y77.896 E1.78324
G1 X83.559 Y77.869 E1.78407
G1 E.28407 F1200
G92 E0
M204 S1000
G1 X83.788 Y69.566 F6000
G1 E1.5 F1200
M204 S500
;WIDTH:0.562499
G1 F1080
G1 X84.29 Y69.531 E1.5082
G1 X84.29 Y73.869 E1.57886
G1 X84.088 Y73.868 E1.58215
G1 X83.634 Y73.779 E1.58969
G1 X83.411 Y73.686 E1.59363
G1 X83.013 Y73.327 E1.60236
G1 X82.824 Y72.927 E1.60957
G1 X82.775 Y72.512 E1.61638
G1 X82.776 Y70.705 E1.64581
G1 X82.965 Y70.146 E1.65542
G1 X83.263 Y69.825 E1.66255
G1 X83.555 Y69.681 E1.66785
G1 X83.785 Y70.118 E1.67589
;WIDTH:0.533025
G1 X83.785 Y70.293 E1.67858
;WIDTH:0.540111
G1 X83.782 Y70.86 E1.68742
;WIDTH:0.540811
G1 X83.788 Y72.713 E1.71634
;WIDTH:0.52721
G1 X83.788 Y73.298 E1.72522
G1 X83.734 Y73.287 E1.72606
G1 X83.454 Y73.057 E1.73156
G1 X83.327 Y72.816 E1.7357
;WIDTH:0.540811
G1 X83.283 Y72.512 E1.74049
G1 X83.284 Y70.739 E1.76817
;WIDTH:0.540111
G1 X83.401 Y70.415 E1.77354
;WIDTH:0.533025
G1 X83.561 Y70.242 E1.77716
G1 E.27716 F1200
G92 E0
M204 S1000
G1 X80.514 Y69.643 F6000
G1 E1.5 F1200
M204 S500
;TYPE:Internal infill
;WIDTH:0.5625
G1 X80.956 Y69.457 E1.50781
G1 X81.285 Y69.203 E1.51458
G1 X81.557 Y68.859 E1.52172
G1 X81.758 Y68.383 E1.53014
G1 X81.821 Y67.71 E1.54115
G1 X82.406 Y67.71 E1.55068
G1 X83.739 Y69.043 E1.58139
G1 X84.29 Y69.012 E1.59038
G1 X84.29 Y67.71 E1.61159
G1 X67.71 Y84.29 E1.99354
G1 X67.71 Y82.406 E2.02423
G1 X69.594 Y84.29 E2.06763
G1 X75.058 Y84.29 E2.15663
G1 X84.29 Y75.058 E2.3693
G1 X84.29 Y76.634 E2.39497
G1 X83.99 Y76.642 E2.39986
G1 X75.058 Y67.71 E2.60562
G1 X76.534 Y67.71 E2.62966
G1 X76.559 Y68.093 E2.63591
G1 X67.71 Y76.942 E2.83976
G1 X67.71 Y75.058 E2.87045
G1 X76.942 Y84.29 E3.08312
G1 X82.406 Y84.29 E3.17212
G1 X84.29 Y82.406 E3.21552
G1 X84.29 Y84.29 E3.24621
G1 X67.71 Y67.71 E3.62816
G1 X67.71 Y69.594 E3.65885
G1 X69.542 Y67.762 E3.70105
G1 X69.64 Y68.5 E3.71318
G1 X69.813 Y68.867 E3.71979
G1 X70.094 Y69.216 E3.72709
G1 X70.415 Y69.463 E3.73369
G1 X70.74 Y69.616 E3.73954
G1 X71.479 Y69.721 E3.7517
G1 E2.2517
G92 E0
M204 S1000
G1 X74.051 Y67.71 F6000
G1 E1.5 F1200
M204 S500
;TYPE:Solid infill
;WIDTH:0.562499
G1 F1080
G1 X70.062 Y67.71 E1.56498
G1 X70.113 Y68.23 E1.57349
G1 X70.263 Y68.603 E1.58004
G1 X70.527 Y68.896 E1.58646
G1 X70.914 Y69.125 E1.59378
G1 X71.421 Y69.201 E1.60213
G1 X73.01 Y69.201 E1.62801
G1 X73.47 Y69.117 E1.63563
G1 X73.801 Y68.933 E1.6418
G1 X74.138 Y68.55 E1.65011
G1 X74.244 Y68.287 E1.65473
G1 X74.311 Y67.71 E1.66419
M204 S1000
G1 X71.421 Y68.213 F6000
M204 S500
;WIDTH:0.528618
G1 F1080
G1 X73.161 Y68.207 E1.69069
;WIDTH:0.517743
G1 X73.751 Y68.207 E1.69947
G1 X73.605 Y68.445 E1.70363
G1 X73.357 Y68.627 E1.70821
;WIDTH:0.528618
G1 X72.982 Y68.698 E1.71402
G1 X71.421 Y68.698 E1.73779
;WIDTH:0.528433
G1 X71.092 Y68.658 E1.74283
;WIDTH:0.50368
G1 X70.806 Y68.493 E1.7476
G1 X70.619 Y68.2 E1.75262
G1 X70.763 Y68.2 E1.7547
;WIDTH:0.518669
G1 X71.161 Y68.208 E1.76064
G1 E.26064 F1200
G92 E0
M204 S1000
G1 X81.041 Y67.71 F6000
G1 E1.5 F1200
M204 S500
;WIDTH:0.562499
G1 F1080
G1 X77.054 Y67.71 E1.56495
G1 X77.113 Y68.258 E1.57393
G1 X77.278 Y68.633 E1.5806
G1 X77.43 Y68.809 E1.58439
G1 X77.774 Y69.062 E1.59135
G1 X78.185 Y69.19 E1.59836
G1 X79.989 Y69.201 E1.62775
G1 X80.51 Y69.094 E1.63641
G1 X80.904 Y68.844 E1.64401
G1 X81.067 Y68.641 E1.64825
G1 X81.241 Y68.293 E1.65459
G1 X81.301 Y67.71 E1.66414
M204 S1000
G1 X79.932 Y68.213 F6000
M204 S500
;WIDTH:0.528341
G1 F1080
G1 X80.221 Y68.201 E1.66854
;WIDTH:0.505141
G1 X80.746 Y68.201 E1.67615
G1 X80.573 Y68.472 E1.68081
G1 X80.381 Y68.614 E1.68427
;WIDTH:0.528341
G1 X79.951 Y68.698 E1.69094
G1 X78.267 Y68.69 E1.71657
;WIDTH:0.523098
G1 X78.069 Y68.647 E1.71962
G1 X77.748 Y68.424 E1.7255
G1 X77.622 Y68.21 E1.72924
G1 X78.268 Y68.21 E1.73896
;WIDTH:0.527523
G1 X79.672 Y68.212 E1.76029
M106 S25.5
;LAYER_CHANGE
;Z:16.7
;HEIGHT:0.200001
G1 E.26029 F1200
G92 E0
G1 Z16.7 F6000
M204 S1000
G1 X84.68 Y84.68
G1 E1.5 F1200
M204 S500
;TYPE:Perimeter
;WIDTH:0.562499
G1 F900
G1 X67.32 Y84.68 E1.78278
G1 X67.32 Y67.32 E2.06556
G1 X84.68 Y67.32 E2.34834
G1 X84.68 Y84.605 E2.6299
M204 S1000
G1 X85.199 Y85.199 F6000
M204 S500
G1 F900
G1 X66.801 Y85.199 E2.92959
G1 X66.801 Y66.801 E3.22928
G1 X85.199 Y66.801 E3.52897
G1 X85.199 Y85.124 E3.82744
M204 S1000
G1 X85.719 Y85.719 F6000
M204 S500
;TYPE:External perimeter
G1 F720
G1 X66.281 Y85.719 E4.14407
G1 X66.281 Y66.281 E4.4607
G1 X85.719 Y66.281 E4.77733
G1 X85.719 Y85.644 E5.09274
G1 X85.224 Y85.718 F6000
G1 E3.59274 F1200
G92 E0
M204 S1000
G1 X82.771 Y80.289 F6000
G1 E1.5 F1200
M204 S500
;TYPE:Solid infill
G1 F1080
G1 X82.782 Y78.497 E1.52919
G1 X82.861 Y78.084 E1.53604
G1 X83.055 Y77.753 E1.54229
G1 X83.388 Y77.454 E1.54958
G1 X83.713 Y77.325 E1.55528
G1 X84.29 Y77.265 E1.56473
G1 X84.29 Y81.583 E1.63507
G1 X84.081 Y81.582 E1.63847
G1 X83.671 Y81.508 E1.64526
G1 X83.31 Y81.343 E1.65173
G1 X82.991 Y81.004 E1.65931
G1 X82.812 Y80.546 E1.66732
G1 X83.347 Y80.522 E1.67604
;WIDTH:0.540516
G1 X83.392 Y80.691 E1.67877
;WIDTH:0.539347
G1 X83.617 Y80.931 E1.68389
G1 X83.782 Y80.995 E1.68664
G1 X83.782 Y80.335 E1.69691
;WIDTH:0.542253
G1 X83.783 Y78.502 E1.7256
;WIDTH:0.536971
G1 X83.783 Y77.831 E1.73599
G1 X83.475 Y78.038 E1.74174
G1 X83.335 Y78.28 E1.74607
G1 X83.289 Y78.5 E1.74955
;WIDTH:0.542253
G1 X83.281 Y80.271 E1.77727
M204 S1000
G1 X82.258 Y78.8 F6000
M204 S500
;TYPE:Internal infill
;WIDTH:0.5625
G1 F1200
G1 X82.26 Y78.396 E1.78385
G1 X82.354 Y77.954 E1.79121
G1 X82.727 Y77.327 E1.80309
G1 X83.081 Y77.03 E1.81062
G1 X83.438 Y76.855 E1.8171
G1 X84.093 Y76.745 E1.82792
G1 X75.058 Y67.71 E2.03606
G1 X76.942 Y67.71 E2.06675
G1 X67.71 Y76.942 E2.27942
G1 X67.71 Y75.058 E2.31011
G1 X76.942 Y84.29 E2.52278
G1 X75.058 Y84.29 E2.55347
G1 X84.29 Y75.058 E2.76614
G1 X84.29 Y69.594 E2.85514
G1 X82.406 Y67.71 E2.89854
G1 X84.29 Y67.71 E2.92923
G1 X67.71 Y84.29 E3.31118
G1 X67.71 Y82.406 E3.34187
G1 X69.594 Y84.29 E3.38527
G1 X72.711 Y84.29 E3.43604
G1 E1.93604
G92 E0
M204 S1000
G1 X79.289 Y84.29 F6000
G1 E1.5 F1200
M204 S500
G1 X82.406 Y84.29 E1.55077
G1 X84.29 Y82.406 E1.59417
G1 X84.29 Y84.29 E1.62486
G1 X67.71 Y67.71 E2.00681
G1 X69.594 Y67.71 E2.0375
G1 X67.71 Y69.594 E2.0809
G1 X67.71 Y72.711 E2.13167
M106 S30.6
;LAYER_CHANGE
;Z:16.9
;HEIGHT:0.199999
G1 E.63167 F1200
G92 E0
G1 Z16.9 F6000
M204 S1000
G1 X84.68 Y84.68
G1 E1.5 F1200
M204 S500
;TYPE:Perimeter
;WIDTH:0.562499
G1 F900
G1 X67.32 Y84.68 E1.78278
G1 X67.32 Y67.32 E2.06556
G1 X84.68 Y67.32 E2.34834
G1 X84.68 Y84.605 E2.6299
M204 S1000
G1 X85.199 Y85.199 F6000
M204 S500
G1 F900
G1 X66.801 Y85.199 E2.92959
G1 X66.801 Y66.801 E3.22928
G1 X85.199 Y66.801 E3.52897
G1 X85.199 Y85.124 E3.82744
M204 S1000
G1 X85.719 Y85.719 F6000
M204 S500
;TYPE:External perimeter
G1 F720
G1 X66.281 Y85.719 E4.14407
G1 X66.281 Y66.281 E4.4607
G1 X85.719 Y66.281 E4.77733
G1 X85.719 Y85.644 E5.09274
G1 X85.224 Y85.718 F6000
G1 E3.59274 F1200
G92 E0
M204 S1000
G1 X84.29 Y72.711 F6000
G1 E1.5 F1200
M204 S500
;TYPE:Internal infill
;WIDTH:0.5625
G1 X84.29 Y69.594 E1.55077
G1 X82.406 Y67.71 E1.59417
G1 X84.29 Y67.71 E1.62486
G1 X67.71 Y84.29 E2.00681
G1 X67.71 Y82.406 E2.0375
G1 X69.594 Y84.29 E2.0809
G1 X75.058 Y84.29 E2.1699
G1 X84.29 Y75.058 E2.38257
G1 X84.29 Y76.942 E2.41326
G1 X75.058 Y67.71 E2.62593
G1 X76.942 Y67.71 E2.65662
G1 X67.71 Y76.942 E2.86929
G1 X67.71 Y75.058 E2.89998
G1 X76.942 Y84.29 E3.11265
G1 X82.406 Y84.29 E3.20165
G1 X84.29 Y82.406 E3.24505
G1 X84.29 Y84.29 E3.27574
G1 X67.71 Y67.71 E3.65769
G1 X69.594 Y67.71 E3.68838
G1 X67.71 Y69.594 E3.73178
G1 X67.71 Y72.711 E3.78255
;LAYER_CHANGE
;Z:17.1
;HEIGHT:0.200001
G1 E2.28255 F1200
G92 E0
G1 Z17.1 F6000
M204 S1000
G1 X84.68 Y84.68
G1 E1.5 F1200
M204 S500
;TYPE:Perimeter
;WIDTH:0.562499
G1 F900
G1 X67.32 Y84.68 E1.78278
G1 X67.32 Y67.32 E2.06556
G1 X84.68 Y67.32 E2.34834
G1 X84.68 Y84.605 E2.6299
M204 S1000
G1 X85.199 Y85.199 F6000
M204 S500
G1 F900
G1 X66.801 Y85.199 E2.92959
G1 X66.801 Y66.801 E3.22928
G1 X85.199 Y66.801 E3.52897
G1 X85.199 Y85.124 E3.82744
M204 S1000
G1 X85.719 Y85.719 F6000
M204 S500
;TYPE:External perimeter
G1 F720
G1 X66.281 Y85.719 E4.14407
G1 X66.281 Y66.281 E4.4607
G1 X85.719 Y66.281 E4.77733
G1 X85.719 Y85.644 E5.09274
G1 X85.224 Y85.718 F6000
G1 E3.59274 F1200
G92 E0
M204 S1000
G1 X84.29 Y72.711 F6000
G1 E1.5 F1200
M204 S500
;TYPE:Internal infill
;WIDTH:0.5625
G1 X84.29 Y69.594 E1.55077
G1 X82.406 Y67.71 E1.59417
G1 X84.29 Y67.71 E1.62486
G1 X67.71 Y84.29 E2.00681
G1 X67.71 Y82.406 E2.0375
G1 X69.594 Y84.29 E2.0809
G1 X75.058 Y84.29 E2.1699
G1 X84.29 Y75.058 E2.38257
G1 X84.29 Y76.942 E2.41326
G1 X75.058 Y67.71 E2.62593
G1 X76.942 Y67.71 E2.65662
G1 X67.71 Y76.942 E2.86929
G1 X67.71 Y75.058 E2.89998
G1 X76.942 Y84.29 E3.11265
G1 X82.406 Y84.29 E3.20165
G1 X84.29 Y82.406 E3.24505
G1 X84.29 Y84.29 E3.27574
G1 X67.71 Y67.71 E3.65769
G1 X69.594 Y67.71 E3.68838
G1 X67.71 Y69.594 E3.73178
G1 X67.71 Y72.711 E3.78255
M106 S20.4
;LAYER_CHANGE
;Z:17.3
;HEIGHT:0.199999
G1 E2.28255 F1200
G92 E0
G1 Z17.3 F6000
M204 S1000
G1 X84.68 Y84.68
G1 E1.5 F1200
M204 S500
;TYPE:Perimeter
;WIDTH:0.562499
G1 F900
G1 X67.32 Y84.68 E1.78278
G1 X67.32 Y67.32 E2.06556
G1 X84.68 Y67.32 E2.34834
G1 X84.68 Y84.605 E2.6299
M204 S1000
G1 X85.199 Y85.199 F6000
M204 S500
G1 F900
G1 X66.801 Y85.199 E2.92959
G1 X66.801 Y66.801 E3.22928
G1 X85.199 Y66.801 E3.52897
G1 X85.199 Y85.124 E3.82744
M204 S1000
G1 X85.719 Y85.719 F6000
M204 S500
;TYPE:External perimeter
G1 F720
G1 X66.281 Y85.719 E4.14407
G1 X66.281 Y66.281 E4.4607
G1 X85.719 Y66.281 E4.77733
G1 X85.719 Y85.644 E5.09274
G1 X85.224 Y85.718 F6000
G1 E3.59274 F1200
G92 E0
M204 S1000
G1 X84.29 Y79.289 F6000
G1 E1.5 F1200
M204 S500
;TYPE:Internal infill
;WIDTH:0.5625
G1 X84.29 Y82.406 E1.55077
G1 X82.406 Y84.29 E1.59417
G1 X84.29 Y84.29 E1.62486
G1 X67.71 Y67.71 E2.00681
G1 X67.71 Y69.594 E2.0375
G1 X69.594 Y67.71 E2.0809
G1 X73.76 Y67.71 E2.14876
G1 X73.241 Y68.23 E2.16073
G1 X75.578 Y68.23 E2.1988
G1 X84.29 Y76.942 E2.39949
G1 X84.29 Y75.058 E2.43018
G1 X75.354 Y83.994 E2.63603
G1 X75.291 Y83.77 E2.63982
G1 X69.074 Y83.77 E2.74109
G1 X67.71 Y82.406 E2.77251
G1 X67.71 Y84.29 E2.8032
G1 X68.115 Y83.885 E2.81253
G1 X68 Y83.77 E2.81518
G1 X68.23 Y83.77 E2.81893
G1 X83.77 Y68.23 E3.17692
G1 X82.926 Y68.23 E3.19067
G1 X83.77 Y69.074 E3.21011
G1 X83.77 Y69.325 E3.2142
G1 X83.895 Y69.199 E3.21709
G1 X84.29 Y69.594 E3.22619
G1 X84.29 Y72.711 E3.27696
G1 E1.77696
G92 E0
M204 S1000
G1 X84.29 Y67.97 F6000
G1 E1.5 F1200
M204 S500
G1 X84.29 Y68.519 E1.50894
G1 X83.885 Y68.115 E1.51826
G1 X84.29 Y67.71 E1.52759
G1 X83.481 Y67.71 E1.54077
G1 X83.702 Y67.931 E1.54586
G1 E.04586
G92 E0
M204 S1000
G1 X79.288 Y68.23 F6000
G1 E1.5 F1200
M204 S500
G1 X77.514 Y68.23 E1.5289
G1 X77.402 Y67.86 E1.5352
G1 X77.628 Y67.71 E1.53962
G1 X76.942 Y67.71 E1.55079
G1 X76.537 Y68.115 E1.56012
G1 X76.652 Y68.23 E1.56277
G1 X76.422 Y68.23 E1.56652
G1 X67.71 Y76.942 E1.76721
G1 X67.71 Y75.058 E1.7979
G1 X76.422 Y83.77 E1.99859
G1 X79.047 Y83.77 E2.04135
G1 X78.699 Y84.119 E2.04938
M204 S1000
G1 X76.281 Y84.29 F6000
M204 S500
;TYPE:Solid infill
;WIDTH:0.56253
G1 F1080
G1 X77.793 Y84.29 E2.07401
G1 E.57401 F1200
G92 E0
M204 S1000
G1 X69.128 Y84.29 F6000
G1 E1.5 F1200
M204 S500
;WIDTH:0.562526
G1 F1080
G1 X74.164 Y84.29 E1.58204
G1 E.08204 F1200
G92 E0
M204 S1000
G1 X74.495 Y67.71 F6000
G1 E1.5 F1200
M204 S500
;WIDTH:0.56253
G1 F1080
G1 X75.657 Y67.71 E1.51893
M204 S1000
G1 X78.569 Y67.71 F6000
M204 S500
;WIDTH:0.562528
G1 F1080
G1 X82.827 Y67.71 E1.58829
M106 S17.85
;LAYER_CHANGE
;Z:17.5
;HEIGHT:0.200001
G1 E.08829 F1200
G92 E0
G1 Z17.5 F6000
M204 S1000
G1 X84.68 Y84.68
G1 E1.5 F1200
M204 S500
;TYPE:Perimeter
;WIDTH:0.562499
G1 F900
G1 X67.32 Y84.68 E1.78278
G1 X67.32 Y67.32 E2.06556
G1 X84.68 Y67.32 E2.34834
G1 X84.68 Y84.605 E2.6299
M204 S1000
G1 X85.199 Y85.199 F6000
M204 S500
G1 F900
G1 X66.801 Y85.199 E2.92959
G1 X66.801 Y66.801 E3.22928
G1 X85.199 Y66.801 E3.52897
G1 X85.199 Y85.124 E3.82744
M204 S1000
G1 X85.719 Y85.719 F6000
M204 S500
;TYPE:External perimeter
G1 F720
G1 X66.281 Y85.719 E4.14407
G1 X66.281 Y66.281 E4.4607
G1 X85.719 Y66.281 E4.77733
G1 X85.719 Y85.644 E5.09274
G1 X85.224 Y85.718 F6000
G1 E3.59274 F1200
G92 E0
M204 S1000
G1 X79.289 Y84.29 F6000
G1 E1.5 F1200
M204 S500
;TYPE:Internal infill
;WIDTH:0.5625
G1 X82.406 Y84.29 E1.55077
G1 X84.29 Y82.406 E1.59417
G1 X84.29 Y84.29 E1.62486
G1 X81.409 Y81.409 E1.69123
G1 X81.946 Y80.872 E1.7036
G1 X80.211 Y79.137 E1.74357
G1 X84.29 Y75.058 E1.83754
G1 X84.29 Y76.942 E1.86823
G1 X83.333 Y75.985 E1.89028
G1 E.39028
G92 E0
M204 S1000
G1 X84.29 Y72.711 F6000
G1 E1.5 F1200
M204 S500
G1 X84.29 Y69.594 E1.55077
G1 X83.895 Y69.199 E1.55987
G1 X81.691 Y71.404 E1.61065
G1 E.11065
G92 E0
M204 S1000
G1 X83.702 Y67.931 F6000
G1 E1.5 F1200
M204 S500
G1 X83.481 Y67.71 E1.50509
G1 X84.29 Y67.71 E1.51827
G1 X83.885 Y68.115 E1.5276
G1 X84.29 Y68.519 E1.53692
G1 X84.29 Y67.97 E1.54586
G1 E.04586
G92 E0
M204 S1000
G1 X76.942 Y67.71 F6000
G1 E1.5 F1200
M204 S500
G1 X76.537 Y68.115 E1.50933
G1 E.00933
G92 E0
M204 S1000
G1 X67.71 Y72.711 F6000
G1 E1.5 F1200
M204 S500
G1 X67.71 Y69.594 E1.55077
G1 X69.594 Y67.71 E1.59417
G1 X67.71 Y67.71 E1.62486
G1 X70.735 Y70.735 E1.69455
G1 X70.198 Y71.273 E1.70693
G1 X71.789 Y72.863 E1.74357
G1 X67.71 Y76.942 E1.83754
G1 X67.71 Y75.058 E1.86823
G1 X69.006 Y76.354 E1.89809
G1 X68.469 Y76.891 E1.91046
G1 X70.136 Y78.558 E1.94886
M204 S1000
G1 X67.71 Y79.289 F6000
M204 S500
G1 F1200
G1 X67.71 Y82.406 E1.99963
G1 X68.443 Y83.139 E2.01652
G1 X67.906 Y83.676 E2.02889
G1 X68.115 Y83.885 E2.0337
G1 X67.71 Y84.29 E2.04303
G1 X67.71 Y82.666 E2.06948
G1 E.56948
G92 E0
M204 S1000
G1 X81.361 Y80.693 F6000
G1 E1.5 F1200
M204 S500
;TYPE:Bridge infill
;WIDTH:0.510577
;HEIGHT:0.5
M106 S255
G1 F3600
G1 X77.779 Y84.275 E1.66258
G1 X76.986 Y84.275 E1.68803
G1 X80.79 Y80.471 E1.86069
G1 X80.393 Y80.075 E1.87869
G1 X76.302 Y84.166 E2.06438
G1 X76.343 Y83.333 E2.09115
G1 X79.997 Y79.679 E2.257
G1 X79.6 Y79.282 E2.27502
G1 X75.299 Y83.584 E2.47026
G1 X74.162 Y84.275 E2.51296
G1 X73.815 Y84.275 E2.5241
G1 X82.878 Y75.212 E2.93546
G1 X82.482 Y74.815 E2.95346
G1 X73.022 Y84.275 E3.38284
G1 X72.23 Y84.275 E3.40826
G1 X82.085 Y74.419 E3.85559
G1 X81.689 Y74.023 E3.87356
G1 X71.437 Y84.275 E4.33888
G1 X70.644 Y84.275 E4.36433
G1 X81.292 Y73.626 E4.84765
G1 X80.896 Y73.23 E4.86562
G1 X69.851 Y84.275 E5.36694
G1 X69.141 Y84.275 E5.38973
G1 X69.126 Y84.207 E5.39196
G1 X80.5 Y72.833 E5.90821
G1 X80.103 Y72.437 E5.92621
G1 X68.763 Y83.777 E6.44092
G1 X68.662 Y83.676 E6.4455
G1 X72.336 Y80.002 E6.61226
G1 X72.041 Y79.707 E6.62565
G1 X83.381 Y68.367 E7.14036
G1 X82.984 Y67.97 E7.15838
G1 X71.644 Y79.311 E7.67311
G1 X71.248 Y78.914 E7.69111
G1 X82.437 Y67.725 E8.19896
G1 X81.644 Y67.725 E8.22441
G1 X70.852 Y78.518 E8.71427
G1 X70.455 Y78.121 E8.73229
G1 X80.851 Y67.725 E9.20415
G1 X80.058 Y67.725 E9.2296
G1 X70.059 Y77.725 E9.68346
G1 X69.662 Y77.329 E9.70146
G1 X79.266 Y67.725 E10.13737
G1 X78.571 Y67.725 E10.15968
G1 X78.279 Y67.92 E10.17095
G1 X69.266 Y76.932 E10.58002
G1 X69.225 Y76.891 E10.58188
G1 X72.899 Y73.217 E10.74864
G1 X72.544 Y72.862 E10.76475
G1 X76.536 Y68.87 E10.94594
G1 X76.139 Y68.473 E10.96396
G1 X72.147 Y72.465 E11.14515
G1 X71.751 Y72.069 E11.16312
G1 X75.743 Y68.077 E11.34431
G1 X75.645 Y67.979 E11.34876
G1 X75.642 Y67.725 E11.35691
G1 X75.302 Y67.725 E11.36782
G1 X71.354 Y71.673 E11.54701
G1 X70.958 Y71.276 E11.56501
G1 X74.756 Y67.478 E11.7374
M106 S17.85
M107
;LAYER_CHANGE
;Z:17.7
;HEIGHT:0.200001
G1 E10.2374 F1200
G92 E0
G1 Z17.7 F6000
M204 S1000
G1 X84.68 Y84.68
G1 E1.5 F1200
M204 S500
;TYPE:Perimeter
;WIDTH:0.562499
G1 F900
G1 X67.32 Y84.68 E1.78278
G1 X67.32 Y67.32 E2.06556
G1 X84.68 Y67.32 E2.34834
G1 X84.68 Y84.605 E2.6299
M204 S1000
G1 X85.199 Y85.199 F6000
M204 S500
G1 F900
G1 X66.801 Y85.199 E2.92959
G1 X66.801 Y66.801 E3.22928
G1 X85.199 Y66.801 E3.52897
G1 X85.199 Y85.124 E3.82744
M204 S1000
G1 X85.719 Y85.719 F6000
M204 S500
;TYPE:External perimeter
G1 F720
G1 X66.281 Y85.719 E4.14407
G1 X66.281 Y66.281 E4.4607
G1 X85.719 Y66.281 E4.77733
G1 X85.719 Y85.644 E5.09274
G1 X85.224 Y85.718 F6000
G1 E3.59274 F1200
G92 E0
M204 S1000
G1 X79.373 Y76.822 F6000
G1 E1.5 F1200
M204 S500
;TYPE:Internal infill
;WIDTH:0.5625
G1 X77.953 Y74.047 E1.55078
G1 X78.661 Y73.339 E1.56709
G1 X80.132 Y73.339 E1.59105
G1 X80.616 Y73.268 E1.59902
G1 X84.29 Y76.942 E1.68366
G1 X84.29 Y75.058 E1.71435
G1 X80.441 Y78.907 E1.80302
G1 X81.548 Y81.072 E1.84263
G1 X81.728 Y81.728 E1.85371
G1 X84.29 Y84.29 E1.91273
G1 X84.29 Y82.406 E1.94342
G1 X82.406 Y84.29 E1.98682
G1 X76.942 Y84.29 E2.07582
G1 X76.789 Y84.137 E2.07934
G1 X75.211 Y84.137 E2.10504
G1 X75.058 Y84.29 E2.10856
G1 X69.594 Y84.29 E2.19756
G1 X67.71 Y82.406 E2.24096
G1 X67.71 Y84.29 E2.27165
G1 X70.587 Y81.413 E2.33793
G1 X70.602 Y82.568 E2.35675
G1 X70.761 Y83.103 E2.36584
G1 X71.11 Y83.6 E2.37573
G1 X71.591 Y83.947 E2.38539
G1 X71.78 Y84.011 E2.38864
G1 E.88864
G92 E0
M204 S1000
G1 X72.678 Y75.128 F6000
G1 E1.5 F1200
M204 S500
G1 X74.095 Y77.905 E1.55078
G1 X73.014 Y78.986 E1.57568
G1 X72.354 Y78.988 E1.58643
G1 X71.759 Y79.107 E1.59631
G1 X67.71 Y75.058 E1.68959
G1 X67.71 Y76.942 E1.72028
G1 X71.613 Y73.04 E1.81018
G1 X70.687 Y71.222 E1.84341
G1 X70.564 Y70.889 E1.84919
G1 X70.511 Y70.511 E1.85541
G1 X67.71 Y67.71 E1.91994
G1 X67.71 Y69.594 E1.95063
G1 X69.594 Y67.71 E1.99403
G1 X75.058 Y67.71 E2.08303
G1 X75.536 Y68.188 E2.09404
G1 X76.464 Y68.188 E2.10916
G1 X76.942 Y67.71 E2.12017
G1 X80.059 Y67.71 E2.17094
M204 S1000
G1 X79.911 Y68.188 F6000
M204 S500
G1 F1200
G1 X80.711 Y68.288 E2.18407
G1 X81.306 Y68.626 E2.19522
G1 X81.609 Y68.963 E2.2026
G1 X81.822 Y69.376 E2.21017
G1 X81.931 Y70.069 E2.2216
G1 X84.29 Y67.71 E2.27594
G1 X82.406 Y67.71 E2.30663
G1 X84.29 Y69.594 E2.35003
G1 X84.29 Y72.711 E2.4008
G1 E.9008
G92 E0
M204 S1000
G1 X72.129 Y68.723 F6000
G1 E1.5 F1200
M204 S500
;TYPE:Solid infill
;WIDTH:0.562499
G1 F1080
G1 X71.047 Y69.805 E1.52493
G1 X71.039 Y70.549 E1.53705
G1 X72.88 Y68.707 E1.57947
G1 X73.615 Y68.707 E1.59144
G1 X71.212 Y71.11 E1.6468
G1 X71.46 Y71.597 E1.6557
G1 X74.349 Y68.707 E1.72226
G1 X75.084 Y68.707 E1.73423
G1 X71.708 Y72.084 E1.81201
G1 X71.956 Y72.57 E1.8209
G1 X75.819 Y68.707 E1.90989
G1 X76.554 Y68.707 E1.92186
G1 X72.205 Y73.057 E2.02206
G1 X72.453 Y73.543 E2.03095
G1 X77.289 Y68.707 E2.14235
G1 X78.023 Y68.707 E2.15431
G1 X72.701 Y74.03 E2.27692
G1 X72.949 Y74.516 E2.28581
G1 X78.758 Y68.707 E2.41963
G1 X79.493 Y68.707 E2.4316
G1 X73.197 Y75.003 E2.57664
G1 X73.446 Y75.49 E2.58555
G1 X80.21 Y68.726 E2.74137
G1 X80.769 Y68.901 E2.75091
G1 X73.694 Y75.976 E2.91389
G1 X73.942 Y76.463 E2.92279
G1 X77.027 Y73.378 E2.99386
G1 X77.276 Y73.864 E3.00276
G1 X74.19 Y76.949 E3.07384
G1 X74.438 Y77.436 E3.08274
G1 X77.525 Y74.35 E3.15384
G1 X77.773 Y74.836 E3.16273
G1 X74.687 Y77.922 E3.23382
G1 X74.935 Y78.409 E3.24272
G1 X78.022 Y75.322 E3.31383
M204 S1000
G1 X77.585 Y72.819 F6000
M204 S500
G1 F1080
G1 X81.162 Y69.243 E3.39622
G1 X81.372 Y69.767 E3.40542
G1 X78.32 Y72.819 E3.47573
G1 X79.055 Y72.819 E3.4877
G1 X81.412 Y70.463 E3.54199
G1 X81.412 Y71.197 E3.55395
G1 X79.79 Y72.819 E3.59132
G1 X79.716 Y72.923 E3.5934
;WIDTH:0.51521
G1 X79.642 Y73.027 E3.59529
;WIDTH:0.46792
G1 X79.604 Y72.99 E3.596
G1 X79.553 Y73.004 E3.5967
G1 X79.539 Y73.055 E3.5974
G1 X79.577 Y73.092 E3.59811
G1 X79.628 Y73.079 E3.59881
M204 S1000
G1 X80.782 Y72.603 F6000
M204 S500
;WIDTH:0.62107
G1 F1080
G1 X81.203 Y72.179 E3.60964
G1 E2.10964 F1200
G92 E0
M204 S1000
G1 X71.594 Y79.672 F6000
G1 E1.5 F1200
M204 S500
;WIDTH:0.46792
G1 F1080
G1 X71.18 Y80.109 E1.50802
;WIDTH:0.562499
G1 X71.112 Y80.763 E1.51873
G1 X72.364 Y79.51 E1.54758
G1 X73.103 Y79.506 E1.55962
G1 X71.107 Y81.503 E1.60561
G1 X71.107 Y82.237 E1.61757
G1 X73.838 Y79.506 E1.68048
G1 X74.573 Y79.506 E1.69245
G1 X71.222 Y82.857 E1.76965
G1 E.26965 F1200
G92 E0
M204 S1000
G1 X75.03 Y79.295 F6000
G1 E1.5 F1200
M204 S500
;WIDTH:0.46792
G1 F1080
G1 X74.979 Y79.309 E1.5007
G1 X74.941 Y79.271 E1.50142
G1 X74.955 Y79.22 E1.50212
G1 X75.006 Y79.206 E1.50282
G1 X75.044 Y79.244 E1.50354
;WIDTH:0.51521
G1 X75.113 Y79.07 E1.50631
;WIDTH:0.562499
G1 X75.183 Y78.896 E1.50937
G1 X78.271 Y75.808 E1.58051
G1 X78.519 Y76.294 E1.5894
G1 X71.542 Y83.271 E1.75013
G1 X72.017 Y83.531 E1.75895
G1 X78.768 Y76.78 E1.91447
G1 X79.017 Y77.266 E1.92337
G1 X72.665 Y83.618 E2.0697
G1 X73.4 Y83.618 E2.08167
G1 X79.266 Y77.752 E2.2168
G1 X79.514 Y78.238 E2.22569
G1 X74.135 Y83.618 E2.34961
G1 X74.87 Y83.618 E2.36158
G1 X79.763 Y78.724 E2.47431
G1 X80.012 Y79.21 E2.48321
G1 X75.605 Y83.618 E2.58474
G1 X76.339 Y83.618 E2.5967
G1 X80.261 Y79.696 E2.68705
G1 X80.509 Y80.183 E2.69595
G1 X77.074 Y83.618 E2.77508
G1 X77.809 Y83.618 E2.78705
G1 X80.758 Y80.669 E2.85498
G1 X81.007 Y81.155 E2.86388
G1 X78.544 Y83.618 E2.92062
G1 X79.279 Y83.618 E2.93259
G1 X81.201 Y81.695 E2.97688
G1 X81.288 Y82.253 E2.98608
;WIDTH:0.436016
G1 X81.26 Y82.596 E2.99032
G1 X81.116 Y82.979 E2.99536
;WIDTH:0.46159
G1 X80.883 Y83.266 E3.00021
G1 X80.501 Y83.536 E3.00635
G1 X80.178 Y83.643 E3.01082
G1 X79.906 Y83.654 E3.01439
G1 X80.82 Y82.721 E3.03153
;WIDTH:0.436016
G1 X81.105 Y82.437 E3.03649
;LAYER_CHANGE
;Z:17.9
;HEIGHT:0.199999
G1 E1.53649 F1200
G92 E0
G1 Z17.9 F6000
M204 S1000
G1 X84.68 Y84.68
G1 E1.5 F1200
M204 S500
;TYPE:Perimeter
;WIDTH:0.562499
G1 F900
G1 X67.32 Y84.68 E1.78278
G1 X67.32 Y67.32 E2.06556
G1 X84.68 Y67.32 E2.34834
G1 X84.68 Y84.605 E2.6299
M204 S1000
G1 X85.199 Y85.199 F6000
M204 S500
G1 F900
G1 X66.801 Y85.199 E2.92959
G1 X66.801 Y66.801 E3.22928
G1 X85.199 Y66.801 E3.52897
G1 X85.199 Y85.124 E3.82744
M204 S1000
G1 X85.719 Y85.719 F6000
M204 S500
;TYPE:External perimeter
G1 F720
G1 X66.281 Y85.719 E4.14407
G1 X66.281 Y66.281 E4.4607
G1 X85.719 Y66.281 E4.77733
G1 X85.719 Y85.644 E5.09274
G1 X85.224 Y85.718 F6000
G1 E3.59274 F1200
G92 E0
M204 S1000
G1 X79.373 Y76.822 F6000
G1 E1.5 F1200
M204 S500
;TYPE:Internal infill
;WIDTH:0.5625
G1 X77.953 Y74.047 E1.55078
G1 X78.661 Y73.339 E1.56709
G1 X80.132 Y73.339 E1.59105
G1 X80.616 Y73.268 E1.59902
G1 X84.29 Y76.942 E1.68366
G1 X84.29 Y75.058 E1.71435
G1 X80.441 Y78.907 E1.80302
G1 X81.548 Y81.072 E1.84263
G1 X81.728 Y81.728 E1.85371
G1 X84.29 Y84.29 E1.91273
G1 X84.29 Y82.406 E1.94342
G1 X82.406 Y84.29 E1.98682
G1 X76.942 Y84.29 E2.07582
G1 X76.789 Y84.137 E2.07934
G1 X75.211 Y84.137 E2.10504
G1 X75.058 Y84.29 E2.10856
G1 X69.594 Y84.29 E2.19756
G1 X67.71 Y82.406 E2.24096
G1 X67.71 Y84.29 E2.27165
G1 X70.587 Y81.413 E2.33793
G1 X70.602 Y82.568 E2.35675
G1 X70.761 Y83.103 E2.36584
G1 X71.11 Y83.6 E2.37573
G1 X71.591 Y83.947 E2.38539
G1 X71.78 Y84.011 E2.38864
M204 S1000
G1 X71.119 Y82.506 F6000
M204 S500
;TYPE:Solid infill
;WIDTH:0.562499
G1 F1080
G1 X72.179 Y83.567 E2.41307
G1 X72.965 Y83.618 E2.4259
G1 X71.107 Y81.759 E2.46871
G1 X71.107 Y81.024 E2.48068
G1 X73.7 Y83.618 E2.54043
G1 X74.435 Y83.618 E2.5524
G1 X71.187 Y80.37 E2.62722
G1 X71.46 Y79.908 E2.63596
G1 X75.17 Y83.618 E2.72143
G1 X75.905 Y83.618 E2.7334
G1 X71.896 Y79.609 E2.82575
G1 X72.528 Y79.506 E2.83618
G1 X76.639 Y83.618 E2.93089
G1 X77.374 Y83.618 E2.94286
G1 X73.262 Y79.506 E3.03759
G1 X73.997 Y79.506 E3.04956
G1 X78.109 Y83.618 E3.14429
G1 X78.844 Y83.618 E3.15626
G1 X74.732 Y79.506 E3.25099
G1 X75.166 Y79.205 E3.25959
G1 X79.579 Y83.618 E3.36125
G1 X80.264 Y83.568 E3.37244
G1 X74.758 Y78.063 E3.49927
G1 X74.643 Y77.86 E3.50307
;WIDTH:0.51521
G1 X74.529 Y77.658 E3.5065
;WIDTH:0.46792
G1 X74.542 Y77.709 E3.5072
G1 X74.505 Y77.746 E3.5079
G1 X74.454 Y77.733 E3.5086
G1 X74.44 Y77.681 E3.50932
G1 X74.477 Y77.644 E3.51002
M204 S1000
G1 X73.712 Y76.144 F6000
M204 S500
G1 F1080
G1 X73.675 Y76.181 E3.51072
G1 X73.688 Y76.233 E3.51143
G1 X73.74 Y76.247 E3.51215
G1 X73.777 Y76.209 E3.51286
G1 X73.764 Y76.158 E3.51356
;WIDTH:0.51521
G1 X73.878 Y76.36 E3.51699
;WIDTH:0.562499
G1 X73.993 Y76.563 E3.52079
G1 X80.743 Y83.313 E3.67629
G1 X81.083 Y82.918 E3.68478
G1 X73.228 Y75.063 E3.86573
M204 S1000
G1 X72.463 Y73.563 F6000
M204 S500
G1 F1080
G1 X81.227 Y82.327 E4.06762
G1 X81.167 Y81.532 E4.08061
G1 X71.698 Y72.063 E4.29874
M204 S1000
G1 X71.055 Y70.685 F6000
M204 S500
G1 F1080
G1 X80.465 Y80.095 E4.51551
G1 X80.591 Y80.253 E4.5188
;WIDTH:0.51521
G1 X80.718 Y80.411 E4.5218
;WIDTH:0.46792
G1 X80.681 Y80.449 E4.52251
G1 X80.694 Y80.5 E4.52321
G1 X80.746 Y80.514 E4.52393
G1 X80.783 Y80.476 E4.52464
G1 X80.769 Y80.425 E4.52534
M204 S1000
G1 X79.999 Y78.92 F6000
M204 S500
G1 F1080
G1 X80.013 Y78.971 E4.52604
G1 X79.976 Y79.009 E4.52675
G1 X79.924 Y78.995 E4.52747
G1 X79.911 Y78.944 E4.52817
G1 X79.948 Y78.906 E4.52888
;WIDTH:0.51521
G1 X79.821 Y78.748 E4.53188
;WIDTH:0.562499
G1 X79.694 Y78.59 E4.53518
G1 X71.032 Y69.927 E4.73473
G1 X71.194 Y69.355 E4.74441
G1 X78.924 Y77.085 E4.92248
G1 X79.051 Y77.243 E4.92578
;WIDTH:0.51521
G1 X79.178 Y77.401 E4.92878
;WIDTH:0.46792
G1 X79.14 Y77.439 E4.9295
G1 X79.154 Y77.49 E4.9302
G1 X79.205 Y77.504 E4.9309
G1 X79.243 Y77.466 E4.93162
G1 X79.229 Y77.415 E4.93232
M204 S1000
G1 X78.459 Y75.91 F6000
M204 S500
G1 F1080
G1 X78.473 Y75.961 E4.93302
G1 X78.435 Y75.999 E4.93374
G1 X78.384 Y75.985 E4.93444
G1 X78.37 Y75.934 E4.93514
G1 X78.408 Y75.896 E4.93586
;WIDTH:0.51521
G1 X78.281 Y75.738 E4.93886
;WIDTH:0.562499
G1 X78.154 Y75.58 E4.94216
G1 X71.551 Y68.977 E5.09427
G1 X72.047 Y68.738 E5.10324
G1 X77.384 Y74.075 E5.22619
G1 X77.511 Y74.233 E5.22949
;WIDTH:0.51521
G1 X77.638 Y74.391 E5.23249
;WIDTH:0.46792
G1 X77.6 Y74.429 E5.23321
G1 X77.614 Y74.48 E5.23391
G1 X77.665 Y74.494 E5.23461
G1 X77.703 Y74.456 E5.23533
G1 X77.689 Y74.405 E5.23603
M204 S1000
G1 X77.278 Y73.39 F6000
M204 S500
G1 F1080
G1 X77.291 Y73.441 E5.23673
G1 X77.254 Y73.479 E5.23744
G1 X77.202 Y73.465 E5.23816
G1 X77.189 Y73.414 E5.23886
G1 X77.226 Y73.376 E5.23957
;WIDTH:0.51521
G1 X77.166 Y73.219 E5.24206
;WIDTH:0.562499
G1 X77.106 Y73.063 E5.24478
G1 X72.751 Y68.707 E5.34512
G1 X73.486 Y68.707 E5.35709
G1 X77.598 Y72.819 E5.45182
G1 X78.332 Y72.819 E5.46378
G1 X74.221 Y68.707 E5.55849
G1 X74.955 Y68.707 E5.57045
G1 X79.067 Y72.819 E5.66518
G1 X79.802 Y72.819 E5.67715
G1 X75.69 Y68.707 E5.77188
G1 X76.425 Y68.707 E5.78385
G1 X80.483 Y72.765 E5.87733
G1 X80.958 Y72.506 E5.88614
G1 X77.16 Y68.707 E5.97364
G1 X77.895 Y68.707 E5.98561
G1 X81.275 Y72.087 E6.06347
G1 X81.412 Y71.49 E6.07345
G1 X78.629 Y68.707 E6.13756
G1 X79.364 Y68.707 E6.14953
G1 X81.412 Y70.755 E6.19671
M204 S1000
G1 X80.202 Y68.859 F6000
M204 S500
;WIDTH:0.493867
G1 F1080
G1 X81.09 Y69.753 E6.21452
;WIDTH:0.485072
G1 X81.451 Y70.114 E6.2216
G1 X81.384 Y69.603 E6.22874
G1 X81.218 Y69.256 E6.23407
;WIDTH:0.493867
G1 X80.974 Y68.994 E6.23913
G1 X80.539 Y68.75 E6.24618
G1 X80.018 Y68.675 E6.25362
M204 S1000
G1 X79.911 Y68.188 F6000
M204 S500
;TYPE:Internal infill
;WIDTH:0.5625
G1 F1200
G1 X80.711 Y68.288 E6.26675
G1 X81.306 Y68.626 E6.2779
G1 X81.609 Y68.963 E6.28528
G1 X81.822 Y69.376 E6.29285
G1 X81.931 Y70.069 E6.30428
G1 X84.29 Y67.71 E6.35862
G1 X82.406 Y67.71 E6.38931
G1 X84.29 Y69.594 E6.43271
G1 X84.29 Y72.711 E6.48348
G1 E4.98348
G92 E0
M204 S1000
G1 X80.059 Y67.71 F6000
G1 E1.5 F1200
M204 S500
G1 X76.942 Y67.71 E1.55077
G1 X76.464 Y68.188 E1.56178
G1 X75.536 Y68.188 E1.5769
G1 X75.058 Y67.71 E1.58791
G1 X69.594 Y67.71 E1.67691
G1 X67.71 Y69.594 E1.72031
G1 X67.71 Y67.71 E1.751
G1 X70.511 Y70.511 E1.81553
G1 X70.564 Y70.889 E1.82175
G1 X70.687 Y71.222 E1.82753
G1 X71.613 Y73.04 E1.86076
G1 X67.71 Y76.942 E1.95066
G1 X67.71 Y75.058 E1.98135
G1 X71.759 Y79.107 E2.07463
G1 X72.354 Y78.988 E2.08451
G1 X73.014 Y78.986 E2.09526
G1 X74.095 Y77.905 E2.12016
G1 X72.678 Y75.128 E2.17094
;LAYER_CHANGE
;Z:18.1
;HEIGHT:0.200001
G1 E.67094 F1200
G92 E0
G1 Z18.1 F6000
M204 S1000
G1 X84.68 Y84.68
G1 E1.5 F1200
M204 S500
;TYPE:Perimeter
;WIDTH:0.562499
G1 F900
G1 X67.32 Y84.68 E1.78278
G1 X67.32 Y67.32 E2.06556
G1 X84.68 Y67.32 E2.34834
G1 X84.68 Y84.605 E2.6299
M204 S1000
G1 X85.199 Y85.199 F6000
M204 S500
G1 F900
G1 X66.801 Y85.199 E2.92959
G1 X66.801 Y66.801 E3.22928
G1 X85.199 Y66.801 E3.52897
G1 X85.199 Y85.124 E3.82744
M204 S1000
G1 X85.719 Y85.719 F6000
M204 S500
;TYPE:External perimeter
G1 F720
G1 X66.281 Y85.719 E4.14407
G1 X66.281 Y66.281 E4.4607
G1 X85.719 Y66.281 E4.77733
G1 X85.719 Y85.644 E5.09274
G1 X85.224 Y85.718 F6000
G1 E3.59274 F1200
G92 E0
M204 S1000
G1 X80.333 Y83.795 F6000
G1 E1.5 F1200
M204 S500
;TYPE:Top solid infill
;WIDTH:0.508074
G1 F900
G1 X80.885 Y83.243 E1.51138
G1 X81.114 Y82.929 E1.51705
G1 X81.233 Y82.587 E1.52233
G1 X81.258 Y82.212 E1.52781
G1 X79.821 Y83.649 E1.55745
G1 X79.164 Y83.649 E1.56703
G1 X81.22 Y81.592 E1.60944
G1 X81.108 Y81.285 E1.61421
G1 X81.028 Y81.127 E1.61679
G1 X78.506 Y83.649 E1.6688
G1 X77.848 Y83.649 E1.6784
G1 X80.805 Y80.692 E1.73938
G1 X80.582 Y80.257 E1.74651
G1 X77.19 Y83.649 E1.81646
G1 X76.532 Y83.649 E1.82606
G1 X80.36 Y79.822 E1.905
G1 X80.137 Y79.386 E1.91214
G1 X75.875 Y83.649 E2.00005
G1 X75.217 Y83.649 E2.00965
G1 X79.914 Y78.951 E2.10653
G1 X79.692 Y78.516 E2.11365
G1 X74.559 Y83.649 E2.21951
G1 X73.901 Y83.649 E2.22911
G1 X79.469 Y78.081 E2.34394
G1 X79.246 Y77.646 E2.35107
G1 X73.243 Y83.649 E2.47487
G1 X72.585 Y83.649 E2.48447
G1 X79.024 Y77.211 E2.61725
G1 X78.801 Y76.776 E2.62438
G1 X72.014 Y83.563 E2.76435
G1 X71.836 Y83.521 E2.76702
G1 X71.581 Y83.338 E2.7716
G1 X78.578 Y76.34 E2.91591
G1 X78.356 Y75.905 E2.92303
G1 X71.271 Y82.99 E3.06915
G1 X71.186 Y82.858 E3.07144
G1 X71.089 Y82.514 E3.07665
G1 X74.128 Y79.475 E3.13932
G1 X73.471 Y79.475 E3.1489
G1 X71.075 Y81.87 E3.1983
G1 X71.075 Y81.212 E3.2079
G1 X72.813 Y79.475 E3.24373
G1 X72.401 Y79.475 E3.24974
G1 X72.122 Y79.508 E3.25384
G1 X70.874 Y80.756 E3.27958
G1 E1.77958 F1200
G92 E0
M204 S1000
G1 X74.846 Y78.757 F6000
G1 E1.5 F1200
M204 S500
G1 F900
G1 X78.133 Y75.47 E1.56779
G1 X77.91 Y75.035 E1.57492
G1 X74.777 Y78.168 E1.63953
G1 X74.555 Y77.733 E1.64665
G1 X77.688 Y74.6 E1.71126
G1 X77.465 Y74.165 E1.71839
G1 X74.333 Y77.297 E1.78298
G1 X74.11 Y76.861 E1.79012
G1 X77.395 Y73.577 E1.85786
M204 S1000
G1 X79.889 Y73.056 F6000
M204 S500
G1 F900
G1 X81.443 Y71.502 E1.88991
G1 X81.443 Y70.844 E1.89951
G1 X79.437 Y72.851 E1.94089
G1 X78.779 Y72.851 E1.95049
G1 X81.443 Y70.187 E2.00543
G1 X81.443 Y70.004 E2.0081
G1 X81.376 Y69.596 E2.01413
G1 X77.916 Y73.056 E2.08549
G1 E.58549 F1200
G92 E0
M204 S1000
G1 X81.286 Y69.028 F6000
G1 E1.5 F1200
M204 S500
G1 F900
G1 X73.888 Y76.426 E1.65257
G1 X73.666 Y75.99 E1.6597
G1 X80.783 Y68.873 E1.80648
G1 X80.584 Y68.761 E1.80981
G1 X80.29 Y68.708 E1.81417
G1 X73.444 Y75.555 E1.95537
G1 X73.221 Y75.119 E1.96251
G1 X79.664 Y68.676 E2.09539
G1 X79.006 Y68.676 E2.10499
G1 X72.999 Y74.683 E2.22888
G1 X72.777 Y74.248 E2.236
G1 X78.349 Y68.676 E2.35091
G1 X77.691 Y68.676 E2.36051
G1 X72.555 Y73.812 E2.46643
G1 X72.333 Y73.377 E2.47355
G1 X77.033 Y68.676 E2.57049
G1 X76.375 Y68.676 E2.58009
G1 X72.11 Y72.941 E2.66805
G1 X71.888 Y72.505 E2.67518
G1 X75.717 Y68.676 E2.75415
G1 X75.059 Y68.676 E2.76375
G1 X71.666 Y72.07 E2.83374
G1 X71.444 Y71.634 E2.84087
G1 X74.402 Y68.676 E2.90187
G1 X73.744 Y68.676 E2.91147
G1 X71.222 Y71.198 E2.96348
G1 X71.14 Y71.039 E2.96609
G1 X71.029 Y70.733 E2.97084
G1 X73.086 Y68.676 E3.01326
G1 X72.428 Y68.676 E3.02286
G1 X70.991 Y70.113 E3.0525
G1 X71.032 Y69.672 E3.05896
G1 X71.163 Y69.344 E3.06411
G1 X71.394 Y69.053 E3.06953
G1 X71.918 Y68.528 E3.08035
G1 E1.58035 F1200
G92 E0
M204 S1000
G1 X72.678 Y75.128 F6000
G1 E1.5 F1200
M204 S500
;TYPE:Internal infill
;WIDTH:0.5625
G1 X74.095 Y77.905 E1.55078
G1 X73.014 Y78.986 E1.57568
G1 X72.354 Y78.988 E1.58643
G1 X71.759 Y79.107 E1.59631
G1 X67.71 Y75.058 E1.68959
G1 X67.71 Y76.942 E1.72028
G1 X71.613 Y73.04 E1.81018
G1 X70.687 Y71.222 E1.84341
G1 X70.564 Y70.889 E1.84919
G1 X70.511 Y70.511 E1.85541
G1 X67.71 Y67.71 E1.91994
G1 X67.71 Y69.594 E1.95063
G1 X69.594 Y67.71 E1.99403
G1 X75.058 Y67.71 E2.08303
G1 X75.536 Y68.188 E2.09404
G1 X76.464 Y68.188 E2.10916
G1 X76.942 Y67.71 E2.12017
G1 X80.059 Y67.71 E2.17094
M204 S1000
G1 X79.911 Y68.188 F6000
M204 S500
G1 F1200
G1 X80.711 Y68.288 E2.18407
G1 X81.306 Y68.626 E2.19522
G1 X81.609 Y68.963 E2.2026
G1 X81.822 Y69.376 E2.21017
G1 X81.931 Y70.069 E2.2216
G1 X84.29 Y67.71 E2.27594
G1 X82.406 Y67.71 E2.30663
G1 X84.29 Y69.594 E2.35003
G1 X84.29 Y72.711 E2.4008
G1 E.9008
G92 E0
M204 S1000
G1 X79.373 Y76.822 F6000
G1 E1.5 F1200
M204 S500
G1 X77.953 Y74.047 E1.55078
G1 X78.661 Y73.339 E1.56709
G1 X80.132 Y73.339 E1.59105
G1 X80.616 Y73.268 E1.59902
G1 X84.29 Y76.942 E1.68366
G1 X84.29 Y75.058 E1.71435
G1 X80.441 Y78.907 E1.80302
G1 X81.548 Y81.072 E1.84263
G1 X81.728 Y81.728 E1.85371
G1 X84.29 Y84.29 E1.91273
G1 X84.29 Y82.406 E1.94342
G1 X82.406 Y84.29 E1.98682
G1 X76.942 Y84.29 E2.07582
G1 X76.789 Y84.137 E2.07934
G1 X75.211 Y84.137 E2.10504
G1 X75.058 Y84.29 E2.10856
G1 X69.594 Y84.29 E2.19756
G1 X67.71 Y82.406 E2.24096
G1 X67.71 Y84.29 E2.27165
G1 X70.587 Y81.413 E2.33793
G1 X70.602 Y82.568 E2.35675
G1 X70.761 Y83.103 E2.36584
G1 X71.11 Y83.6 E2.37573
G1 X71.591 Y83.947 E2.38539
G1 X71.78 Y84.011 E2.38864
;LAYER_CHANGE
;Z:18.3
;HEIGHT:0.199999
G1 E.88864 F1200
G92 E0
G1 Z18.3 F6000
M204 S1000
G1 X71.471 Y79.869
G1 E1.5 F1200
M204 S500
;TYPE:Perimeter
;WIDTH:0.562499
G1 F900
G1 X71.621 Y79.733 E1.5033
G1 X72.08 Y79.521 E1.51154
G1 X72.385 Y79.485 E1.51654
G1 X75.461 Y79.485 E1.56665
G1 X71.144 Y71.023 E1.72139
G1 X71.021 Y70.657 E1.72768
G1 X71.002 Y69.986 E1.73861
G1 X71.041 Y69.669 E1.74381
G1 X71.169 Y69.349 E1.74942
G1 X71.421 Y69.03 E1.75604
G1 X71.813 Y68.782 E1.7636
G1 X72.301 Y68.687 E1.7717
G1 X80.134 Y68.687 E1.89929
G1 X80.585 Y68.768 E1.90675
G1 X80.959 Y68.983 E1.91378
G1 X81.217 Y69.27 E1.92007
G1 X81.364 Y69.569 E1.9255
G1 X81.433 Y69.986 E1.93238
G1 X81.433 Y71.541 E1.95771
G1 X81.383 Y71.897 E1.96357
G1 X81.244 Y72.215 E1.96922
G1 X81.044 Y72.468 E1.97447
G1 X80.814 Y72.648 E1.97923
G1 X80.316 Y72.84 E1.98792
G1 X76.775 Y72.84 E2.0456
G1 X81.105 Y81.301 E2.20042
G1 X81.211 Y81.584 E2.20534
G1 X81.248 Y82.34 E2.21767
G1 X81.223 Y82.593 E2.22181
G1 X81.108 Y82.925 E2.22753
G1 X80.861 Y83.264 E2.23436
G1 X80.46 Y83.534 E2.24223
G1 X80.108 Y83.639 E2.24821
G1 X72.385 Y83.639 E2.37401
G1 X71.845 Y83.521 E2.38301
G1 X71.434 Y83.225 E2.39126
G1 X71.196 Y82.863 E2.39832
G1 X71.086 Y82.34 E2.40703
G1 X71.086 Y80.784 E2.43238
G1 X71.127 Y80.458 E2.43773
G1 X71.244 Y80.163 E2.4429
G1 X71.416 Y79.919 E2.44776
M204 S1000
G1 X71.846 Y80.246 F6000
M204 S500
G1 F900
G1 X71.927 Y80.154 E2.44976
G1 X72.249 Y80.005 E2.45554
G1 X76.309 Y80.005 E2.52167
G1 X71.606 Y70.787 E2.69024
G1 X71.521 Y70.432 E2.69619
G1 X71.545 Y69.796 E2.70656
G1 X71.621 Y69.604 E2.70992
G1 X71.773 Y69.412 E2.71391
G1 X72.008 Y69.263 E2.71844
G1 X72.301 Y69.206 E2.7233
G1 X80.134 Y69.206 E2.85089
G1 X80.404 Y69.255 E2.85536
G1 X80.629 Y69.384 E2.85958
G1 X80.784 Y69.556 E2.86335
G1 X80.872 Y69.736 E2.86661
G1 X80.913 Y69.986 E2.87074
G1 X80.913 Y71.541 E2.89607
G1 X80.883 Y71.755 E2.89959
G1 X80.8 Y71.945 E2.90297
G1 X80.542 Y72.205 E2.90894
G1 X80.243 Y72.321 E2.91416
G1 X75.926 Y72.321 E2.98448
G1 X80.643 Y81.538 E3.15314
G1 X80.728 Y81.893 E3.15909
G1 X80.716 Y82.474 E3.16856
G1 X80.644 Y82.691 E3.17228
G1 X80.496 Y82.894 E3.17637
G1 X80.256 Y83.056 E3.18109
G1 X79.949 Y83.119 E3.1862
G1 X72.385 Y83.119 E3.30941
G1 X72.061 Y83.049 E3.31481
G1 X71.815 Y82.871 E3.31976
G1 X71.671 Y82.653 E3.32402
G1 X71.605 Y82.34 E3.32923
G1 X71.605 Y80.784 E3.35458
G1 X71.7 Y80.411 E3.36085
G1 X71.796 Y80.302 E3.36322
M204 S1000
G1 X72.207 Y80.601 F6000
M204 S500
;TYPE:External perimeter
G1 F720
G1 X72.336 Y80.524 E3.36567
G1 X77.157 Y80.524 E3.4442
G1 X72.069 Y70.55 E3.62659
G1 X72.041 Y69.986 E3.63579
G1 X72.074 Y69.858 E3.63794
G1 X72.225 Y69.726 E3.64121
G1 X80.134 Y69.726 E3.77004
G1 X80.299 Y69.785 E3.77289
G1 X80.393 Y69.922 E3.7756
G1 X80.393 Y71.541 E3.80197
G1 X80.316 Y71.726 E3.80523
G1 X80.134 Y71.801 E3.80844
G1 X75.076 Y71.801 E3.89083
G1 X80.18 Y81.774 E4.07332
G1 X80.209 Y82.34 E4.08255
G1 X80.131 Y82.525 E4.08582
G1 X79.949 Y82.599 E4.08902
G1 X72.385 Y82.599 E4.21223
G1 X72.195 Y82.517 E4.2156
G1 X72.125 Y82.34 E4.2187
G1 X72.125 Y80.784 E4.24405
G1 X72.171 Y80.663 E4.24616
G1 X72.654 Y80.533 F6000
G1 E2.74616 F1200
G92 E0
M204 S1000
G1 X84.68 Y84.68 F6000
G1 E1.5 F1200
M204 S500
;TYPE:Perimeter
G1 F900
G1 X67.32 Y84.68 E1.78278
G1 X67.32 Y67.32 E2.06556
G1 X84.68 Y67.32 E2.34834
G1 X84.68 Y84.605 E2.6299
M204 S1000
G1 X85.199 Y85.199 F6000
M204 S500
G1 F900
G1 X66.801 Y85.199 E2.92959
G1 X66.801 Y66.801 E3.22928
G1 X85.199 Y66.801 E3.52897
G1 X85.199 Y85.124 E3.82744
M204 S1000
G1 X85.719 Y85.719 F6000
M204 S500
;TYPE:External perimeter
G1 F720
G1 X66.281 Y85.719 E4.14407
G1 X66.281 Y66.281 E4.4607
G1 X85.719 Y66.281 E4.77733
G1 X85.719 Y85.644 E5.09274
G1 X85.224 Y85.718 F6000
G1 E3.59274 F1200
G92 E0
M204 S1000
G1 X80.059 Y84.29 F6000
G1 E1.5 F1200
M204 S500
;TYPE:Internal infill
;WIDTH:0.5625
G1 X76.942 Y84.29 E1.55077
G1 X76.68 Y84.028 E1.55681
G1 X75.32 Y84.028 E1.57896
G1 X75.058 Y84.29 E1.585
G1 X69.594 Y84.29 E1.674
G1 X67.71 Y82.406 E1.7174
G1 X67.71 Y84.29 E1.74809
G1 X70.696 Y81.304 E1.81688
G1 X70.712 Y82.578 E1.83763
G1 X70.838 Y83.022 E1.84515
G1 X71.149 Y83.494 E1.85436
G1 X71.683 Y83.879 E1.86508
G1 X71.838 Y83.912 E1.86766
G1 E.36766
G92 E0
M204 S1000
G1 X72.759 Y75.047 F6000
G1 E1.5 F1200
M204 S500
G1 X74.176 Y77.824 E1.55078
G1 X72.905 Y79.095 E1.58006
G1 X72.377 Y79.095 E1.58866
G1 X71.844 Y79.192 E1.59748
G1 X67.71 Y75.058 E1.69271
G1 X67.71 Y76.942 E1.7234
G1 X71.694 Y72.958 E1.81518
G1 X70.793 Y71.193 E1.84746
G1 X70.636 Y70.636 E1.85689
G1 X67.71 Y67.71 E1.92429
G1 X67.71 Y69.594 E1.95498
G1 X69.594 Y67.71 E1.99838
G1 X75.058 Y67.71 E2.08738
G1 X75.645 Y68.297 E2.1009
G1 X76.355 Y68.297 E2.11247
G1 X76.942 Y67.71 E2.12599
G1 X80.059 Y67.71 E2.17676
M204 S1000
G1 X79.852 Y68.297 F6000
M204 S500
G1 F1200
G1 X80.72 Y68.4 E2.191
G1 X81.207 Y68.68 E2.20015
G1 X81.543 Y69.053 E2.20833
G1 X81.735 Y69.446 E2.21545
G1 X81.822 Y70.178 E2.22746
G1 X84.29 Y67.71 E2.28431
G1 X82.406 Y67.71 E2.315
G1 X84.29 Y69.594 E2.3584
G1 X84.29 Y72.711 E2.40917
G1 E.90917
G92 E0
M204 S1000
G1 X79.292 Y76.903 F6000
G1 E1.5 F1200
M204 S500
G1 X77.872 Y74.128 E1.55078
G1 X78.77 Y73.23 E1.57147
G1 X80.14 Y73.23 E1.59379
G1 X80.527 Y73.179 E1.60015
G1 X84.29 Y76.942 E1.68684
G1 X84.29 Y75.058 E1.71753
G1 X80.359 Y78.989 E1.80809
G1 X81.455 Y81.13 E1.84727
G1 X81.603 Y81.603 E1.85534
G1 X84.29 Y84.29 E1.91724
G1 X82.406 Y84.29 E1.94793
G1 X84.29 Y82.406 E1.99133
G1 X84.29 Y79.289 E2.0421
;LAYER_CHANGE
;Z:18.5
;HEIGHT:0.200001
G1 E.5421 F1200
G92 E0
G1 Z18.5 F6000
M204 S1000
G1 X71.471 Y79.869
G1 E1.5 F1200
M204 S500
;TYPE:Perimeter
;WIDTH:0.562499
G1 F900
G1 X71.621 Y79.733 E1.5033
G1 X72.08 Y79.521 E1.51154
G1 X72.385 Y79.485 E1.51654
G1 X75.461 Y79.485 E1.56665
G1 X71.144 Y71.023 E1.72139
G1 X71.021 Y70.657 E1.72768
G1 X71.002 Y69.986 E1.73861
G1 X71.041 Y69.669 E1.74381
G1 X71.169 Y69.349 E1.74942
G1 X71.421 Y69.03 E1.75604
G1 X71.813 Y68.782 E1.7636
G1 X72.301 Y68.687 E1.7717
G1 X80.134 Y68.687 E1.89929
G1 X80.585 Y68.768 E1.90675
G1 X80.959 Y68.983 E1.91378
G1 X81.217 Y69.27 E1.92007
G1 X81.364 Y69.569 E1.9255
G1 X81.433 Y69.986 E1.93238
G1 X81.433 Y71.541 E1.95771
G1 X81.383 Y71.897 E1.96357
G1 X81.244 Y72.215 E1.96922
G1 X81.044 Y72.468 E1.97447
G1 X80.814 Y72.648 E1.97923
G1 X80.316 Y72.84 E1.98792
G1 X76.775 Y72.84 E2.0456
G1 X81.105 Y81.301 E2.20042
G1 X81.211 Y81.584 E2.20534
G1 X81.248 Y82.34 E2.21767
G1 X81.223 Y82.593 E2.22181
G1 X81.108 Y82.925 E2.22753
G1 X80.861 Y83.264 E2.23436
G1 X80.46 Y83.534 E2.24223
G1 X80.108 Y83.639 E2.24821
G1 X72.385 Y83.639 E2.37401
G1 X71.845 Y83.521 E2.38301
G1 X71.434 Y83.225 E2.39126
G1 X71.196 Y82.863 E2.39832
G1 X71.086 Y82.34 E2.40703
G1 X71.086 Y80.784 E2.43238
G1 X71.127 Y80.458 E2.43773
G1 X71.244 Y80.163 E2.4429
G1 X71.416 Y79.919 E2.44776
M204 S1000
G1 X71.846 Y80.246 F6000
M204 S500
G1 F900
G1 X71.927 Y80.154 E2.44976
G1 X72.249 Y80.005 E2.45554
G1 X76.309 Y80.005 E2.52167
G1 X71.606 Y70.787 E2.69024
G1 X71.521 Y70.432 E2.69619
G1 X71.545 Y69.796 E2.70656
G1 X71.621 Y69.604 E2.70992
G1 X71.773 Y69.412 E2.71391
G1 X72.008 Y69.263 E2.71844
G1 X72.301 Y69.206 E2.7233
G1 X80.134 Y69.206 E2.85089
G1 X80.404 Y69.255 E2.85536
G1 X80.629 Y69.384 E2.85958
G1 X80.784 Y69.556 E2.86335
G1 X80.872 Y69.736 E2.86661
G1 X80.913 Y69.986 E2.87074
G1 X80.913 Y71.541 E2.89607
G1 X80.883 Y71.755 E2.89959
G1 X80.8 Y71.945 E2.90297
G1 X80.542 Y72.205 E2.90894
G1 X80.243 Y72.321 E2.91416
G1 X75.926 Y72.321 E2.98448
G1 X80.643 Y81.538 E3.15314
G1 X80.728 Y81.893 E3.15909
G1 X80.716 Y82.474 E3.16856
G1 X80.644 Y82.691 E3.17228
G1 X80.496 Y82.894 E3.17637
G1 X80.256 Y83.056 E3.18109
G1 X79.949 Y83.119 E3.1862
G1 X72.385 Y83.119 E3.30941
G1 X72.061 Y83.049 E3.31481
G1 X71.815 Y82.871 E3.31976
G1 X71.671 Y82.653 E3.32402
G1 X71.605 Y82.34 E3.32923
G1 X71.605 Y80.784 E3.35458
G1 X71.7 Y80.411 E3.36085
G1 X71.796 Y80.302 E3.36322
M204 S1000
G1 X72.207 Y80.601 F6000
M204 S500
;TYPE:External perimeter
G1 F720
G1 X72.336 Y80.524 E3.36567
G1 X77.157 Y80.524 E3.4442
G1 X72.069 Y70.55 E3.62659
G1 X72.041 Y69.986 E3.63579
G1 X72.074 Y69.858 E3.63794
G1 X72.225 Y69.726 E3.64121
G1 X80.134 Y69.726 E3.77004
G1 X80.299 Y69.785 E3.77289
G1 X80.393 Y69.922 E3.7756
G1 X80.393 Y71.541 E3.80197
G1 X80.316 Y71.726 E3.80523
G1 X80.134 Y71.801 E3.80844
G1 X75.076 Y71.801 E3.89083
G1 X80.18 Y81.774 E4.07332
G1 X80.209 Y82.34 E4.08255
G1 X80.131 Y82.525 E4.08582
G1 X79.949 Y82.599 E4.08902
G1 X72.385 Y82.599 E4.21223
G1 X72.195 Y82.517 E4.2156
G1 X72.125 Y82.34 E4.2187
G1 X72.125 Y80.784 E4.24405
G1 X72.171 Y80.663 E4.24616
G1 X72.654 Y80.533 F6000
G1 E2.74616 F1200
G92 E0
M204 S1000
G1 X84.68 Y84.68 F6000
G1 E1.5 F1200
M204 S500
;TYPE:Perimeter
G1 F900
G1 X67.32 Y84.68 E1.78278
G1 X67.32 Y67.32 E2.06556
G1 X84.68 Y67.32 E2.34834
G1 X84.68 Y84.605 E2.6299
M204 S1000
G1 X85.199 Y85.199 F6000
M204 S500
G1 F900
G1 X66.801 Y85.199 E2.92959
G1 X66.801 Y66.801 E3.22928
G1 X85.199 Y66.801 E3.52897
G1 X85.199 Y85.124 E3.82744
M204 S1000
G1 X85.719 Y85.719 F6000
M204 S500
;TYPE:External perimeter
G1 F720
G1 X66.281 Y85.719 E4.14407
G1 X66.281 Y66.281 E4.4607
G1 X85.719 Y66.281 E4.77733
G1 X85.719 Y85.644 E5.09274
G1 X85.224 Y85.718 F6000
G1 E3.59274 F1200
G92 E0
M204 S1000
G1 X80.059 Y84.29 F6000
G1 E1.5 F1200
M204 S500
;TYPE:Internal infill
;WIDTH:0.5625
G1 X76.942 Y84.29 E1.55077
G1 X76.68 Y84.028 E1.55681
G1 X75.32 Y84.028 E1.57896
G1 X75.058 Y84.29 E1.585
G1 X69.594 Y84.29 E1.674
G1 X67.71 Y82.406 E1.7174
G1 X67.71 Y84.29 E1.74809
G1 X70.696 Y81.304 E1.81688
G1 X70.712 Y82.578 E1.83763
G1 X70.838 Y83.022 E1.84515
G1 X71.149 Y83.494 E1.85436
G1 X71.683 Y83.879 E1.86508
G1 X71.838 Y83.912 E1.86766
G1 E.36766
G92 E0
M204 S1000
G1 X72.759 Y75.047 F6000
G1 E1.5 F1200
M204 S500
G1 X74.176 Y77.824 E1.55078
G1 X72.905 Y79.095 E1.58006
G1 X72.377 Y79.095 E1.58866
G1 X71.844 Y79.192 E1.59748
G1 X67.71 Y75.058 E1.69271
G1 X67.71 Y76.942 E1.7234
G1 X71.694 Y72.958 E1.81518
G1 X70.793 Y71.193 E1.84746
G1 X70.636 Y70.636 E1.85689
G1 X67.71 Y67.71 E1.92429
G1 X67.71 Y69.594 E1.95498
G1 X69.594 Y67.71 E1.99838
G1 X75.058 Y67.71 E2.08738
G1 X75.645 Y68.297 E2.1009
G1 X76.355 Y68.297 E2.11247
G1 X76.942 Y67.71 E2.12599
G1 X80.059 Y67.71 E2.17676
M204 S1000
G1 X79.852 Y68.297 F6000
M204 S500
G1 F1200
G1 X80.72 Y68.4 E2.191
G1 X81.207 Y68.68 E2.20015
G1 X81.543 Y69.053 E2.20833
G1 X81.735 Y69.446 E2.21545
G1 X81.822 Y70.178 E2.22746
G1 X84.29 Y67.71 E2.28431
G1 X82.406 Y67.71 E2.315
G1 X84.29 Y69.594 E2.3584
G1 X84.29 Y72.711 E2.40917
G1 E.90917
G92 E0
M204 S1000
G1 X79.292 Y76.903 F6000
G1 E1.5 F1200
M204 S500
G1 X77.872 Y74.128 E1.55078
G1 X78.77 Y73.23 E1.57147
G1 X80.14 Y73.23 E1.59379
G1 X80.527 Y73.179 E1.60015
G1 X84.29 Y76.942 E1.68684
G1 X84.29 Y75.058 E1.71753
G1 X80.359 Y78.989 E1.80809
G1 X81.455 Y81.13 E1.84727
G1 X81.603 Y81.603 E1.85534
G1 X84.29 Y84.29 E1.91724
G1 X82.406 Y84.29 E1.94793
G1 X84.29 Y82.406 E1.99133
G1 X84.29 Y79.289 E2.0421
;LAYER_CHANGE
;Z:18.7
;HEIGHT:0.200001
G1 E.5421 F1200
G92 E0
G1 Z18.7 F6000
M204 S1000
G1 X71.471 Y79.869
G1 E1.5 F1200
M204 S500
;TYPE:Perimeter
;WIDTH:0.562499
G1 F900
G1 X71.621 Y79.733 E1.5033
G1 X72.08 Y79.521 E1.51154
G1 X72.385 Y79.485 E1.51654
G1 X75.461 Y79.485 E1.56665
G1 X71.144 Y71.023 E1.72139
G1 X71.021 Y70.657 E1.72768
G1 X71.002 Y69.986 E1.73861
G1 X71.041 Y69.669 E1.74381
G1 X71.169 Y69.349 E1.74942
G1 X71.421 Y69.03 E1.75604
G1 X71.813 Y68.782 E1.7636
G1 X72.301 Y68.687 E1.7717
G1 X80.134 Y68.687 E1.89929
G1 X80.585 Y68.768 E1.90675
G1 X80.959 Y68.983 E1.91378
G1 X81.217 Y69.27 E1.92007
G1 X81.364 Y69.569 E1.9255
G1 X81.433 Y69.986 E1.93238
G1 X81.433 Y71.541 E1.95771
G1 X81.383 Y71.897 E1.96357
G1 X81.244 Y72.215 E1.96922
G1 X81.044 Y72.468 E1.97447
G1 X80.814 Y72.648 E1.97923
G1 X80.316 Y72.84 E1.98792
G1 X76.775 Y72.84 E2.0456
G1 X81.105 Y81.301 E2.20042
G1 X81.211 Y81.584 E2.20534
G1 X81.248 Y82.34 E2.21767
G1 X81.223 Y82.593 E2.22181
G1 X81.108 Y82.925 E2.22753
G1 X80.861 Y83.264 E2.23436
G1 X80.46 Y83.534 E2.24223
G1 X80.108 Y83.639 E2.24821
G1 X72.385 Y83.639 E2.37401
G1 X71.845 Y83.521 E2.38301
G1 X71.434 Y83.225 E2.39126
G1 X71.196 Y82.863 E2.39832
G1 X71.086 Y82.34 E2.40703
G1 X71.086 Y80.784 E2.43238
G1 X71.127 Y80.458 E2.43773
G1 X71.244 Y80.163 E2.4429
G1 X71.416 Y79.919 E2.44776
M204 S1000
G1 X71.846 Y80.246 F6000
M204 S500
G1 F900
G1 X71.927 Y80.154 E2.44976
G1 X72.249 Y80.005 E2.45554
G1 X76.309 Y80.005 E2.52167
G1 X71.606 Y70.787 E2.69024
G1 X71.521 Y70.432 E2.69619
G1 X71.545 Y69.796 E2.70656
G1 X71.621 Y69.604 E2.70992
G1 X71.773 Y69.412 E2.71391
G1 X72.008 Y69.263 E2.71844
G1 X72.301 Y69.206 E2.7233
G1 X80.134 Y69.206 E2.85089
G1 X80.404 Y69.255 E2.85536
G1 X80.629 Y69.384 E2.85958
G1 X80.784 Y69.556 E2.86335
G1 X80.872 Y69.736 E2.86661
G1 X80.913 Y69.986 E2.87074
G1 X80.913 Y71.541 E2.89607
G1 X80.883 Y71.755 E2.89959
G1 X80.8 Y71.945 E2.90297
G1 X80.542 Y72.205 E2.90894
G1 X80.243 Y72.321 E2.91416
G1 X75.926 Y72.321 E2.98448
G1 X80.643 Y81.538 E3.15314
G1 X80.728 Y81.893 E3.15909
G1 X80.716 Y82.474 E3.16856
G1 X80.644 Y82.691 E3.17228
G1 X80.496 Y82.894 E3.17637
G1 X80.256 Y83.056 E3.18109
G1 X79.949 Y83.119 E3.1862
G1 X72.385 Y83.119 E3.30941
G1 X72.061 Y83.049 E3.31481
G1 X71.815 Y82.871 E3.31976
G1 X71.671 Y82.653 E3.32402
G1 X71.605 Y82.34 E3.32923
G1 X71.605 Y80.784 E3.35458
G1 X71.7 Y80.411 E3.36085
G1 X71.796 Y80.302 E3.36322
M204 S1000
G1 X72.207 Y80.601 F6000
M204 S500
;TYPE:External perimeter
G1 F720
G1 X72.336 Y80.524 E3.36567
G1 X77.157 Y80.524 E3.4442
G1 X72.069 Y70.55 E3.62659
G1 X72.041 Y69.986 E3.63579
G1 X72.074 Y69.858 E3.63794
G1 X72.225 Y69.726 E3.64121
G1 X80.134 Y69.726 E3.77004
G1 X80.299 Y69.785 E3.77289
G1 X80.393 Y69.922 E3.7756
G1 X80.393 Y71.541 E3.80197
G1 X80.316 Y71.726 E3.80523
G1 X80.134 Y71.801 E3.80844
G1 X75.076 Y71.801 E3.89083
G1 X80.18 Y81.774 E4.07332
G1 X80.209 Y82.34 E4.08255
G1 X80.131 Y82.525 E4.08582
G1 X79.949 Y82.599 E4.08902
G1 X72.385 Y82.599 E4.21223
G1 X72.195 Y82.517 E4.2156
G1 X72.125 Y82.34 E4.2187
G1 X72.125 Y80.784 E4.24405
G1 X72.171 Y80.663 E4.24616
G1 X72.654 Y80.533 F6000
G1 E2.74616 F1200
G92 E0
M204 S1000
G1 X84.68 Y84.68 F6000
G1 E1.5 F1200
M204 S500
;TYPE:Perimeter
G1 F900
G1 X67.32 Y84.68 E1.78278
G1 X67.32 Y67.32 E2.06556
G1 X84.68 Y67.32 E2.34834
G1 X84.68 Y84.605 E2.6299
M204 S1000
G1 X85.199 Y85.199 F6000
M204 S500
G1 F900
G1 X66.801 Y85.199 E2.92959
G1 X66.801 Y66.801 E3.22928
G1 X85.199 Y66.801 E3.52897
G1 X85.199 Y85.124 E3.82744
M204 S1000
G1 X85.719 Y85.719 F6000
M204 S500
;TYPE:External perimeter
G1 F720
G1 X66.281 Y85.719 E4.14407
G1 X66.281 Y66.281 E4.4607
G1 X85.719 Y66.281 E4.77733
G1 X85.719 Y85.644 E5.09274
G1 X85.224 Y85.718 F6000
G1 E3.59274 F1200
G92 E0
M204 S1000
G1 X80.059 Y84.29 F6000
G1 E1.5 F1200
M204 S500
;TYPE:Internal infill
;WIDTH:0.5625
G1 X76.942 Y84.29 E1.55077
G1 X76.68 Y84.028 E1.55681
G1 X75.32 Y84.028 E1.57896
G1 X75.058 Y84.29 E1.585
G1 X69.594 Y84.29 E1.674
G1 X67.71 Y82.406 E1.7174
G1 X67.71 Y84.29 E1.74809
G1 X70.696 Y81.304 E1.81688
G1 X70.712 Y82.578 E1.83763
G1 X70.838 Y83.022 E1.84515
G1 X71.149 Y83.494 E1.85436
G1 X71.683 Y83.879 E1.86508
G1 X71.838 Y83.912 E1.86766
G1 E.36766
G92 E0
M204 S1000
G1 X72.759 Y75.047 F6000
G1 E1.5 F1200
M204 S500
G1 X74.176 Y77.824 E1.55078
G1 X72.905 Y79.095 E1.58006
G1 X72.377 Y79.095 E1.58866
G1 X71.844 Y79.192 E1.59748
G1 X67.71 Y75.058 E1.69271
G1 X67.71 Y76.942 E1.7234
G1 X71.694 Y72.958 E1.81518
G1 X70.793 Y71.193 E1.84746
G1 X70.636 Y70.636 E1.85689
G1 X67.71 Y67.71 E1.92429
G1 X67.71 Y69.594 E1.95498
G1 X69.594 Y67.71 E1.99838
G1 X75.058 Y67.71 E2.08738
G1 X75.645 Y68.297 E2.1009
G1 X76.355 Y68.297 E2.11247
G1 X76.942 Y67.71 E2.12599
G1 X80.059 Y67.71 E2.17676
M204 S1000
G1 X79.852 Y68.297 F6000
M204 S500
G1 F1200
G1 X80.72 Y68.4 E2.191
G1 X81.207 Y68.68 E2.20015
G1 X81.543 Y69.053 E2.20833
G1 X81.735 Y69.446 E2.21545
G1 X81.822 Y70.178 E2.22746
G1 X84.29 Y67.71 E2.28431
G1 X82.406 Y67.71 E2.315
G1 X84.29 Y69.594 E2.3584
G1 X84.29 Y72.711 E2.40917
G1 E.90917
G92 E0
M204 S1000
G1 X79.292 Y76.903 F6000
G1 E1.5 F1200
M204 S500
G1 X77.872 Y74.128 E1.55078
G1 X78.77 Y73.23 E1.57147
G1 X80.14 Y73.23 E1.59379
G1 X80.527 Y73.179 E1.60015
G1 X84.29 Y76.942 E1.68684
G1 X84.29 Y75.058 E1.71753
G1 X80.359 Y78.989 E1.80809
G1 X81.455 Y81.13 E1.84727
G1 X81.603 Y81.603 E1.85534
G1 X84.29 Y84.29 E1.91724
G1 X82.406 Y84.29 E1.94793
G1 X84.29 Y82.406 E1.99133
G1 X84.29 Y79.289 E2.0421
;LAYER_CHANGE
;Z:18.9
;HEIGHT:0.199999
G1 E.5421 F1200
G92 E0
G1 Z18.9 F6000
M204 S1000
G1 X71.471 Y79.869
G1 E1.5 F1200
M204 S500
;TYPE:Perimeter
;WIDTH:0.562499
G1 F900
G1 X71.621 Y79.733 E1.5033
G1 X72.08 Y79.521 E1.51154
G1 X72.385 Y79.485 E1.51654
G1 X75.461 Y79.485 E1.56665
G1 X71.144 Y71.023 E1.72139
G1 X71.021 Y70.657 E1.72768
G1 X71.002 Y69.986 E1.73861
G1 X71.041 Y69.669 E1.74381
G1 X71.169 Y69.349 E1.74942
G1 X71.421 Y69.03 E1.75604
G1 X71.813 Y68.782 E1.7636
G1 X72.301 Y68.687 E1.7717
G1 X80.134 Y68.687 E1.89929
G1 X80.585 Y68.768 E1.90675
G1 X80.959 Y68.983 E1.91378
G1 X81.217 Y69.27 E1.92007
G1 X81.364 Y69.569 E1.9255
G1 X81.433 Y69.986 E1.93238
G1 X81.433 Y71.541 E1.95771
G1 X81.383 Y71.897 E1.96357
G1 X81.244 Y72.215 E1.96922
G1 X81.044 Y72.468 E1.97447
G1 X80.814 Y72.648 E1.97923
G1 X80.316 Y72.84 E1.98792
G1 X76.775 Y72.84 E2.0456
G1 X81.105 Y81.301 E2.20042
G1 X81.211 Y81.584 E2.20534
G1 X81.248 Y82.34 E2.21767
G1 X81.223 Y82.593 E2.22181
G1 X81.108 Y82.925 E2.22753
G1 X80.861 Y83.264 E2.23436
G1 X80.46 Y83.534 E2.24223
G1 X80.108 Y83.639 E2.24821
G1 X72.385 Y83.639 E2.37401
G1 X71.845 Y83.521 E2.38301
G1 X71.434 Y83.225 E2.39126
G1 X71.196 Y82.863 E2.39832
G1 X71.086 Y82.34 E2.40703
G1 X71.086 Y80.784 E2.43238
G1 X71.127 Y80.458 E2.43773
G1 X71.244 Y80.163 E2.4429
G1 X71.416 Y79.919 E2.44776
M204 S1000
G1 X71.846 Y80.246 F6000
M204 S500
G1 F900
G1 X71.927 Y80.154 E2.44976
G1 X72.249 Y80.005 E2.45554
G1 X76.309 Y80.005 E2.52167
G1 X71.606 Y70.787 E2.69024
G1 X71.521 Y70.432 E2.69619
G1 X71.545 Y69.796 E2.70656
G1 X71.621 Y69.604 E2.70992
G1 X71.773 Y69.412 E2.71391
G1 X72.008 Y69.263 E2.71844
G1 X72.301 Y69.206 E2.7233
G1 X80.134 Y69.206 E2.85089
G1 X80.404 Y69.255 E2.85536
G1 X80.629 Y69.384 E2.85958
G1 X80.784 Y69.556 E2.86335
G1 X80.872 Y69.736 E2.86661
G1 X80.913 Y69.986 E2.87074
G1 X80.913 Y71.541 E2.89607
G1 X80.883 Y71.755 E2.89959
G1 X80.8 Y71.945 E2.90297
G1 X80.542 Y72.205 E2.90894
G1 X80.243 Y72.321 E2.91416
G1 X75.926 Y72.321 E2.98448
G1 X80.643 Y81.538 E3.15314
G1 X80.728 Y81.893 E3.15909
G1 X80.716 Y82.474 E3.16856
G1 X80.644 Y82.691 E3.17228
G1 X80.496 Y82.894 E3.17637
G1 X80.256 Y83.056 E3.18109
G1 X79.949 Y83.119 E3.1862
G1 X72.385 Y83.119 E3.30941
G1 X72.061 Y83.049 E3.31481
G1 X71.815 Y82.871 E3.31976
G1 X71.671 Y82.653 E3.32402
G1 X71.605 Y82.34 E3.32923
G1 X71.605 Y80.784 E3.35458
G1 X71.7 Y80.411 E3.36085
G1 X71.796 Y80.302 E3.36322
M204 S1000
G1 X72.207 Y80.601 F6000
M204 S500
;TYPE:External perimeter
G1 F720
G1 X72.336 Y80.524 E3.36567
G1 X77.157 Y80.524 E3.4442
G1 X72.069 Y70.55 E3.62659
G1 X72.041 Y69.986 E3.63579
G1 X72.074 Y69.858 E3.63794
G1 X72.225 Y69.726 E3.64121
G1 X80.134 Y69.726 E3.77004
G1 X80.299 Y69.785 E3.77289
G1 X80.393 Y69.922 E3.7756
G1 X80.393 Y71.541 E3.80197
G1 X80.316 Y71.726 E3.80523
G1 X80.134 Y71.801 E3.80844
G1 X75.076 Y71.801 E3.89083
G1 X80.18 Y81.774 E4.07332
G1 X80.209 Y82.34 E4.08255
G1 X80.131 Y82.525 E4.08582
G1 X79.949 Y82.599 E4.08902
G1 X72.385 Y82.599 E4.21223
G1 X72.195 Y82.517 E4.2156
G1 X72.125 Y82.34 E4.2187
G1 X72.125 Y80.784 E4.24405
G1 X72.171 Y80.663 E4.24616
G1 X72.654 Y80.533 F6000
G1 E2.74616 F1200
G92 E0
M204 S1000
G1 X84.68 Y84.68 F6000
G1 E1.5 F1200
M204 S500
;TYPE:Perimeter
G1 F900
G1 X67.32 Y84.68 E1.78278
G1 X67.32 Y67.32 E2.06556
G1 X84.68 Y67.32 E2.34834
G1 X84.68 Y84.605 E2.6299
M204 S1000
G1 X85.199 Y85.199 F6000
M204 S500
G1 F900
G1 X66.801 Y85.199 E2.92959
G1 X66.801 Y66.801 E3.22928
G1 X85.199 Y66.801 E3.52897
G1 X85.199 Y85.124 E3.82744
M204 S1000
G1 X85.719 Y85.719 F6000
M204 S500
;TYPE:External perimeter
G1 F720
G1 X66.281 Y85.719 E4.14407
G1 X66.281 Y66.281 E4.4607
G1 X85.719 Y66.281 E4.77733
G1 X85.719 Y85.644 E5.09274
G1 X85.224 Y85.718 F6000
G1 E3.59274 F1200
G92 E0
M204 S1000
G1 X80.059 Y84.29 F6000
G1 E1.5 F1200
M204 S500
;TYPE:Internal infill
;WIDTH:0.5625
G1 X76.942 Y84.29 E1.55077
G1 X76.68 Y84.028 E1.55681
G1 X75.32 Y84.028 E1.57896
G1 X75.058 Y84.29 E1.585
G1 X69.594 Y84.29 E1.674
G1 X67.71 Y82.406 E1.7174
G1 X67.71 Y84.29 E1.74809
G1 X70.696 Y81.304 E1.81688
G1 X70.712 Y82.578 E1.83763
G1 X70.838 Y83.022 E1.84515
G1 X71.149 Y83.494 E1.85436
G1 X71.683 Y83.879 E1.86508
G1 X71.838 Y83.912 E1.86766
G1 E.36766
G92 E0
M204 S1000
G1 X72.759 Y75.047 F6000
G1 E1.5 F1200
M204 S500
G1 X74.176 Y77.824 E1.55078
G1 X72.905 Y79.095 E1.58006
G1 X72.377 Y79.095 E1.58866
G1 X71.844 Y79.192 E1.59748
G1 X67.71 Y75.058 E1.69271
G1 X67.71 Y76.942 E1.7234
G1 X71.694 Y72.958 E1.81518
G1 X70.793 Y71.193 E1.84746
G1 X70.636 Y70.636 E1.85689
G1 X67.71 Y67.71 E1.92429
G1 X67.71 Y69.594 E1.95498
G1 X69.594 Y67.71 E1.99838
G1 X75.058 Y67.71 E2.08738
G1 X75.645 Y68.297 E2.1009
G1 X76.355 Y68.297 E2.11247
G1 X76.942 Y67.71 E2.12599
G1 X80.059 Y67.71 E2.17676
M204 S1000
G1 X79.852 Y68.297 F6000
M204 S500
G1 F1200
G1 X80.72 Y68.4 E2.191
G1 X81.207 Y68.68 E2.20015
G1 X81.543 Y69.053 E2.20833
G1 X81.735 Y69.446 E2.21545
G1 X81.822 Y70.178 E2.22746
G1 X84.29 Y67.71 E2.28431
G1 X82.406 Y67.71 E2.315
G1 X84.29 Y69.594 E2.3584
G1 X84.29 Y72.711 E2.40917
G1 E.90917
G92 E0
M204 S1000
G1 X79.292 Y76.903 F6000
G1 E1.5 F1200
M204 S500
G1 X77.872 Y74.128 E1.55078
G1 X78.77 Y73.23 E1.57147
G1 X80.14 Y73.23 E1.59379
G1 X80.527 Y73.179 E1.60015
G1 X84.29 Y76.942 E1.68684
G1 X84.29 Y75.058 E1.71753
G1 X80.359 Y78.989 E1.80809
G1 X81.455 Y81.13 E1.84727
G1 X81.603 Y81.603 E1.85534
G1 X84.29 Y84.29 E1.91724
G1 X82.406 Y84.29 E1.94793
G1 X84.29 Y82.406 E1.99133
G1 X84.29 Y79.289 E2.0421
;LAYER_CHANGE
;Z:19.1
;HEIGHT:0.200001
G1 E.5421 F1200
G92 E0
G1 Z19.1 F6000
M204 S1000
G1 X71.471 Y79.869
G1 E1.5 F1200
M204 S500
;TYPE:Perimeter
;WIDTH:0.562499
G1 F900
G1 X71.621 Y79.733 E1.5033
G1 X72.08 Y79.521 E1.51154
G1 X72.385 Y79.485 E1.51654
G1 X75.461 Y79.485 E1.56665
G1 X71.144 Y71.023 E1.72139
G1 X71.021 Y70.657 E1.72768
G1 X71.002 Y69.986 E1.73861
G1 X71.041 Y69.669 E1.74381
G1 X71.169 Y69.349 E1.74942
G1 X71.421 Y69.03 E1.75604
G1 X71.813 Y68.782 E1.7636
G1 X72.301 Y68.687 E1.7717
G1 X80.134 Y68.687 E1.89929
G1 X80.585 Y68.768 E1.90675
G1 X80.959 Y68.983 E1.91378
G1 X81.217 Y69.27 E1.92007
G1 X81.364 Y69.569 E1.9255
G1 X81.433 Y69.986 E1.93238
G1 X81.433 Y71.541 E1.95771
G1 X81.383 Y71.897 E1.96357
G1 X81.244 Y72.215 E1.96922
G1 X81.044 Y72.468 E1.97447
G1 X80.814 Y72.648 E1.97923
G1 X80.316 Y72.84 E1.98792
G1 X76.775 Y72.84 E2.0456
G1 X81.105 Y81.301 E2.20042
G1 X81.211 Y81.584 E2.20534
G1 X81.248 Y82.34 E2.21767
G1 X81.223 Y82.593 E2.22181
G1 X81.108 Y82.925 E2.22753
G1 X80.861 Y83.264 E2.23436
G1 X80.46 Y83.534 E2.24223
G1 X80.108 Y83.639 E2.24821
G1 X72.385 Y83.639 E2.37401
G1 X71.845 Y83.521 E2.38301
G1 X71.434 Y83.225 E2.39126
G1 X71.196 Y82.863 E2.39832
G1 X71.086 Y82.34 E2.40703
G1 X71.086 Y80.784 E2.43238
G1 X71.127 Y80.458 E2.43773
G1 X71.244 Y80.163 E2.4429
G1 X71.416 Y79.919 E2.44776
M204 S1000
G1 X71.846 Y80.246 F6000
M204 S500
G1 F900
G1 X71.927 Y80.154 E2.44976
G1 X72.249 Y80.005 E2.45554
G1 X76.309 Y80.005 E2.52167
G1 X71.606 Y70.787 E2.69024
G1 X71.521 Y70.432 E2.69619
G1 X71.545 Y69.796 E2.70656
G1 X71.621 Y69.604 E2.70992
G1 X71.773 Y69.412 E2.71391
G1 X72.008 Y69.263 E2.71844
G1 X72.301 Y69.206 E2.7233
G1 X80.134 Y69.206 E2.85089
G1 X80.404 Y69.255 E2.85536
G1 X80.629 Y69.384 E2.85958
G1 X80.784 Y69.556 E2.86335
G1 X80.872 Y69.736 E2.86661
G1 X80.913 Y69.986 E2.87074
G1 X80.913 Y71.541 E2.89607
G1 X80.883 Y71.755 E2.89959
G1 X80.8 Y71.945 E2.90297
G1 X80.542 Y72.205 E2.90894
G1 X80.243 Y72.321 E2.91416
G1 X75.926 Y72.321 E2.98448
G1 X80.643 Y81.538 E3.15314
G1 X80.728 Y81.893 E3.15909
G1 X80.716 Y82.474 E3.16856
G1 X80.644 Y82.691 E3.17228
G1 X80.496 Y82.894 E3.17637
G1 X80.256 Y83.056 E3.18109
G1 X79.949 Y83.119 E3.1862
G1 X72.385 Y83.119 E3.30941
G1 X72.061 Y83.049 E3.31481
G1 X71.815 Y82.871 E3.31976
G1 X71.671 Y82.653 E3.32402
G1 X71.605 Y82.34 E3.32923
G1 X71.605 Y80.784 E3.35458
G1 X71.7 Y80.411 E3.36085
G1 X71.796 Y80.302 E3.36322
M204 S1000
G1 X72.207 Y80.601 F6000
M204 S500
;TYPE:External perimeter
G1 F720
G1 X72.336 Y80.524 E3.36567
G1 X77.157 Y80.524 E3.4442
G1 X72.069 Y70.55 E3.62659
G1 X72.041 Y69.986 E3.63579
G1 X72.074 Y69.858 E3.63794
G1 X72.225 Y69.726 E3.64121
G1 X80.134 Y69.726 E3.77004
G1 X80.299 Y69.785 E3.77289
G1 X80.393 Y69.922 E3.7756
G1 X80.393 Y71.541 E3.80197
G1 X80.316 Y71.726 E3.80523
G1 X80.134 Y71.801 E3.80844
G1 X75.076 Y71.801 E3.89083
G1 X80.18 Y81.774 E4.07332
G1 X80.209 Y82.34 E4.08255
G1 X80.131 Y82.525 E4.08582
G1 X79.949 Y82.599 E4.08902
G1 X72.385 Y82.599 E4.21223
G1 X72.195 Y82.517 E4.2156
G1 X72.125 Y82.34 E4.2187
G1 X72.125 Y80.784 E4.24405
G1 X72.171 Y80.663 E4.24616
G1 X72.654 Y80.533 F6000
G1 E2.74616 F1200
G92 E0
M204 S1000
G1 X84.68 Y84.68 F6000
G1 E1.5 F1200
M204 S500
;TYPE:Perimeter
G1 F900
G1 X67.32 Y84.68 E1.78278
G1 X67.32 Y67.32 E2.06556
G1 X84.68 Y67.32 E2.34834
G1 X84.68 Y84.605 E2.6299
M204 S1000
G1 X85.199 Y85.199 F6000
M204 S500
G1 F900
G1 X66.801 Y85.199 E2.92959
G1 X66.801 Y66.801 E3.22928
G1 X85.199 Y66.801 E3.52897
G1 X85.199 Y85.124 E3.82744
M204 S1000
G1 X85.719 Y85.719 F6000
M204 S500
;TYPE:External perimeter
G1 F720
G1 X66.281 Y85.719 E4.14407
G1 X66.281 Y66.281 E4.4607
G1 X85.719 Y66.281 E4.77733
G1 X85.719 Y85.644 E5.09274
G1 X85.224 Y85.718 F6000
G1 E3.59274 F1200
G92 E0
M204 S1000
G1 X80.059 Y84.29 F6000
G1 E1.5 F1200
M204 S500
;TYPE:Internal infill
;WIDTH:0.5625
G1 X76.942 Y84.29 E1.55077
G1 X76.68 Y84.028 E1.55681
G1 X75.32 Y84.028 E1.57896
G1 X75.058 Y84.29 E1.585
G1 X69.594 Y84.29 E1.674
G1 X67.71 Y82.406 E1.7174
G1 X67.71 Y84.29 E1.74809
G1 X70.696 Y81.304 E1.81688
G1 X70.712 Y82.578 E1.83763
G1 X70.838 Y83.022 E1.84515
G1 X71.149 Y83.494 E1.85436
G1 X71.683 Y83.879 E1.86508
G1 X71.838 Y83.912 E1.86766
G1 E.36766
G92 E0
M204 S1000
G1 X72.759 Y75.047 F6000
G1 E1.5 F1200
M204 S500
G1 X74.176 Y77.824 E1.55078
G1 X72.905 Y79.095 E1.58006
G1 X72.377 Y79.095 E1.58866
G1 X71.844 Y79.192 E1.59748
G1 X67.71 Y75.058 E1.69271
G1 X67.71 Y76.942 E1.7234
G1 X71.694 Y72.958 E1.81518
G1 X70.793 Y71.193 E1.84746
G1 X70.636 Y70.636 E1.85689
G1 X67.71 Y67.71 E1.92429
G1 X67.71 Y69.594 E1.95498
G1 X69.594 Y67.71 E1.99838
G1 X75.058 Y67.71 E2.08738
G1 X75.645 Y68.297 E2.1009
G1 X76.355 Y68.297 E2.11247
G1 X76.942 Y67.71 E2.12599
G1 X80.059 Y67.71 E2.17676
M204 S1000
G1 X79.852 Y68.297 F6000
M204 S500
G1 F1200
G1 X80.72 Y68.4 E2.191
G1 X81.207 Y68.68 E2.20015
G1 X81.543 Y69.053 E2.20833
G1 X81.735 Y69.446 E2.21545
G1 X81.822 Y70.178 E2.22746
G1 X84.29 Y67.71 E2.28431
G1 X82.406 Y67.71 E2.315
G1 X84.29 Y69.594 E2.3584
G1 X84.29 Y72.711 E2.40917
G1 E.90917
G92 E0
M204 S1000
G1 X79.292 Y76.903 F6000
G1 E1.5 F1200
M204 S500
G1 X77.872 Y74.128 E1.55078
G1 X78.77 Y73.23 E1.57147
G1 X80.14 Y73.23 E1.59379
G1 X80.527 Y73.179 E1.60015
G1 X84.29 Y76.942 E1.68684
G1 X84.29 Y75.058 E1.71753
G1 X80.359 Y78.989 E1.80809
G1 X81.455 Y81.13 E1.84727
G1 X81.603 Y81.603 E1.85534
G1 X84.29 Y84.29 E1.91724
G1 X82.406 Y84.29 E1.94793
G1 X84.29 Y82.406 E1.99133
G1 X84.29 Y79.289 E2.0421
;LAYER_CHANGE
;Z:19.3
;HEIGHT:0.199999
G1 E.5421 F1200
G92 E0
G1 Z19.3 F6000
M204 S1000
G1 X71.471 Y79.869
G1 E1.5 F1200
M204 S500
;TYPE:Perimeter
;WIDTH:0.562499
G1 F900
G1 X71.621 Y79.733 E1.5033
G1 X72.08 Y79.521 E1.51154
G1 X72.385 Y79.485 E1.51654
G1 X75.461 Y79.485 E1.56665
G1 X71.144 Y71.023 E1.72139
G1 X71.021 Y70.657 E1.72768
G1 X71.002 Y69.986 E1.73861
G1 X71.041 Y69.669 E1.74381
G1 X71.169 Y69.349 E1.74942
G1 X71.421 Y69.03 E1.75604
G1 X71.813 Y68.782 E1.7636
G1 X72.301 Y68.687 E1.7717
G1 X80.134 Y68.687 E1.89929
G1 X80.585 Y68.768 E1.90675
G1 X80.959 Y68.983 E1.91378
G1 X81.217 Y69.27 E1.92007
G1 X81.364 Y69.569 E1.9255
G1 X81.433 Y69.986 E1.93238
G1 X81.433 Y71.541 E1.95771
G1 X81.383 Y71.897 E1.96357
G1 X81.244 Y72.215 E1.96922
G1 X81.044 Y72.468 E1.97447
G1 X80.814 Y72.648 E1.97923
G1 X80.316 Y72.84 E1.98792
G1 X76.775 Y72.84 E2.0456
G1 X81.105 Y81.301 E2.20042
G1 X81.211 Y81.584 E2.20534
G1 X81.248 Y82.34 E2.21767
G1 X81.223 Y82.593 E2.22181
G1 X81.108 Y82.925 E2.22753
G1 X80.861 Y83.264 E2.23436
G1 X80.46 Y83.534 E2.24223
G1 X80.108 Y83.639 E2.24821
G1 X72.385 Y83.639 E2.37401
G1 X71.845 Y83.521 E2.38301
G1 X71.434 Y83.225 E2.39126
G1 X71.196 Y82.863 E2.39832
G1 X71.086 Y82.34 E2.40703
G1 X71.086 Y80.784 E2.43238
G1 X71.127 Y80.458 E2.43773
G1 X71.244 Y80.163 E2.4429
G1 X71.416 Y79.919 E2.44776
M204 S1000
G1 X71.846 Y80.246 F6000
M204 S500
G1 F900
G1 X71.927 Y80.154 E2.44976
G1 X72.249 Y80.005 E2.45554
G1 X76.309 Y80.005 E2.52167
G1 X71.606 Y70.787 E2.69024
G1 X71.521 Y70.432 E2.69619
G1 X71.545 Y69.796 E2.70656
G1 X71.621 Y69.604 E2.70992
G1 X71.773 Y69.412 E2.71391
G1 X72.008 Y69.263 E2.71844
G1 X72.301 Y69.206 E2.7233
G1 X80.134 Y69.206 E2.85089
G1 X80.404 Y69.255 E2.85536
G1 X80.629 Y69.384 E2.85958
G1 X80.784 Y69.556 E2.86335
G1 X80.872 Y69.736 E2.86661
G1 X80.913 Y69.986 E2.87074
G1 X80.913 Y71.541 E2.89607
G1 X80.883 Y71.755 E2.89959
G1 X80.8 Y71.945 E2.90297
G1 X80.542 Y72.205 E2.90894
G1 X80.243 Y72.321 E2.91416
G1 X75.926 Y72.321 E2.98448
G1 X80.643 Y81.538 E3.15314
G1 X80.728 Y81.893 E3.15909
G1 X80.716 Y82.474 E3.16856
G1 X80.644 Y82.691 E3.17228
G1 X80.496 Y82.894 E3.17637
G1 X80.256 Y83.056 E3.18109
G1 X79.949 Y83.119 E3.1862
G1 X72.385 Y83.119 E3.30941
G1 X72.061 Y83.049 E3.31481
G1 X71.815 Y82.871 E3.31976
G1 X71.671 Y82.653 E3.32402
G1 X71.605 Y82.34 E3.32923
G1 X71.605 Y80.784 E3.35458
G1 X71.7 Y80.411 E3.36085
G1 X71.796 Y80.302 E3.36322
M204 S1000
G1 X72.207 Y80.601 F6000
M204 S500
;TYPE:External perimeter
G1 F720
G1 X72.336 Y80.524 E3.36567
G1 X77.157 Y80.524 E3.4442
G1 X72.069 Y70.55 E3.62659
G1 X72.041 Y69.986 E3.63579
G1 X72.074 Y69.858 E3.63794
G1 X72.225 Y69.726 E3.64121
G1 X80.134 Y69.726 E3.77004
G1 X80.299 Y69.785 E3.77289
G1 X80.393 Y69.922 E3.7756
G1 X80.393 Y71.541 E3.80197
G1 X80.316 Y71.726 E3.80523
G1 X80.134 Y71.801 E3.80844
G1 X75.076 Y71.801 E3.89083
G1 X80.18 Y81.774 E4.07332
G1 X80.209 Y82.34 E4.08255
G1 X80.131 Y82.525 E4.08582
G1 X79.949 Y82.599 E4.08902
G1 X72.385 Y82.599 E4.21223
G1 X72.195 Y82.517 E4.2156
G1 X72.125 Y82.34 E4.2187
G1 X72.125 Y80.784 E4.24405
G1 X72.171 Y80.663 E4.24616
G1 X72.654 Y80.533 F6000
G1 E2.74616 F1200
G92 E0
M204 S1000
G1 X84.68 Y84.68 F6000
G1 E1.5 F1200
M204 S500
;TYPE:Perimeter
G1 F900
G1 X67.32 Y84.68 E1.78278
G1 X67.32 Y67.32 E2.06556
G1 X84.68 Y67.32 E2.34834
G1 X84.68 Y84.605 E2.6299
M204 S1000
G1 X85.199 Y85.199 F6000
M204 S500
G1 F900
G1 X66.801 Y85.199 E2.92959
G1 X66.801 Y66.801 E3.22928
G1 X85.199 Y66.801 E3.52897
G1 X85.199 Y85.124 E3.82744
M204 S1000
G1 X85.719 Y85.719 F6000
M204 S500
;TYPE:External perimeter
G1 F720
G1 X66.281 Y85.719 E4.14407
G1 X66.281 Y66.281 E4.4607
G1 X85.719 Y66.281 E4.77733
G1 X85.719 Y85.644 E5.09274
G1 X85.224 Y85.718 F6000
G1 E3.59274 F1200
G92 E0
M204 S1000
G1 X83.77 Y79.808 F6000
G1 E1.5 F1200
M204 S500
;TYPE:Internal infill
;WIDTH:0.5625
G1 X83.77 Y82.926 E1.55079
G1 X82.926 Y83.77 E1.57023
G1 X83.77 Y83.77 E1.58398
G1 X82.157 Y82.157 E1.62114
G1 X82.098 Y81.368 E1.63403
G1 X81.932 Y80.921 E1.6418
G1 X80.746 Y78.602 E1.68423
G1 X83.77 Y75.578 E1.75389
G1 X83.77 Y76.422 E1.76764
G1 X80.942 Y73.594 E1.83279
G1 X81.295 Y73.423 E1.83918
G1 X81.687 Y73.117 E1.84728
G1 X82.028 Y72.687 E1.85622
G1 X82.252 Y72.173 E1.86535
G1 X82.342 Y71.569 E1.8753
G1 X82.303 Y69.697 E1.9058
G1 X83.77 Y68.23 E1.93959
G1 X82.926 Y68.23 E1.95334
G1 X83.77 Y69.074 E1.97278
G1 X83.77 Y72.192 E2.02357
G1 E.52357
G92 E0
M204 S1000
G1 X78.753 Y68.297 F6000
G1 E1.5 F1200
M204 S500
G1 X79.223 Y68.297 E1.50766
G1 X78.936 Y67.71 E1.5183
G1 X76.942 Y67.71 E1.55078
G1 X76.355 Y68.297 E1.5643
G1 X75.645 Y68.297 E1.57587
G1 X75.058 Y67.71 E1.58939
G1 X74.019 Y67.71 E1.60631
G1 X73.851 Y67.878 E1.61018
G1 X73.976 Y68.297 E1.6173
G1 X75.38 Y68.297 E1.64017
M204 S1000
G1 X73.316 Y67.71 F6000
M204 S500
;TYPE:Solid infill
;WIDTH:0.56251
G1 F1080
G1 X67.97 Y67.71 E1.72725
;WIDTH:0.607084
G1 X67.862 Y67.732 E1.7292
;WIDTH:0.651658
G1 X67.755 Y67.755 E1.73129
G1 X67.732 Y67.862 E1.73338
;WIDTH:0.607084
G1 X67.71 Y67.97 E1.73533
;WIDTH:0.56251
G1 X67.71 Y84.03 E1.99694
;WIDTH:0.607082
G1 X67.732 Y84.138 E1.99889
;WIDTH:0.651654
G1 X67.755 Y84.245 E2.00098
G1 X67.862 Y84.268 E2.00307
;WIDTH:0.60708
G1 X67.97 Y84.29 E2.00502
;WIDTH:0.56251
G1 X71.419 Y84.29 E2.0612
;WIDTH:0.608644
G1 X71.474 Y84.267 E2.06226
;WIDTH:0.654778
G1 X71.529 Y84.244 E2.0634
;WIDTH:0.700912
G1 X71.584 Y84.221 E2.06463
;WIDTH:0.747046
G1 X71.638 Y84.198 E2.06593
;WIDTH:0.79318
G1 X71.693 Y84.175 E2.06733
;WIDTH:0.839314
G1 X71.748 Y84.152 E2.06882
;WIDTH:0.885448
G1 X71.803 Y84.128 E2.07041
;WIDTH:0.931582
G1 X71.857 Y84.105 E2.07205
G1 E.57205 F1200
G92 E0
M204 S1000
G1 X80.483 Y84.115 F6000
G1 E1.5 F1200
M204 S500
;WIDTH:0.913118
G1 F1080
G1 X80.213 Y84.137 E1.50739
;WIDTH:0.868665
G1 X79.943 Y84.159 E1.5144
;WIDTH:0.824214
G1 X72.399 Y84.159 E1.69918
;WIDTH:0.860004
G1 X72.218 Y84.141 E1.70384
;WIDTH:0.895793
G1 X72.038 Y84.123 E1.70868
;WIDTH:0.931582
G1 X71.857 Y84.105 E1.71375
G1 X71.823 Y84.069 E1.71513
;WIDTH:0.887628
G1 X71.789 Y84.033 E1.71644
;WIDTH:0.843673
G1 X71.754 Y83.997 E1.7177
;WIDTH:0.799719
G1 X71.72 Y83.961 E1.71887
;WIDTH:0.755764
G1 X71.686 Y83.925 E1.71998
;WIDTH:0.71181
G1 X71.652 Y83.889 E1.72102
;WIDTH:0.667855
G1 X71.617 Y83.853 E1.722
;WIDTH:0.623901
G1 X71.583 Y83.817 E1.7229
;WIDTH:0.579946
G1 X71.149 Y83.49 E1.73205
;WIDTH:0.566446
G1 X70.86 Y83.055 E1.74062
;WIDTH:0.56251
G1 X70.72 Y82.604 E1.74831
G1 X70.696 Y82.335 E1.75271
G1 X70.696 Y80.792 E1.77784
G1 X70.745 Y80.393 E1.78439
G1 X70.889 Y80.005 E1.79113
G1 X71.109 Y79.682 E1.7975
G1 X71.372 Y79.435 E1.80338
G1 X71.649 Y79.266 E1.80867
G1 X71.963 Y79.151 E1.81412
G1 X72.392 Y79.095 E1.82117
G1 X74.4 Y79.095 E1.85388
;WIDTH:0.603272
G1 X74.473 Y79.075 E1.85521
;WIDTH:0.644034
G1 X74.546 Y79.055 E1.85664
;WIDTH:0.684796
G1 X74.618 Y79.034 E1.85815
;WIDTH:0.725558
G1 X74.691 Y79.014 E1.85977
G1 X74.676 Y78.94 E1.86139
;WIDTH:0.684796
G1 X74.661 Y78.866 E1.86291
;WIDTH:0.644034
G1 X74.646 Y78.792 E1.86433
;WIDTH:0.603272
G1 X74.632 Y78.718 E1.86565
;WIDTH:0.56251
G1 X70.8 Y71.206 E2.00302
G1 X70.67 Y70.861 E2.00903
;WIDTH:0.562914
G1 X70.612 Y70.41 E2.01644
G1 X70.658 Y69.607 E2.02955
;WIDTH:0.56251
G1 X70.852 Y69.126 E2.038
G1 X71.195 Y68.717 E2.0467
G1 X71.63 Y68.441 E2.05509
G1 X71.984 Y68.329 E2.06114
G1 X72.306 Y68.297 E2.06641
G1 X73.434 Y68.297 E2.08478
G1 E.58478 F1200
G92 E0
M204 S1000
G1 X79.514 Y67.71 F6000
G1 E1.5 F1200
M204 S500
G1 F1080
G1 X84.03 Y67.71 E1.57356
;WIDTH:0.607084
G1 X84.138 Y67.732 E1.57551
;WIDTH:0.651658
G1 X84.245 Y67.755 E1.5776
G1 X84.268 Y67.862 E1.57969
;WIDTH:0.607084
G1 X84.29 Y67.97 E1.58164
;WIDTH:0.56251
G1 X84.29 Y84.03 E1.84325
;WIDTH:0.607084
G1 X84.268 Y84.138 E1.8452
;WIDTH:0.651658
G1 X84.245 Y84.245 E1.84729
G1 X84.138 Y84.268 E1.84938
;WIDTH:0.607084
G1 X84.03 Y84.29 E1.85133
;WIDTH:0.56251
G1 X80.909 Y84.29 E1.90217
;WIDTH:0.606336
G1 X80.856 Y84.268 E1.90318
;WIDTH:0.650162
G1 X80.803 Y84.246 E1.90427
;WIDTH:0.693988
G1 X80.749 Y84.224 E1.90546
;WIDTH:0.737814
G1 X80.696 Y84.202 E1.90671
;WIDTH:0.78164
G1 X80.643 Y84.18 E1.90804
;WIDTH:0.825466
G1 X80.589 Y84.158 E1.90947
;WIDTH:0.869292
G1 X80.536 Y84.137 E1.91095
;WIDTH:0.913118
G1 X80.483 Y84.115 E1.91252
G1 X80.517 Y84.075 E1.91395
;WIDTH:0.866143
G1 X80.551 Y84.035 E1.9153
;WIDTH:0.819167
G1 X80.585 Y83.995 E1.91658
;WIDTH:0.772192
G1 X80.619 Y83.955 E1.91778
;WIDTH:0.725217
G1 X80.654 Y83.915 E1.91892
;WIDTH:0.678241
G1 X80.688 Y83.875 E1.91997
;WIDTH:0.631266
G1 X80.722 Y83.835 E1.92094
;WIDTH:0.58429
G1 X81.134 Y83.543 E1.92951
;WIDTH:0.566442
G1 X81.434 Y83.134 E1.93784
;WIDTH:0.562506
G1 X81.607 Y82.627 E1.94657
;WIDTH:0.560718
G1 X81.636 Y81.911 E1.9582
;WIDTH:0.562508
G1 X81.594 Y81.522 E1.96457
G1 X81.449 Y81.117 E1.97158
G1 X77.606 Y73.608 E2.10899
;WIDTH:0.603332
G1 X77.591 Y73.534 E2.11032
;WIDTH:0.644156
G1 X77.576 Y73.46 E2.11174
;WIDTH:0.68498
G1 X77.561 Y73.386 E2.11326
;WIDTH:0.725804
G1 X77.546 Y73.311 E2.1149
G1 X77.619 Y73.291 E2.11652
;WIDTH:0.684981
G1 X77.692 Y73.271 E2.11804
;WIDTH:0.644157
G1 X77.764 Y73.25 E2.11945
;WIDTH:0.603334
G1 X77.837 Y73.23 E2.12078
;WIDTH:0.56251
G1 X80.153 Y73.23 E2.15851
;WIDTH:0.563678
G1 X80.668 Y73.139 E2.16705
G1 X80.994 Y72.992 E2.17289
;WIDTH:0.56251
G1 X81.294 Y72.765 E2.17902
G1 X81.558 Y72.443 E2.1858
;WIDTH:0.581966
G1 X81.743 Y72.016 E2.19366
G1 X81.822 Y71.539 E2.20183
;WIDTH:0.562534
G1 X81.822 Y69.996 E2.22697
G1 X81.741 Y69.484 E2.23541
G1 X81.519 Y69.026 E2.2437
G1 X81.171 Y68.659 E2.25194
G1 X80.676 Y68.392 E2.2611
G1 X80.168 Y68.301 E2.26951
G1 X79.812 Y68.297 E2.27531
G1 E.77531 F1200
G92 E0
M204 S1000
G1 X70.269 Y69.155 F6000
G1 E1.5 F1200
M204 S500
;TYPE:Internal infill
;WIDTH:0.5625
G1 X70.374 Y68.893 E1.5046
G1 X70.805 Y68.349 E1.51591
G1 X70.993 Y68.23 E1.51953
G1 X69.074 Y68.23 E1.55079
G1 X68.23 Y69.074 E1.57023
G1 X68.23 Y68.23 E1.58398
G1 X70.093 Y70.093 E1.6269
G1 X70.151 Y70.956 E1.64099
G1 X70.316 Y71.402 E1.64874
G1 X71.307 Y73.345 E1.68427
G1 X68.23 Y76.422 E1.75515
G1 X68.23 Y75.578 E1.7689
G1 X71.439 Y78.787 E1.84282
G1 X71.872 Y78.632 E1.85031
G1 X72.346 Y78.576 E1.85808
G1 X73.424 Y78.576 E1.87564
G1 X73.79 Y78.21 E1.88407
G1 X72.373 Y75.433 E1.93485
G1 E.43485
G92 E0
M204 S1000
G1 X71.083 Y78.996 F6000
G1 E1.5 F1200
M204 S500
G1 X70.734 Y79.311 E1.50766
G1 X70.44 Y79.727 E1.51596
G1 X70.242 Y80.23 E1.52477
G1 X70.177 Y80.743 E1.53319
G1 X70.177 Y81.823 E1.55078
G1 X68.23 Y83.77 E1.59563
G1 X68.23 Y82.926 E1.60938
G1 X69.074 Y83.77 E1.62882
G1 X70.709 Y83.77 E1.65545
G1 X70.36 Y83.241 E1.66577
G1 X70.18 Y82.415 E1.67954
;LAYER_CHANGE
;Z:19.5
;HEIGHT:0.200001
G1 Z19.5 F6000
M204 S1000
G1 X71.471 Y79.869
M204 S500
;TYPE:Perimeter
;WIDTH:0.562499
G1 F900
G1 X71.621 Y79.733 E1.68284
G1 X72.08 Y79.521 E1.69108
G1 X72.385 Y79.485 E1.69608
G1 X75.461 Y79.485 E1.74619
G1 X71.144 Y71.023 E1.90093
G1 X71.021 Y70.657 E1.90722
G1 X71.002 Y69.986 E1.91815
G1 X71.041 Y69.669 E1.92335
G1 X71.169 Y69.349 E1.92896
G1 X71.421 Y69.03 E1.93558
G1 X71.813 Y68.782 E1.94314
G1 X72.301 Y68.687 E1.95124
G1 X80.134 Y68.687 E2.07883
G1 X80.585 Y68.768 E2.08629
G1 X80.959 Y68.983 E2.09332
G1 X81.217 Y69.27 E2.09961
G1 X81.364 Y69.569 E2.10504
G1 X81.433 Y69.986 E2.11192
G1 X81.433 Y71.541 E2.13725
G1 X81.383 Y71.897 E2.14311
G1 X81.244 Y72.215 E2.14876
G1 X81.044 Y72.468 E2.15401
G1 X80.814 Y72.648 E2.15877
G1 X80.316 Y72.84 E2.16746
G1 X76.775 Y72.84 E2.22514
G1 X81.105 Y81.301 E2.37996
G1 X81.211 Y81.584 E2.38488
G1 X81.248 Y82.34 E2.39721
G1 X81.223 Y82.593 E2.40135
G1 X81.108 Y82.925 E2.40707
G1 X80.861 Y83.264 E2.4139
G1 X80.46 Y83.534 E2.42177
G1 X80.108 Y83.639 E2.42775
G1 X72.385 Y83.639 E2.55355
G1 X71.845 Y83.521 E2.56255
G1 X71.434 Y83.225 E2.5708
G1 X71.196 Y82.863 E2.57786
G1 X71.086 Y82.34 E2.58657
G1 X71.086 Y80.784 E2.61192
G1 X71.127 Y80.458 E2.61727
G1 X71.244 Y80.163 E2.62244
G1 X71.416 Y79.919 E2.6273
M204 S1000
G1 X71.846 Y80.246 F6000
M204 S500
G1 F900
G1 X71.927 Y80.154 E2.6293
G1 X72.249 Y80.005 E2.63508
G1 X76.309 Y80.005 E2.70121
G1 X71.606 Y70.787 E2.86978
G1 X71.521 Y70.432 E2.87573
G1 X71.545 Y69.796 E2.8861
G1 X71.621 Y69.604 E2.88946
G1 X71.773 Y69.412 E2.89345
G1 X72.008 Y69.263 E2.89798
G1 X72.301 Y69.206 E2.90284
G1 X80.134 Y69.206 E3.03043
G1 X80.404 Y69.255 E3.0349
G1 X80.629 Y69.384 E3.03912
G1 X80.784 Y69.556 E3.04289
G1 X80.872 Y69.736 E3.04615
G1 X80.913 Y69.986 E3.05028
G1 X80.913 Y71.541 E3.07561
G1 X80.883 Y71.755 E3.07913
G1 X80.8 Y71.945 E3.08251
G1 X80.542 Y72.205 E3.08848
G1 X80.243 Y72.321 E3.0937
G1 X75.926 Y72.321 E3.16402
G1 X80.643 Y81.538 E3.33268
G1 X80.728 Y81.893 E3.33863
G1 X80.716 Y82.474 E3.3481
G1 X80.644 Y82.691 E3.35182
G1 X80.496 Y82.894 E3.35591
G1 X80.256 Y83.056 E3.36063
G1 X79.949 Y83.119 E3.36574
G1 X72.385 Y83.119 E3.48895
G1 X72.061 Y83.049 E3.49435
G1 X71.815 Y82.871 E3.4993
G1 X71.671 Y82.653 E3.50356
G1 X71.605 Y82.34 E3.50877
G1 X71.605 Y80.784 E3.53412
G1 X71.7 Y80.411 E3.54039
G1 X71.796 Y80.302 E3.54276
M204 S1000
G1 X72.207 Y80.601 F6000
M204 S500
;TYPE:External perimeter
G1 F720
G1 X72.336 Y80.524 E3.54521
G1 X77.157 Y80.524 E3.62374
G1 X72.069 Y70.55 E3.80613
G1 X72.041 Y69.986 E3.81533
G1 X72.074 Y69.858 E3.81748
G1 X72.225 Y69.726 E3.82075
G1 X80.134 Y69.726 E3.94958
G1 X80.299 Y69.785 E3.95243
G1 X80.393 Y69.922 E3.95514
G1 X80.393 Y71.541 E3.98151
G1 X80.316 Y71.726 E3.98477
G1 X80.134 Y71.801 E3.98798
G1 X75.076 Y71.801 E4.07037
G1 X80.18 Y81.774 E4.25286
G1 X80.209 Y82.34 E4.26209
G1 X80.131 Y82.525 E4.26536
G1 X79.949 Y82.599 E4.26856
G1 X72.385 Y82.599 E4.39177
G1 X72.195 Y82.517 E4.39514
G1 X72.125 Y82.34 E4.39824
G1 X72.125 Y80.784 E4.42359
G1 X72.171 Y80.663 E4.4257
G1 X72.654 Y80.533 F6000
G1 E2.9257 F1200
G92 E0
M204 S1000
G1 X84.68 Y84.68 F6000
G1 E1.5 F1200
M204 S500
;TYPE:Perimeter
G1 F900
G1 X67.32 Y84.68 E1.78278
G1 X67.32 Y67.32 E2.06556
G1 X84.68 Y67.32 E2.34834
G1 X84.68 Y84.605 E2.6299
M204 S1000
G1 X85.199 Y85.199 F6000
M204 S500
G1 F900
G1 X66.801 Y85.199 E2.92959
G1 X66.801 Y66.801 E3.22928
G1 X85.199 Y66.801 E3.52897
G1 X85.199 Y85.124 E3.82744
M204 S1000
G1 X85.719 Y85.719 F6000
M204 S500
;TYPE:External perimeter
G1 F720
G1 X66.281 Y85.719 E4.14407
G1 X66.281 Y66.281 E4.4607
G1 X85.719 Y66.281 E4.77733
G1 X85.719 Y85.644 E5.09274
G1 X85.224 Y85.718 F6000
G1 E3.59274 F1200
G92 E0
M204 S1000
G1 X67.478 Y83.384 F6000
G1 E1.5 F1200
M204 S500
;TYPE:Bridge infill
;WIDTH:0.512376
;HEIGHT:0.5
M106 S255
G1 F3600
G1 X68.368 Y84.275 E1.5407
G1 X69.164 Y84.275 E1.56643
G1 X67.725 Y82.836 E1.63221
G1 X67.725 Y82.041 E1.65791
G1 X69.959 Y84.275 E1.76002
G1 X70.754 Y84.275 E1.78572
G1 X67.725 Y81.246 E1.92417
G1 X67.725 Y80.45 E1.9499
G1 X71.55 Y84.275 E2.12474
G1 X72.345 Y84.275 E2.15044
G1 X72.043 Y83.972 E2.16427
G1 X71.677 Y83.893 E2.17637
G1 X71.138 Y83.504 E2.19785
G1 X70.824 Y83.028 E2.21628
G1 X70.716 Y82.646 E2.22911
G1 X67.725 Y79.655 E2.36583
G1 X67.725 Y78.86 E2.39153
G1 X70.681 Y81.815 E2.52662
G1 X70.681 Y81.02 E2.55232
G1 X67.725 Y78.064 E2.68744
G1 X67.725 Y77.269 E2.71314
G1 X70.757 Y80.3 E2.85171
G1 X70.887 Y79.969 E2.8632
G1 X71.025 Y79.774 E2.87092
G1 X67.725 Y76.474 E3.02176
G1 X67.725 Y75.678 E3.04749
G1 X71.426 Y79.379 E3.21666
G1 X71.664 Y79.239 E3.22558
G1 X71.973 Y79.131 E3.23616
G1 X67.725 Y74.883 E3.43033
G1 X67.725 Y74.088 E3.45603
G1 X72.718 Y79.08 E3.68423
G1 X73.513 Y79.08 E3.70993
G1 X67.725 Y73.292 E3.97449
G1 X67.725 Y72.497 E4.00019
G1 X74.308 Y79.08 E4.30109
G1 X74.799 Y79.08 E4.31696
G1 X74.483 Y78.459 E4.33948
G1 X67.725 Y71.702 E4.64836
G1 X67.725 Y70.907 E4.67406
G1 X73.654 Y76.836 E4.94507
G1 X72.826 Y75.212 E5.00399
G1 X67.725 Y70.111 E5.23715
G1 X67.725 Y69.316 E5.26285
G1 X71.998 Y73.589 E5.45817
G1 X71.17 Y71.965 E5.51709
G1 X67.725 Y68.521 E5.67454
G1 X67.725 Y67.725 E5.70027
G1 X70.618 Y70.618 E5.83251
G1 X70.597 Y70.441 E5.83827
G1 X70.597 Y69.977 E5.85327
G1 X70.616 Y69.821 E5.85835
G1 X68.521 Y67.725 E5.95413
G1 X69.316 Y67.725 E5.97983
G1 X70.793 Y69.203 E6.04737
G1 X70.815 Y69.148 E6.04928
G1 X71.133 Y68.747 E6.06582
G1 X70.111 Y67.725 E6.11253
G1 X70.907 Y67.725 E6.13826
G1 X71.614 Y68.433 E6.1706
G1 X72.005 Y68.307 E6.18388
G1 X72.261 Y68.285 E6.19218
G1 X71.702 Y67.725 E6.21775
G1 X72.497 Y67.725 E6.24345
G1 X73.301 Y68.529 E6.2802
M107
G1 E4.7802 F1200
G92 E0
M204 S1000
G1 X72.661 Y83.796 F6000
G1 E1.5 F1200
M204 S500
M106 S255
G1 F3600
G1 X73.14 Y84.275 E1.52189
G1 X73.936 Y84.275 E1.54762
G1 X73.704 Y84.043 E1.55822
G1 X74.5 Y84.043 E1.58395
G1 X74.731 Y84.275 E1.59453
G1 X75.526 Y84.275 E1.62023
G1 X75.295 Y84.043 E1.63081
G1 X76.09 Y84.043 E1.65651
G1 X76.322 Y84.275 E1.66711
G1 X77.117 Y84.275 E1.69281
G1 X76.886 Y84.043 E1.70339
G1 X77.681 Y84.043 E1.72909
G1 X77.912 Y84.275 E1.73967
G1 X78.708 Y84.275 E1.7654
G1 X78.476 Y84.043 E1.776
G1 X79.272 Y84.043 E1.80173
G1 X79.503 Y84.275 E1.81231
G1 X80.298 Y84.275 E1.83801
G1 X80.058 Y84.034 E1.849
G1 X80.245 Y84.018 E1.85507
G1 X80.625 Y83.905 E1.86788
G1 X80.684 Y83.865 E1.87018
G1 X81.093 Y84.275 E1.8889
G1 X81.889 Y84.275 E1.91463
G1 X81.156 Y83.542 E1.94813
G1 X81.483 Y83.073 E1.96661
G1 X82.684 Y84.275 E2.02153
G1 X83.479 Y84.275 E2.04723
G1 X81.644 Y82.439 E2.13113
G1 X81.653 Y81.884 E2.14907
G1 X81.621 Y81.621 E2.15763
G1 X84.275 Y84.275 E2.27894
G1 X84.275 Y83.479 E2.30467
G1 X80.998 Y80.202 E2.45446
G1 X80.164 Y78.573 E2.51361
G1 X84.275 Y82.684 E2.70152
G1 X84.275 Y81.889 E2.72722
G1 X79.331 Y76.945 E2.95321
G1 X78.497 Y75.316 E3.01236
G1 X84.275 Y81.093 E3.27644
G1 X84.275 Y80.298 E3.30214
G1 X77.663 Y73.687 E3.60435
G1 X77.437 Y73.245 E3.6204
G1 X78.017 Y73.245 E3.63915
G1 X84.275 Y79.503 E3.9252
G1 X84.275 Y78.707 E3.95093
G1 X78.812 Y73.245 E4.20062
G1 X79.608 Y73.245 E4.22635
G1 X84.275 Y77.912 E4.43967
G1 X84.275 Y77.117 E4.46537
G1 X80.38 Y73.223 E4.64338
G1 X80.721 Y73.141 E4.65472
G1 X80.973 Y73.019 E4.66377
G1 X84.275 Y76.321 E4.8147
G1 X84.275 Y75.526 E4.8404
G1 X81.407 Y72.658 E4.97149
G1 X81.592 Y72.425 E4.98111
G1 X81.706 Y72.162 E4.99037
G1 X84.275 Y74.731 E5.1078
G1 X84.275 Y73.935 E5.13353
G1 X81.837 Y71.498 E5.24495
G1 X81.837 Y70.703 E5.27065
G1 X84.275 Y73.14 E5.38207
G1 X84.275 Y72.345 E5.40777
G1 X81.824 Y69.895 E5.51978
G1 X81.75 Y69.441 E5.53465
G1 X81.556 Y69.044 E5.54893
G1 X81.217 Y68.668 E5.56529
G1 X80.726 Y68.386 E5.58359
G1 X80.226 Y68.296 E5.60001
G1 X79.655 Y67.725 E5.62611
G1 X80.45 Y67.725 E5.65181
G1 X84.275 Y71.55 E5.82665
G1 X84.275 Y70.754 E5.85238
G1 X81.246 Y67.725 E5.99083
G1 X82.041 Y67.725 E6.01653
G1 X84.275 Y69.959 E6.11864
G1 X84.275 Y69.164 E6.14434
G1 X82.836 Y67.725 E6.21012
G1 X83.632 Y67.725 E6.23585
G1 X84.522 Y68.616 E6.27655
M107
G1 E4.77655 F1200
G92 E0
M204 S1000
G1 X73.87 Y67.883 F6000
G1 E1.5 F1200
M204 S500
;TYPE:Solid infill
;WIDTH:0.596161
;HEIGHT:0.2
G1 F1080
G1 X73.948 Y67.805 E1.50191
G1 X73.955 Y67.727 E1.50327
G1 X78.926 Y67.727 E1.58949
G1 X79.196 Y68.28 E1.60016
G1 X73.988 Y68.28 E1.69049
G1 X73.944 Y68.132 E1.69317
;LAYER_CHANGE
;Z:19.7
;HEIGHT:0.200001
G1 E.19317 F1200
G92 E0
G1 Z19.7 F6000
M204 S1000
G1 X71.471 Y79.869
G1 E1.5 F1200
M204 S500
;TYPE:Perimeter
;WIDTH:0.562499
G1 F900
G1 X71.621 Y79.733 E1.5033
G1 X72.08 Y79.521 E1.51154
G1 X72.385 Y79.485 E1.51654
G1 X75.461 Y79.485 E1.56665
G1 X71.144 Y71.023 E1.72139
G1 X71.021 Y70.657 E1.72768
G1 X71.002 Y69.986 E1.73861
G1 X71.041 Y69.669 E1.74381
G1 X71.169 Y69.349 E1.74942
G1 X71.421 Y69.03 E1.75604
G1 X71.813 Y68.782 E1.7636
G1 X72.301 Y68.687 E1.7717
G1 X80.134 Y68.687 E1.89929
G1 X80.585 Y68.768 E1.90675
G1 X80.959 Y68.983 E1.91378
G1 X81.217 Y69.27 E1.92007
G1 X81.364 Y69.569 E1.9255
G1 X81.433 Y69.986 E1.93238
G1 X81.433 Y71.541 E1.95771
G1 X81.383 Y71.897 E1.96357
G1 X81.244 Y72.215 E1.96922
G1 X81.044 Y72.468 E1.97447
G1 X80.814 Y72.648 E1.97923
G1 X80.316 Y72.84 E1.98792
G1 X76.775 Y72.84 E2.0456
G1 X81.105 Y81.301 E2.20042
G1 X81.211 Y81.584 E2.20534
G1 X81.248 Y82.34 E2.21767
G1 X81.223 Y82.593 E2.22181
G1 X81.108 Y82.925 E2.22753
G1 X80.861 Y83.264 E2.23436
G1 X80.46 Y83.534 E2.24223
G1 X80.108 Y83.639 E2.24821
G1 X72.385 Y83.639 E2.37401
G1 X71.845 Y83.521 E2.38301
G1 X71.434 Y83.225 E2.39126
G1 X71.196 Y82.863 E2.39832
G1 X71.086 Y82.34 E2.40703
G1 X71.086 Y80.784 E2.43238
G1 X71.127 Y80.458 E2.43773
G1 X71.244 Y80.163 E2.4429
G1 X71.416 Y79.919 E2.44776
M204 S1000
G1 X71.846 Y80.246 F6000
M204 S500
G1 F900
G1 X71.927 Y80.154 E2.44976
G1 X72.249 Y80.005 E2.45554
G1 X76.309 Y80.005 E2.52167
G1 X71.606 Y70.787 E2.69024
G1 X71.521 Y70.432 E2.69619
G1 X71.545 Y69.796 E2.70656
G1 X71.621 Y69.604 E2.70992
G1 X71.773 Y69.412 E2.71391
G1 X72.008 Y69.263 E2.71844
G1 X72.301 Y69.206 E2.7233
G1 X80.134 Y69.206 E2.85089
G1 X80.404 Y69.255 E2.85536
G1 X80.629 Y69.384 E2.85958
G1 X80.784 Y69.556 E2.86335
G1 X80.872 Y69.736 E2.86661
G1 X80.913 Y69.986 E2.87074
G1 X80.913 Y71.541 E2.89607
G1 X80.883 Y71.755 E2.89959
G1 X80.8 Y71.945 E2.90297
G1 X80.542 Y72.205 E2.90894
G1 X80.243 Y72.321 E2.91416
G1 X75.926 Y72.321 E2.98448
G1 X80.643 Y81.538 E3.15314
G1 X80.728 Y81.893 E3.15909
G1 X80.716 Y82.474 E3.16856
G1 X80.644 Y82.691 E3.17228
G1 X80.496 Y82.894 E3.17637
G1 X80.256 Y83.056 E3.18109
G1 X79.949 Y83.119 E3.1862
G1 X72.385 Y83.119 E3.30941
G1 X72.061 Y83.049 E3.31481
G1 X71.815 Y82.871 E3.31976
G1 X71.671 Y82.653 E3.32402
G1 X71.605 Y82.34 E3.32923
G1 X71.605 Y80.784 E3.35458
G1 X71.7 Y80.411 E3.36085
G1 X71.796 Y80.302 E3.36322
M204 S1000
G1 X72.207 Y80.601 F6000
M204 S500
;TYPE:External perimeter
G1 F720
G1 X72.336 Y80.524 E3.36567
G1 X77.157 Y80.524 E3.4442
G1 X72.069 Y70.55 E3.62659
G1 X72.041 Y69.986 E3.63579
G1 X72.074 Y69.858 E3.63794
G1 X72.225 Y69.726 E3.64121
G1 X80.134 Y69.726 E3.77004
G1 X80.299 Y69.785 E3.77289
G1 X80.393 Y69.922 E3.7756
G1 X80.393 Y71.541 E3.80197
G1 X80.316 Y71.726 E3.80523
G1 X80.134 Y71.801 E3.80844
G1 X75.076 Y71.801 E3.89083
G1 X80.18 Y81.774 E4.07332
G1 X80.209 Y82.34 E4.08255
G1 X80.131 Y82.525 E4.08582
G1 X79.949 Y82.599 E4.08902
G1 X72.385 Y82.599 E4.21223
G1 X72.195 Y82.517 E4.2156
G1 X72.125 Y82.34 E4.2187
G1 X72.125 Y80.784 E4.24405
G1 X72.171 Y80.663 E4.24616
G1 X72.654 Y80.533 F6000
G1 E2.74616 F1200
G92 E0
M204 S1000
G1 X84.68 Y84.68 F6000
G1 E1.5 F1200
M204 S500
;TYPE:Perimeter
G1 F900
G1 X67.32 Y84.68 E1.78278
G1 X67.32 Y67.32 E2.06556
G1 X84.68 Y67.32 E2.34834
G1 X84.68 Y84.605 E2.6299
M204 S1000
G1 X85.199 Y85.199 F6000
M204 S500
G1 F900
G1 X66.801 Y85.199 E2.92959
G1 X66.801 Y66.801 E3.22928
G1 X85.199 Y66.801 E3.52897
G1 X85.199 Y85.124 E3.82744
M204 S1000
G1 X85.719 Y85.719 F6000
M204 S500
;TYPE:External perimeter
G1 F720
G1 X66.281 Y85.719 E4.14407
G1 X66.281 Y66.281 E4.4607
G1 X85.719 Y66.281 E4.77733
G1 X85.719 Y85.644 E5.09274
G1 X85.224 Y85.718 F6000
G1 E3.59274 F1200
G92 E0
M204 S1000
G1 X67.851 Y67.752 F6000
G1 E1.5 F1200
M204 S500
;TYPE:Solid infill
;WIDTH:0.688562
G1 F1080
G1 X67.794 Y67.695 E1.50163
G1 X67.716 Y67.716 E1.50327
G1 X67.695 Y67.794 E1.50491
G1 X67.752 Y67.851 E1.50654
G1 X67.83 Y67.83 E1.50818
;WIDTH:0.562499
G1 X67.71 Y68.66 E1.52184
G1 X68.66 Y67.71 E1.54372
G1 X69.395 Y67.71 E1.55569
G1 X67.71 Y69.395 E1.59451
G1 X67.71 Y70.13 E1.60648
G1 X70.13 Y67.71 E1.66223
G1 X70.864 Y67.71 E1.67419
G1 X67.71 Y70.864 E1.74685
G1 X67.71 Y71.599 E1.75882
G1 X71.599 Y67.71 E1.84841
G1 E.34841 F1200
G92 E0
M204 S1000
G1 X80.02 Y67.727 F6000
G1 E1.5 F1200
M204 S500
;WIDTH:0.596152
G1 F1080
G1 X72.186 Y67.727 E1.63588
G1 X72.201 Y67.857 E1.63815
G1 X71.657 Y68.411 E1.65162
G1 X72.111 Y68.28 E1.65982
G1 X80.122 Y68.28 E1.79877
G1 X80.676 Y68.392 E1.80857
;WIDTH:0.562499
G1 X81.171 Y68.659 E1.81773
G1 X81.519 Y69.026 E1.82597
G1 X81.741 Y69.484 E1.83426
G1 X81.822 Y69.996 E1.8427
G1 X81.822 Y71.535 E1.86777
G1 X81.783 Y71.882 E1.87346
;WIDTH:0.564009
G1 X81.598 Y72.374 E1.88205
;WIDTH:0.56436
G1 X81.551 Y72.453 E1.88355
G1 X81.99 Y72.016 E1.89368
;WIDTH:0.562499
G1 X84.106 Y69.899 E1.94244
G1 X84.29 Y69.899 E1.94544
G1 X84.29 Y67.71 E1.9811
G1 X80.737 Y67.71 E2.03898
;WIDTH:0.596151
G1 X80.28 Y67.727 E2.04691
M204 S1000
G1 X81.456 Y68.23 F6000
M204 S500
;WIDTH:0.562499
G1 F1080
G1 X83.77 Y68.23 E2.0846
G1 X83.77 Y69.532 E2.10581
G1 X83.739 Y69.532 E2.10631
G1 X82.342 Y70.929 E2.13849
G1 X82.342 Y69.996 E2.15369
G1 X82.254 Y69.399 E2.16352
G1 X82.185 Y69.183 E2.16721
G1 X81.905 Y68.678 E2.17662
G1 X81.64 Y68.413 E2.18272
G1 X82.563 Y68.757 E2.19877
;WIDTH:0.577216
G1 X83.243 Y68.757 E2.21016
G1 X83.243 Y69.282 E2.21895
G1 X82.836 Y69.689 E2.22859
G1 X82.759 Y69.235 E2.2363
G1 X82.661 Y68.997 E2.24061
G1 E.74061 F1200
G92 E0
M204 S1000
G1 X77.672 Y73.311 F6000
G1 E1.5 F1200
M204 S500
;WIDTH:0.771848
G1 F1080
G1 X77.607 Y73.246 E1.5021
G1 X77.519 Y73.27 E1.50418
G1 X77.496 Y73.358 E1.50626
G1 X77.56 Y73.422 E1.50833
G1 X77.648 Y73.399 E1.51041
;WIDTH:0.562499
G1 X77.805 Y73.996 E1.52047
G1 X78.571 Y73.23 E1.53812
G1 X79.306 Y73.23 E1.55009
G1 X78.053 Y74.482 E1.57894
G1 X78.302 Y74.968 E1.58784
G1 X80.041 Y73.23 E1.62789
G1 X80.242 Y73.158 E1.63137
;WIDTH:0.51521
G1 X80.443 Y73.086 E1.63453
;WIDTH:0.46792
G1 X80.391 Y73.1 E1.63525
G1 X80.354 Y73.063 E1.63595
G1 X80.367 Y73.011 E1.63666
G1 X80.419 Y72.998 E1.63737
G1 X80.456 Y73.035 E1.63807
G1 X80.186 Y72.994 E1.64171
G1 X80.148 Y72.956 E1.64243
G1 X80.097 Y72.97 E1.64313
G1 X80.083 Y73.021 E1.64383
G1 X80.12 Y73.059 E1.64454
G1 X80.172 Y73.045 E1.64526
M204 S1000
G1 X81.551 Y72.453 F6000
M204 S500
;WIDTH:0.56436
G1 F1080
G1 X81.416 Y72.598 E1.6485
;WIDTH:0.562499
G1 X78.551 Y75.454 E1.7144
G1 X78.8 Y75.94 E1.7233
G1 X84.29 Y70.45 E1.84977
G1 X84.29 Y71.185 E1.86174
G1 X79.048 Y76.427 E1.9825
G1 X79.297 Y76.913 E1.9914
G1 X84.29 Y71.92 E2.10642
G1 X84.29 Y72.655 E2.11839
G1 X79.546 Y77.399 E2.22768
G1 X79.795 Y77.885 E2.23658
G1 X84.29 Y73.389 E2.34014
G1 X84.29 Y74.124 E2.35211
G1 X80.043 Y78.371 E2.44995
G1 X80.292 Y78.857 E2.45885
G1 X84.29 Y74.859 E2.55095
G1 X84.29 Y75.594 E2.56292
G1 X80.541 Y79.343 E2.64928
G1 X80.79 Y79.829 E2.65818
G1 X84.29 Y76.329 E2.73881
G1 X84.29 Y77.063 E2.75077
G1 X81.038 Y80.315 E2.82568
G1 X81.287 Y80.801 E2.83458
G1 X84.29 Y77.798 E2.90376
G1 X84.29 Y78.533 E2.91573
G1 X81.52 Y81.303 E2.97954
G1 X81.637 Y81.92 E2.98977
G1 X84.29 Y79.268 E3.05087
G1 E1.55087 F1200
G92 E0
M204 S1000
G1 X71.22 Y68.757 F6000
G1 E1.5 F1200
M204 S500
;WIDTH:0.476492
G1 F1080
G1 X71.095 Y68.888 E1.50246
;WIDTH:0.519496
G1 X70.942 Y69.072 E1.50604
;WIDTH:0.562499
G1 X70.789 Y69.255 E1.50993
G1 X67.71 Y72.334 E1.58086
G1 X67.71 Y73.069 E1.59283
G1 X70.612 Y70.167 E1.65968
G1 X70.665 Y70.849 E1.67082
G1 X67.71 Y73.804 E1.73889
G1 X67.71 Y74.538 E1.75085
G1 X70.882 Y71.367 E1.82391
G1 X71.13 Y71.853 E1.8328
G1 X67.71 Y75.273 E1.91158
G1 X67.71 Y76.008 E1.92355
G1 X71.378 Y72.34 E2.00805
G1 X71.626 Y72.827 E2.01695
G1 X67.71 Y76.743 E2.10716
G1 X67.71 Y77.478 E2.11913
G1 X71.875 Y73.313 E2.21508
G1 X72.123 Y73.8 E2.22398
G1 X67.71 Y78.212 E2.32563
G1 X67.71 Y78.947 E2.3376
G1 X72.371 Y74.286 E2.44497
G1 X72.619 Y74.773 E2.45387
G1 X67.71 Y79.682 E2.56696
G1 X67.71 Y80.417 E2.57893
G1 X72.867 Y75.259 E2.69774
G1 X73.116 Y75.746 E2.70665
G1 X67.71 Y81.152 E2.83119
G1 X67.71 Y81.886 E2.84315
G1 X73.364 Y76.233 E2.97339
G1 X73.612 Y76.719 E2.98228
G1 X67.71 Y82.621 E3.11824
G1 X67.653 Y82.824 E3.12167
;WIDTH:0.51521
G1 X67.595 Y83.026 E3.12478
;WIDTH:0.46792
G1 X67.544 Y83.04 E3.12548
G1 X67.507 Y83.002 E3.12619
G1 X67.52 Y82.951 E3.12689
G1 X67.572 Y82.937 E3.12761
G1 X67.609 Y82.975 E3.12832
G1 E1.62832 F1200
G92 E0
M204 S1000
G1 X71.035 Y79.921 F6000
G1 E1.5 F1200
M204 S500
G1 F1080
G1 X71.189 Y79.738 E1.50319
G1 X71.522 Y79.432 E1.50922
;WIDTH:0.51521
G1 X71.706 Y79.304 E1.51254
;WIDTH:0.562499
G1 X71.89 Y79.176 E1.51619
G1 X73.86 Y77.206 E1.56157
G1 X74.109 Y77.692 E1.57047
G1 X72.706 Y79.095 E1.60279
M204 S1000
G1 X74.162 Y78.432 F6000
M204 S500
;WIDTH:0.644685
G1 F1080
G1 X73.54 Y79.054 E1.61939
G1 X74.757 Y79.054 E1.64235
G1 X74.346 Y78.248 E1.65942
G1 E.15942 F1200
G92 E0
M204 S1000
G1 X70.777 Y80.289 F6000
G1 E1.5 F1200
M204 S500
;WIDTH:0.562499
G1 F1080
G1 X67.71 Y83.356 E1.57065
M204 S1000
G1 X67.612 Y84.463 F6000
M204 S500
;WIDTH:0.46792
G1 F1080
G1 X67.561 Y84.477 E1.57135
G1 X67.523 Y84.439 E1.57207
G1 X67.537 Y84.388 E1.57277
G1 X67.589 Y84.374 E1.57349
G1 X67.626 Y84.412 E1.5742
;WIDTH:0.51521
G1 X67.668 Y84.251 E1.57666
;WIDTH:0.562499
G1 X67.71 Y84.091 E1.57935
G1 X70.696 Y81.105 E1.64814
G1 X70.696 Y81.84 E1.66011
G1 X68.246 Y84.29 E1.71655
G1 X68.819 Y84.549 E1.72679
;WIDTH:0.46792
G1 X68.767 Y84.563 E1.72751
G1 X68.73 Y84.525 E1.72822
G1 X68.744 Y84.474 E1.72892
G1 X68.795 Y84.46 E1.72962
G1 X68.832 Y84.498 E1.73033
;WIDTH:0.51521
G1 X68.907 Y84.394 E1.73223
;WIDTH:0.562499
G1 X68.981 Y84.29 E1.73431
G1 X70.711 Y82.559 E1.77417
G1 X70.896 Y83.109 E1.78362
G1 X71.188 Y83.522 E1.79186
G1 X71.736 Y83.89 E1.80261
;WIDTH:0.60762
G1 X71.833 Y83.934 E1.8045
;WIDTH:0.652741
G1 X71.929 Y83.978 E1.80652
;WIDTH:0.697862
G1 X72.025 Y84.022 E1.80869
;WIDTH:0.742983
G1 X72.122 Y84.066 E1.81103
;WIDTH:0.788104
G1 X72.218 Y84.11 E1.8135
;WIDTH:0.833224
G1 X72.315 Y84.155 E1.81615
G1 X72.211 Y84.177 E1.81878
;WIDTH:0.788104
G1 X72.108 Y84.2 E1.82125
;WIDTH:0.742983
G1 X72.004 Y84.222 E1.82358
;WIDTH:0.697862
G1 X71.9 Y84.245 E1.82577
;WIDTH:0.652741
G1 X71.797 Y84.267 E1.82778
;WIDTH:0.60762
G1 X71.693 Y84.29 E1.82967
;WIDTH:0.562499
G1 X69.715 Y84.29 E1.86189
G1 X70.712 Y83.293 E1.88486
M204 S1000
G1 X72.315 Y84.155 F6000
M204 S500
;WIDTH:0.833224
G1 F1080
G1 X72.399 Y84.159 E1.88694
;WIDTH:0.824196
G1 X79.943 Y84.159 E2.07172
G1 X79.994 Y84.136 E2.07309
;WIDTH:0.786464
G1 X80.045 Y84.113 E2.07439
;WIDTH:0.748735
G1 X80.096 Y84.09 E2.07563
;WIDTH:0.711007
G1 X80.147 Y84.067 E2.0768
;WIDTH:0.673278
G1 X80.239 Y84.014 E2.0789
;WIDTH:0.632207
G1 X80.331 Y83.961 E2.08086
;WIDTH:0.591135
G1 X80.422 Y83.908 E2.08267
;WIDTH:0.550064
G1 X80.514 Y83.855 E2.08436
;WIDTH:0.508992
G1 X80.606 Y83.802 E2.08591
;WIDTH:0.46792
G1 X81.04 Y83.443 E2.09341
G1 X81.366 Y83.063 E2.10008
;WIDTH:0.51521
G1 X81.482 Y82.879 E2.1033
;WIDTH:0.562499
G1 X81.597 Y82.695 E2.10683
G1 X84.29 Y80.003 E2.16886
G1 X84.29 Y80.737 E2.18082
G1 X80.737 Y84.29 E2.26267
G1 E.76267 F1200
G92 E0
M204 S1000
G1 X84.106 Y81.656 F6000
G1 E1.5 F1200
M204 S500
G1 F1080
G1 X81.472 Y84.29 E1.56068
G1 X84.29 Y84.29 E1.60658
G1 X84.29 Y81.472 E1.65248
M204 S1000
G1 X83.747 Y82.782 F6000
M204 S500
;WIDTH:0.608438
G1 F1080
G1 X83.747 Y83.747 E1.66959
G1 X82.782 Y83.747 E1.6867
G1 X83.564 Y82.966 E1.70629
;LAYER_CHANGE
;Z:19.9
;HEIGHT:0.199999
G1 E.20629 F1200
G92 E0
G1 Z19.9 F6000
M204 S1000
G1 X71.471 Y79.869
G1 E1.5 F1200
M204 S500
;TYPE:Perimeter
;WIDTH:0.562499
G1 F900
G1 X71.621 Y79.733 E1.5033
G1 X72.08 Y79.521 E1.51154
G1 X72.385 Y79.485 E1.51654
G1 X75.461 Y79.485 E1.56665
G1 X71.144 Y71.023 E1.72139
G1 X71.021 Y70.657 E1.72768
G1 X71.002 Y69.986 E1.73861
G1 X71.041 Y69.669 E1.74381
G1 X71.169 Y69.349 E1.74942
G1 X71.421 Y69.03 E1.75604
G1 X71.813 Y68.782 E1.7636
G1 X72.301 Y68.687 E1.7717
G1 X80.134 Y68.687 E1.89929
G1 X80.585 Y68.768 E1.90675
G1 X80.959 Y68.983 E1.91378
G1 X81.217 Y69.27 E1.92007
G1 X81.364 Y69.569 E1.9255
G1 X81.433 Y69.986 E1.93238
G1 X81.433 Y71.541 E1.95771
G1 X81.383 Y71.897 E1.96357
G1 X81.244 Y72.215 E1.96922
G1 X81.044 Y72.468 E1.97447
G1 X80.814 Y72.648 E1.97923
G1 X80.316 Y72.84 E1.98792
G1 X76.775 Y72.84 E2.0456
G1 X81.105 Y81.301 E2.20042
G1 X81.211 Y81.584 E2.20534
G1 X81.248 Y82.34 E2.21767
G1 X81.223 Y82.593 E2.22181
G1 X81.108 Y82.925 E2.22753
G1 X80.861 Y83.264 E2.23436
G1 X80.46 Y83.534 E2.24223
G1 X80.108 Y83.639 E2.24821
G1 X72.385 Y83.639 E2.37401
G1 X71.845 Y83.521 E2.38301
G1 X71.434 Y83.225 E2.39126
G1 X71.196 Y82.863 E2.39832
G1 X71.086 Y82.34 E2.40703
G1 X71.086 Y80.784 E2.43238
G1 X71.127 Y80.458 E2.43773
G1 X71.244 Y80.163 E2.4429
G1 X71.416 Y79.919 E2.44776
M204 S1000
G1 X71.846 Y80.246 F6000
M204 S500
G1 F900
G1 X71.927 Y80.154 E2.44976
G1 X72.249 Y80.005 E2.45554
G1 X76.309 Y80.005 E2.52167
G1 X71.606 Y70.787 E2.69024
G1 X71.521 Y70.432 E2.69619
G1 X71.545 Y69.796 E2.70656
G1 X71.621 Y69.604 E2.70992
G1 X71.773 Y69.412 E2.71391
G1 X72.008 Y69.263 E2.71844
G1 X72.301 Y69.206 E2.7233
G1 X80.134 Y69.206 E2.85089
G1 X80.404 Y69.255 E2.85536
G1 X80.629 Y69.384 E2.85958
G1 X80.784 Y69.556 E2.86335
G1 X80.872 Y69.736 E2.86661
G1 X80.913 Y69.986 E2.87074
G1 X80.913 Y71.541 E2.89607
G1 X80.883 Y71.755 E2.89959
G1 X80.8 Y71.945 E2.90297
G1 X80.542 Y72.205 E2.90894
G1 X80.243 Y72.321 E2.91416
G1 X75.926 Y72.321 E2.98448
G1 X80.643 Y81.538 E3.15314
G1 X80.728 Y81.893 E3.15909
G1 X80.716 Y82.474 E3.16856
G1 X80.644 Y82.691 E3.17228
G1 X80.496 Y82.894 E3.17637
G1 X80.256 Y83.056 E3.18109
G1 X79.949 Y83.119 E3.1862
G1 X72.385 Y83.119 E3.30941
G1 X72.061 Y83.049 E3.31481
G1 X71.815 Y82.871 E3.31976
G1 X71.671 Y82.653 E3.32402
G1 X71.605 Y82.34 E3.32923
G1 X71.605 Y80.784 E3.35458
G1 X71.7 Y80.411 E3.36085
G1 X71.796 Y80.302 E3.36322
M204 S1000
G1 X72.207 Y80.601 F6000
M204 S500
;TYPE:External perimeter
G1 F720
G1 X72.336 Y80.524 E3.36567
G1 X77.157 Y80.524 E3.4442
G1 X72.069 Y70.55 E3.62659
G1 X72.041 Y69.986 E3.63579
G1 X72.074 Y69.858 E3.63794
G1 X72.225 Y69.726 E3.64121
G1 X80.134 Y69.726 E3.77004
G1 X80.299 Y69.785 E3.77289
G1 X80.393 Y69.922 E3.7756
G1 X80.393 Y71.541 E3.80197
G1 X80.316 Y71.726 E3.80523
G1 X80.134 Y71.801 E3.80844
G1 X75.076 Y71.801 E3.89083
G1 X80.18 Y81.774 E4.07332
G1 X80.209 Y82.34 E4.08255
G1 X80.131 Y82.525 E4.08582
G1 X79.949 Y82.599 E4.08902
G1 X72.385 Y82.599 E4.21223
G1 X72.195 Y82.517 E4.2156
G1 X72.125 Y82.34 E4.2187
G1 X72.125 Y80.784 E4.24405
G1 X72.171 Y80.663 E4.24616
G1 X72.654 Y80.533 F6000
G1 E2.74616 F1200
G92 E0
M204 S1000
G1 X84.68 Y84.68 F6000
G1 E1.5 F1200
M204 S500
;TYPE:Perimeter
G1 F900
G1 X67.32 Y84.68 E1.78278
G1 X67.32 Y67.32 E2.06556
G1 X84.68 Y67.32 E2.34834
G1 X84.68 Y84.605 E2.6299
M204 S1000
G1 X85.199 Y85.199 F6000
M204 S500
G1 F900
G1 X66.801 Y85.199 E2.92959
G1 X66.801 Y66.801 E3.22928
G1 X85.199 Y66.801 E3.52897
G1 X85.199 Y85.124 E3.82744
M204 S1000
G1 X85.719 Y85.719 F6000
M204 S500
;TYPE:External perimeter
G1 F720
G1 X66.281 Y85.719 E4.14407
G1 X66.281 Y66.281 E4.4607
G1 X85.719 Y66.281 E4.77733
G1 X85.719 Y85.644 E5.09274
G1 X85.224 Y85.718 F6000
G1 E3.59274 F1200
G92 E0
M204 S1000
G1 X67.752 Y84.149 F6000
G1 E1.5 F1200
M204 S500
;TYPE:Solid infill
;WIDTH:0.688562
G1 F1080
G1 X67.695 Y84.206 E1.50163
G1 X67.716 Y84.284 E1.50327
G1 X67.794 Y84.305 E1.50491
G1 X67.851 Y84.248 E1.50654
G1 X67.83 Y84.17 E1.50818
;WIDTH:0.562499
G1 X67.71 Y83.34 E1.52184
G1 X68.66 Y84.29 E1.54372
G1 X69.395 Y84.29 E1.55569
G1 X67.71 Y82.605 E1.59451
G1 X67.71 Y81.87 E1.60648
G1 X70.13 Y84.29 E1.66223
G1 X70.864 Y84.29 E1.67419
G1 X67.71 Y81.136 E1.74685
G1 X67.71 Y80.401 E1.75882
G1 X71.599 Y84.29 E1.84841
G1 X71.693 Y83.776 E1.85692
;WIDTH:0.46792
G1 X71.266 Y83.412 E1.8644
G1 X70.983 Y83.071 E1.8703
;WIDTH:0.51521
G1 X70.866 Y82.888 E1.87352
;WIDTH:0.562499
G1 X70.748 Y82.704 E1.87708
G1 X67.71 Y79.666 E1.94706
G1 X67.71 Y78.931 E1.95903
G1 X70.696 Y81.917 E2.02782
G1 X70.696 Y81.182 E2.03979
G1 X67.71 Y78.196 E2.10858
G1 X67.71 Y77.462 E2.12054
G1 X70.733 Y80.485 E2.19018
G1 X70.925 Y79.942 E2.19956
G1 X67.71 Y76.727 E2.27362
G1 X67.71 Y75.992 E2.28559
G1 X71.257 Y79.539 E2.3673
G1 X71.697 Y79.244 E2.37593
G1 X67.71 Y75.257 E2.46778
G1 X67.71 Y74.522 E2.47975
G1 X72.293 Y79.105 E2.58533
G1 X73.018 Y79.095 E2.59714
G1 X67.71 Y73.788 E2.71941
G1 X67.71 Y73.053 E2.73138
G1 X73.753 Y79.095 E2.87058
M204 S1000
G1 X74.868 Y79.077 F6000
M204 S500
;WIDTH:0.491378
G1 F1080
G1 X74.828 Y79.116 E2.87137
G1 X74.843 Y79.171 E2.87217
G1 X74.897 Y79.185 E2.87295
G1 X74.936 Y79.145 E2.87374
G1 X74.922 Y79.091 E2.87452
;WIDTH:0.526939
G1 X74.705 Y79.093 E2.87781
;WIDTH:0.562499
G1 X74.488 Y79.095 E2.88134
G1 X67.71 Y72.318 E3.03747
G1 X67.71 Y71.583 E3.04944
G1 X74.41 Y78.283 E3.20378
M204 S1000
G1 X73.949 Y77.113 F6000
M204 S500
;WIDTH:0.46792
G1 F1080
G1 X73.963 Y77.164 E3.20448
G1 X73.925 Y77.202 E3.2052
G1 X73.874 Y77.188 E3.2059
G1 X73.86 Y77.137 E3.2066
G1 X73.898 Y77.099 E3.20732
;WIDTH:0.51521
G1 X73.771 Y76.941 E3.21032
;WIDTH:0.562499
G1 X73.645 Y76.783 E3.21361
G1 X67.71 Y70.848 E3.35033
G1 X67.71 Y70.114 E3.36229
G1 X72.879 Y75.283 E3.48137
G1 X73.006 Y75.441 E3.48467
;WIDTH:0.51521
G1 X73.133 Y75.599 E3.48767
;WIDTH:0.46792
G1 X73.095 Y75.637 E3.48839
G1 X73.109 Y75.688 E3.48909
G1 X73.16 Y75.702 E3.48979
G1 X73.198 Y75.664 E3.49051
G1 X73.184 Y75.613 E3.49121
M204 S1000
G1 X72.419 Y74.113 F6000
M204 S500
G1 F1080
G1 X72.433 Y74.164 E3.49191
G1 X72.395 Y74.202 E3.49263
G1 X72.344 Y74.188 E3.49333
G1 X72.33 Y74.137 E3.49403
G1 X72.368 Y74.099 E3.49475
;WIDTH:0.51521
G1 X72.241 Y73.941 E3.49775
;WIDTH:0.562499
G1 X72.114 Y73.783 E3.50105
G1 X67.71 Y69.379 E3.6025
G1 X67.71 Y68.644 E3.61447
G1 X71.349 Y72.283 E3.6983
G1 X71.476 Y72.441 E3.7016
;WIDTH:0.51521
G1 X71.602 Y72.599 E3.70459
;WIDTH:0.46792
G1 X71.565 Y72.637 E3.7053
G1 X71.579 Y72.688 E3.706
G1 X71.63 Y72.702 E3.7067
G1 X71.667 Y72.664 E3.70741
G1 X71.654 Y72.613 E3.70811
M204 S1000
G1 X70.954 Y71.203 F6000
M204 S500
G1 F1080
G1 X70.968 Y71.255 E3.70883
G1 X70.931 Y71.292 E3.70953
G1 X70.879 Y71.279 E3.71024
G1 X70.866 Y71.227 E3.71095
G1 X70.903 Y71.19 E3.71165
;WIDTH:0.51521
G1 X70.789 Y71.032 E3.71453
;WIDTH:0.562499
G1 X70.675 Y70.874 E3.7177
G1 X67.71 Y67.909 E3.786
G1 X67.661 Y67.723 E3.78913
;WIDTH:0.51521
G1 X67.612 Y67.537 E3.79198
;WIDTH:0.46792
G1 X67.626 Y67.588 E3.79268
G1 X67.588 Y67.626 E3.7934
G1 X67.537 Y67.612 E3.7941
G1 X67.523 Y67.561 E3.7948
G1 X67.561 Y67.523 E3.79552
;WIDTH:0.562499
G1 X68.246 Y67.71 E3.80709
G1 X70.612 Y70.076 E3.86159
G1 X70.714 Y69.443 E3.87203
G1 X68.981 Y67.71 E3.91195
G1 X68.9 Y67.58 E3.91445
;WIDTH:0.51521
G1 X68.819 Y67.451 E3.91671
;WIDTH:0.46792
G1 X68.832 Y67.502 E3.91741
G1 X68.795 Y67.54 E3.91812
G1 X68.744 Y67.526 E3.91882
G1 X68.73 Y67.475 E3.91952
G1 X68.767 Y67.437 E3.92023
;WIDTH:0.562499
G1 X69.715 Y67.71 E3.9363
G1 X70.979 Y67.71 E3.95689
;WIDTH:0.576026
G1 X71.599 Y67.717 E3.96725
;WIDTH:0.596153
G1 X79.415 Y67.727 E4.10281
G1 X79.401 Y67.857 E4.10508
G1 X79.814 Y68.28 E4.11533
G1 X72.078 Y68.28 E4.24951
G1 X71.63 Y68.441 E4.25777
;WIDTH:0.562499
G1 X71.195 Y68.717 E4.26616
G1 X70.985 Y68.979 E4.27163
G1 X69.899 Y67.894 E4.29664
M204 S1000
G1 X70.962 Y68.17 F6000
M204 S500
;WIDTH:0.570348
G1 F1080
G1 X70.916 Y68.217 E4.29773
G1 X70.933 Y68.28 E4.29881
G1 X70.996 Y68.297 E4.29989
G1 X71.043 Y68.251 E4.30098
G1 X71.026 Y68.187 E4.30207
G1 E2.80207 F1200
G92 E0
M204 S1000
G1 X72.337 Y84.157 F6000
G1 E1.5 F1200
M204 S500
;WIDTH:0.829148
G1 F1080
G1 X72.399 Y84.159 E1.50153
;WIDTH:0.824196
G1 X79.943 Y84.159 E1.68631
;WIDTH:0.83527
G1 X80.088 Y84.154 E1.68991
;WIDTH:0.562499
G1 X80.699 Y83.837 E1.70112
G1 X81.152 Y84.29 E1.71156
G1 X81.886 Y84.29 E1.72352
G1 X81.137 Y83.541 E1.74077
G1 X81.447 Y83.116 E1.74934
G1 X82.621 Y84.29 E1.77638
G1 X83.356 Y84.29 E1.78835
G1 X81.617 Y82.551 E1.82841
G1 X81.631 Y81.83 E1.84016
G1 X84.091 Y84.29 E1.89683
G1 X84.251 Y84.332 E1.89952
;WIDTH:0.51521
G1 X84.412 Y84.374 E1.90198
;WIDTH:0.46792
G1 X84.374 Y84.412 E1.9027
G1 X84.388 Y84.463 E1.9034
G1 X84.439 Y84.477 E1.9041
G1 X84.477 Y84.439 E1.90482
G1 X84.463 Y84.388 E1.90552
;WIDTH:0.562499
G1 X84.29 Y83.754 E1.91622
G1 X81.235 Y80.699 E1.9866
G1 X81.12 Y80.497 E1.99039
;WIDTH:0.51521
G1 X81.005 Y80.294 E1.99384
;WIDTH:0.46792
G1 X81.019 Y80.345 E1.99454
G1 X80.981 Y80.383 E1.99526
G1 X80.93 Y80.369 E1.99596
G1 X80.916 Y80.318 E1.99666
G1 X80.954 Y80.28 E1.99738
M204 S1000
G1 X80.184 Y78.775 F6000
M204 S500
G1 F1080
G1 X80.146 Y78.813 E1.9981
G1 X80.16 Y78.864 E1.9988
G1 X80.211 Y78.878 E1.9995
G1 X80.249 Y78.841 E2.00021
G1 X80.235 Y78.789 E2.00093
;WIDTH:0.51521
G1 X80.35 Y78.992 E2.00438
;WIDTH:0.562499
G1 X80.465 Y79.194 E2.00817
G1 X84.29 Y83.019 E2.09628
G1 X84.29 Y82.285 E2.10824
G1 X79.695 Y77.689 E2.2141
M204 S1000
G1 X78.924 Y76.184 F6000
M204 S500
G1 F1080
G1 X84.29 Y81.55 E2.33771
G1 X84.29 Y80.815 E2.34968
G1 X78.154 Y74.679 E2.49103
M204 S1000
G1 X77.113 Y73.004 F6000
M204 S500
;WIDTH:0.46792
G1 F1080
G1 X77.075 Y73.041 E2.49174
G1 X77.089 Y73.093 E2.49246
G1 X77.14 Y73.106 E2.49316
G1 X77.178 Y73.069 E2.49387
G1 X77.164 Y73.017 E2.49459
;WIDTH:0.51521
G1 X77.302 Y73.124 E2.49718
;WIDTH:0.562499
G1 X77.439 Y73.23 E2.5
G1 X84.29 Y80.08 E2.65781
G1 X84.29 Y79.345 E2.66978
G1 X78.174 Y73.23 E2.81066
G1 X78.909 Y73.23 E2.82263
G1 X84.29 Y78.611 E2.94659
G1 X84.29 Y77.876 E2.95856
G1 X79.644 Y73.23 E3.06559
G1 X80.358 Y73.209 E3.07723
G1 X84.29 Y77.141 E3.16781
G1 X84.29 Y76.406 E3.17978
G1 X80.914 Y73.031 E3.25754
G1 X81.339 Y72.72 E3.26612
G1 X84.29 Y75.671 E3.3341
G1 X84.29 Y74.937 E3.34606
G1 X81.637 Y72.284 E3.40718
G1 X81.807 Y71.719 E3.41679
G1 X84.29 Y74.202 E3.47399
G1 X84.29 Y73.467 E3.48596
G1 X81.822 Y70.999 E3.54281
G1 X81.822 Y70.265 E3.55477
G1 X84.29 Y72.732 E3.61161
G1 X84.29 Y71.997 E3.62358
G1 X81.732 Y69.44 E3.6825
G1 X81.465 Y69.072 E3.68991
;WIDTH:0.46792
G1 X81.054 Y68.668 E3.69759
;WIDTH:0.51521
G1 X80.87 Y68.531 E3.70099
;WIDTH:0.562499
G1 X80.686 Y68.394 E3.70473
G1 X80.003 Y67.71 E3.72048
G1 X80.737 Y67.71 E3.73244
G1 X84.29 Y71.263 E3.81429
G1 X84.394 Y71.337 E3.81637
;WIDTH:0.51521
G1 X84.498 Y71.411 E3.81826
;WIDTH:0.46792
G1 X84.46 Y71.448 E3.81897
G1 X84.474 Y71.5 E3.81969
G1 X84.525 Y71.513 E3.82039
G1 X84.563 Y71.476 E3.8211
G1 X84.549 Y71.425 E3.8218
G1 E2.3218 F1200
G92 E0
M204 S1000
G1 X81.656 Y67.894 F6000
G1 E1.5 F1200
M204 S500
;WIDTH:0.562499
G1 F1080
G1 X84.29 Y70.528 E1.56068
G1 X84.29 Y67.71 E1.60658
G1 X81.472 Y67.71 E1.65248
M204 S1000
G1 X82.782 Y68.253 F6000
M204 S500
;WIDTH:0.608438
G1 F1080
G1 X83.747 Y68.253 E1.66959
G1 X83.747 Y69.218 E1.6867
G1 X82.966 Y68.436 E1.70629
;LAYER_CHANGE
;Z:20.1
;HEIGHT:0.200001
G1 E.20629 F1200
G92 E0
G1 Z20.1 F6000
M204 S1000
G1 X71.471 Y79.869
G1 E1.5 F1200
M204 S500
;TYPE:Perimeter
;WIDTH:0.562499
G1 F900
G1 X71.621 Y79.733 E1.5033
G1 X72.08 Y79.521 E1.51154
G1 X72.385 Y79.485 E1.51654
G1 X75.461 Y79.485 E1.56665
G1 X71.144 Y71.023 E1.72139
G1 X71.021 Y70.657 E1.72768
G1 X71.002 Y69.986 E1.73861
G1 X71.041 Y69.669 E1.74381
G1 X71.169 Y69.349 E1.74942
G1 X71.421 Y69.03 E1.75604
G1 X71.813 Y68.782 E1.7636
G1 X72.301 Y68.687 E1.7717
G1 X80.134 Y68.687 E1.89929
G1 X80.585 Y68.768 E1.90675
G1 X80.959 Y68.983 E1.91378
G1 X81.217 Y69.27 E1.92007
G1 X81.364 Y69.569 E1.9255
G1 X81.433 Y69.986 E1.93238
G1 X81.433 Y71.541 E1.95771
G1 X81.383 Y71.897 E1.96357
G1 X81.244 Y72.215 E1.96922
G1 X81.044 Y72.468 E1.97447
G1 X80.814 Y72.648 E1.97923
G1 X80.316 Y72.84 E1.98792
G1 X76.775 Y72.84 E2.0456
G1 X81.105 Y81.301 E2.20042
G1 X81.211 Y81.584 E2.20534
G1 X81.248 Y82.34 E2.21767
G1 X81.223 Y82.593 E2.22181
G1 X81.108 Y82.925 E2.22753
G1 X80.861 Y83.264 E2.23436
G1 X80.46 Y83.534 E2.24223
G1 X80.108 Y83.639 E2.24821
G1 X72.385 Y83.639 E2.37401
G1 X71.845 Y83.521 E2.38301
G1 X71.434 Y83.225 E2.39126
G1 X71.196 Y82.863 E2.39832
G1 X71.086 Y82.34 E2.40703
G1 X71.086 Y80.784 E2.43238
G1 X71.127 Y80.458 E2.43773
G1 X71.244 Y80.163 E2.4429
G1 X71.416 Y79.919 E2.44776
M204 S1000
G1 X71.846 Y80.246 F6000
M204 S500
G1 F900
G1 X71.927 Y80.154 E2.44976
G1 X72.249 Y80.005 E2.45554
G1 X76.309 Y80.005 E2.52167
G1 X71.606 Y70.787 E2.69024
G1 X71.521 Y70.432 E2.69619
G1 X71.545 Y69.796 E2.70656
G1 X71.621 Y69.604 E2.70992
G1 X71.773 Y69.412 E2.71391
G1 X72.008 Y69.263 E2.71844
G1 X72.301 Y69.206 E2.7233
G1 X80.134 Y69.206 E2.85089
G1 X80.404 Y69.255 E2.85536
G1 X80.629 Y69.384 E2.85958
G1 X80.784 Y69.556 E2.86335
G1 X80.872 Y69.736 E2.86661
G1 X80.913 Y69.986 E2.87074
G1 X80.913 Y71.541 E2.89607
G1 X80.883 Y71.755 E2.89959
G1 X80.8 Y71.945 E2.90297
G1 X80.542 Y72.205 E2.90894
G1 X80.243 Y72.321 E2.91416
G1 X75.926 Y72.321 E2.98448
G1 X80.643 Y81.538 E3.15314
G1 X80.728 Y81.893 E3.15909
G1 X80.716 Y82.474 E3.16856
G1 X80.644 Y82.691 E3.17228
G1 X80.496 Y82.894 E3.17637
G1 X80.256 Y83.056 E3.18109
G1 X79.949 Y83.119 E3.1862
G1 X72.385 Y83.119 E3.30941
G1 X72.061 Y83.049 E3.31481
G1 X71.815 Y82.871 E3.31976
G1 X71.671 Y82.653 E3.32402
G1 X71.605 Y82.34 E3.32923
G1 X71.605 Y80.784 E3.35458
G1 X71.7 Y80.411 E3.36085
G1 X71.796 Y80.302 E3.36322
M204 S1000
G1 X72.207 Y80.601 F6000
M204 S500
;TYPE:External perimeter
G1 F720
G1 X72.336 Y80.524 E3.36567
G1 X77.157 Y80.524 E3.4442
G1 X72.069 Y70.55 E3.62659
G1 X72.041 Y69.986 E3.63579
G1 X72.074 Y69.858 E3.63794
G1 X72.225 Y69.726 E3.64121
G1 X80.134 Y69.726 E3.77004
G1 X80.299 Y69.785 E3.77289
G1 X80.393 Y69.922 E3.7756
G1 X80.393 Y71.541 E3.80197
G1 X80.316 Y71.726 E3.80523
G1 X80.134 Y71.801 E3.80844
G1 X75.076 Y71.801 E3.89083
G1 X80.18 Y81.774 E4.07332
G1 X80.209 Y82.34 E4.08255
G1 X80.131 Y82.525 E4.08582
G1 X79.949 Y82.599 E4.08902
G1 X72.385 Y82.599 E4.21223
G1 X72.195 Y82.517 E4.2156
G1 X72.125 Y82.34 E4.2187
G1 X72.125 Y80.784 E4.24405
G1 X72.171 Y80.663 E4.24616
G1 X72.654 Y80.533 F6000
G1 E2.74616 F1200
G92 E0
M204 S1000
G1 X84.68 Y84.68 F6000
G1 E1.5 F1200
M204 S500
;TYPE:Perimeter
G1 F900
G1 X67.32 Y84.68 E1.78278
G1 X67.32 Y67.32 E2.06556
G1 X84.68 Y67.32 E2.34834
G1 X84.68 Y84.605 E2.6299
M204 S1000
G1 X85.199 Y85.199 F6000
M204 S500
G1 F900
G1 X66.801 Y85.199 E2.92959
G1 X66.801 Y66.801 E3.22928
G1 X85.199 Y66.801 E3.52897
G1 X85.199 Y85.124 E3.82744
M204 S1000
G1 X85.719 Y85.719 F6000
M204 S500
;TYPE:External perimeter
G1 F720
G1 X66.281 Y85.719 E4.14407
G1 X66.281 Y66.281 E4.4607
G1 X85.719 Y66.281 E4.77733
G1 X85.719 Y85.644 E5.09274
G1 X85.224 Y85.718 F6000
M204 S1000
G1 X83.586 Y84.527
M204 S500
;TYPE:Top solid infill
;WIDTH:0.507962
G1 F900
G1 X84.321 Y83.792 E5.10789
G1 X84.321 Y83.134 E5.11748
G1 X83.134 Y84.321 E5.14195
G1 X82.476 Y84.321 E5.15154
G1 X84.321 Y82.476 E5.18958
G1 X84.321 Y81.819 E5.19916
G1 X81.819 Y84.321 E5.25075
G1 X81.161 Y84.321 E5.26034
G1 X84.321 Y81.161 E5.32549
G1 X84.321 Y80.503 E5.33508
G1 X80.503 Y84.321 E5.4138
G1 X79.846 Y84.321 E5.42338
G1 X80.191 Y83.976 E5.43049
G1 X80.605 Y83.863 E5.43675
G1 X81.113 Y83.521 E5.44568
G1 X81.429 Y83.088 E5.4535
G1 X81.575 Y82.665 E5.46002
G1 X81.582 Y82.584 E5.46121
G1 X84.321 Y79.846 E5.51767
G1 X84.321 Y79.188 E5.52726
G1 X81.606 Y81.903 E5.58324
G1 X81.559 Y81.499 E5.58917
G1 X81.503 Y81.348 E5.59152
G1 X84.321 Y78.53 E5.64962
G1 X84.321 Y77.873 E5.6592
G1 X81.3 Y80.894 E5.72149
G1 X81.077 Y80.459 E5.72862
G1 X84.321 Y77.215 E5.79551
G1 X84.321 Y76.557 E5.8051
G1 X80.854 Y80.024 E5.87658
G1 X80.632 Y79.589 E5.8837
G1 X84.321 Y75.9 E5.95976
G1 X84.321 Y75.242 E5.96935
G1 X80.409 Y79.154 E6.05001
G1 X80.186 Y78.719 E6.05714
G1 X84.321 Y74.584 E6.1424
G1 X84.321 Y73.927 E6.15198
G1 X79.964 Y78.284 E6.24181
G1 X79.741 Y77.849 E6.24894
G1 X84.321 Y73.269 E6.34337
G1 X84.321 Y72.611 E6.35296
G1 X79.519 Y77.414 E6.45198
G1 X79.296 Y76.979 E6.45911
G1 X84.321 Y71.954 E6.56272
G1 X84.321 Y71.296 E6.57231
G1 X79.073 Y76.544 E6.68052
G1 X78.851 Y76.109 E6.68764
G1 X84.321 Y70.638 E6.80043
G1 X84.321 Y69.981 E6.81001
G1 X78.628 Y75.674 E6.92739
G1 X78.405 Y75.239 E6.93452
G1 X80.486 Y73.158 E6.97743
G1 X80.704 Y73.098 E6.98073
G1 X81.002 Y72.953 E6.98556
G1 X81.296 Y72.723 E6.991
G1 X81.552 Y72.401 E6.997
G1 X81.727 Y72 E7.00338
G1 X81.751 Y71.893 E7.00498
G1 X84.321 Y69.323 E7.05797
G1 X84.321 Y68.665 E7.06756
G1 X81.791 Y71.195 E7.11972
G1 X81.791 Y70.538 E7.1293
G1 X84.321 Y68.008 E7.18146
G1 X84.321 Y67.679 E7.18626
G1 X83.992 Y67.679 E7.19106
G1 X81.777 Y69.894 E7.23673
G1 X81.705 Y69.455 E7.24322
G1 X81.657 Y69.357 E7.24481
G1 X83.335 Y67.679 E7.27941
G1 X82.677 Y67.679 E7.289
G1 X81.407 Y68.949 E7.31519
G1 X81.187 Y68.704 E7.31999
G1 X81.064 Y68.634 E7.32205
G1 X82.019 Y67.679 E7.34174
G1 X81.362 Y67.679 E7.35132
G1 X80.626 Y68.415 E7.3665
G1 X80.142 Y68.328 E7.37367
G1 X80.055 Y68.328 E7.37494
G1 X80.704 Y67.679 E7.38832
G1 X80.046 Y67.679 E7.39791
G1 X79.397 Y68.328 E7.41129
G1 X78.739 Y68.328 E7.42088
G1 X79.389 Y67.679 E7.43427
G1 X78.731 Y67.679 E7.44386
G1 X78.082 Y68.328 E7.45724
G1 X77.424 Y68.328 E7.46683
G1 X78.073 Y67.679 E7.48021
G1 X77.416 Y67.679 E7.48979
G1 X76.766 Y68.328 E7.50318
G1 X76.109 Y68.328 E7.51276
G1 X76.758 Y67.679 E7.52614
G1 X76.1 Y67.679 E7.53573
G1 X75.451 Y68.328 E7.54911
G1 X74.793 Y68.328 E7.5587
G1 X75.443 Y67.679 E7.57209
G1 X74.785 Y67.679 E7.58168
G1 X74.136 Y68.328 E7.59506
G1 X73.478 Y68.328 E7.60465
G1 X74.127 Y67.679 E7.61803
G1 X73.47 Y67.679 E7.62761
G1 X72.614 Y68.534 E7.64525
G1 E6.14525 F1200
G92 E0
M204 S1000
G1 X78.03 Y74.957 F6000
G1 E1.5 F1200
M204 S500
G1 F900
G1 X79.788 Y73.199 E1.53625
G1 X79.13 Y73.199 E1.54584
G1 X77.96 Y74.369 E1.56996
G1 X77.738 Y73.934 E1.57708
G1 X78.473 Y73.199 E1.59223
G1 X77.815 Y73.199 E1.60182
G1 X77.362 Y73.651 E1.61115
G1 E.11115 F1200
G92 E0
M204 S1000
G1 X74.907 Y78.737 F6000
G1 E1.5 F1200
M204 S500
G1 F900
G1 X74.517 Y79.127 E1.50804
G1 X73.86 Y79.127 E1.51762
G1 X74.532 Y78.454 E1.53149
G1 X74.31 Y78.019 E1.53861
G1 X73.202 Y79.127 E1.56146
G1 X72.544 Y79.127 E1.57105
G1 X74.241 Y77.43 E1.60604
G1 E.10604 F1200
G92 E0
M204 S1000
G1 X79.718 Y83.791 F6000
G1 E1.5 F1200
M204 S500
G1 F900
G1 X79.188 Y84.321 E1.51093
G1 X78.53 Y84.321 E1.52052
G1 X78.855 Y83.997 E1.52721
G1 X78.197 Y83.997 E1.5368
G1 X77.873 Y84.321 E1.54348
G1 X77.215 Y84.321 E1.55307
G1 X77.539 Y83.997 E1.55975
G1 X76.882 Y83.997 E1.56933
G1 X76.557 Y84.321 E1.57602
G1 X75.9 Y84.321 E1.5856
G1 X76.224 Y83.997 E1.59228
G1 X75.566 Y83.997 E1.60187
G1 X75.242 Y84.321 E1.60855
G1 X74.584 Y84.321 E1.61814
G1 X74.908 Y83.997 E1.62482
G1 X74.251 Y83.997 E1.6344
G1 X73.927 Y84.321 E1.64108
G1 X73.269 Y84.321 E1.65067
G1 X73.593 Y83.997 E1.65735
G1 X72.935 Y83.997 E1.66694
G1 X72.611 Y84.321 E1.67362
G1 X71.954 Y84.321 E1.6832
G1 X72.295 Y83.98 E1.69023
G1 X71.755 Y83.862 E1.69829
G1 X71.296 Y84.321 E1.70775
G1 X70.638 Y84.321 E1.71734
G1 X71.356 Y83.604 E1.73213
G1 X71.172 Y83.472 E1.73543
G1 X71.036 Y83.266 E1.73903
G1 X69.981 Y84.321 E1.76078
G1 X69.323 Y84.321 E1.77037
G1 X70.816 Y82.828 E1.80115
G1 X70.743 Y82.572 E1.80503
G1 X70.727 Y82.259 E1.8096
G1 X68.665 Y84.321 E1.85212
G1 X68.008 Y84.321 E1.8617
G1 X70.727 Y81.601 E1.91777
G1 X70.727 Y80.944 E1.92735
G1 X67.679 Y83.992 E1.9902
G1 X67.679 Y83.335 E1.99978
G1 X73.866 Y77.148 E2.12735
G1 X73.644 Y76.712 E2.13448
G1 X67.679 Y82.677 E2.25747
G1 X67.679 Y82.019 E2.26706
G1 X73.421 Y76.277 E2.38545
G1 X73.199 Y75.841 E2.39258
G1 X67.679 Y81.362 E2.5064
G1 X67.679 Y80.704 E2.51599
G1 X72.977 Y75.406 E2.62523
G1 X72.755 Y74.97 E2.63236
G1 X67.679 Y80.046 E2.73702
G1 X67.679 Y79.389 E2.7466
G1 X72.533 Y74.535 E2.84668
G1 X72.311 Y74.099 E2.85381
G1 X67.679 Y78.731 E2.94932
G1 X67.679 Y78.073 E2.95891
G1 X72.088 Y73.664 E3.04982
G1 X71.866 Y73.228 E3.05695
G1 X67.679 Y77.416 E3.14329
G1 X67.679 Y76.758 E3.15288
G1 X71.644 Y72.793 E3.23463
G1 X71.422 Y72.357 E3.24176
G1 X67.679 Y76.1 E3.31894
G1 X67.679 Y75.443 E3.32852
G1 X71.2 Y71.922 E3.40112
G1 X70.978 Y71.486 E3.40825
G1 X67.679 Y74.785 E3.47627
G1 X67.679 Y74.127 E3.48586
G1 X70.769 Y71.037 E3.54957
G1 X70.69 Y70.825 E3.55287
G1 X70.651 Y70.498 E3.55767
G1 X67.679 Y73.47 E3.61895
G1 X67.679 Y72.812 E3.62854
G1 X70.662 Y69.829 E3.69005
G1 X70.693 Y69.581 E3.69369
G1 X70.856 Y69.172 E3.70011
G1 X71.179 Y68.764 E3.7077
G1 X71.674 Y68.45 E3.71625
G1 X72.013 Y68.353 E3.72139
G1 X72.15 Y68.341 E3.7234
G1 X72.812 Y67.679 E3.73705
G1 X72.154 Y67.679 E3.74664
G1 X67.679 Y72.154 E3.83891
G1 X67.679 Y71.497 E3.84849
G1 X71.497 Y67.679 E3.92721
G1 X70.839 Y67.679 E3.9368
G1 X67.679 Y70.839 E4.00195
G1 X67.679 Y70.181 E4.01154
G1 X70.181 Y67.679 E4.06313
G1 X69.524 Y67.679 E4.07271
G1 X67.679 Y69.524 E4.11075
G1 X67.679 Y68.866 E4.12034
G1 X68.866 Y67.679 E4.14481
G1 X68.208 Y67.679 E4.1544
G1 X67.473 Y68.414 E4.16955
G1 E2.66955 F1200
G92 E0
M107
;TYPE:Custom
; Filament-specific end gcode 
;END gcode for filament
M400
M104 S0
M140 S0
G91
G1 E-5 F300
G90
G28 X Y
M84
; objects_info = {"objects":[]}
; filament used [mm] = 691.62
; filament used [cm3] = 4.41
; filament used [g] = 5.34
; total filament used [g] = 5.34
; total filament cost = 0.00
; total filament used for wipe tower [g] = 0.00
; estimated printing time (normal mode) = 49m 58s
; estimated printing time (silent mode) = 50m 1s
; estimated first layer printing time (normal mode) = 2m 10s
; estimated first layer printing time (silent mode) = 2m 10s

; prusaslicer_config = begin
; arc_fitting = disabled
; autoemit_temperature_commands = 1
; automatic_extrusion_widths = 0
; automatic_infill_combination = 0
; automatic_infill_combination_max_layer_height = 100%
; avoid_crossing_curled_overhangs = 0
; avoid_crossing_perimeters = 0
; avoid_crossing_perimeters_max_detour = 0
; bed_shape = 0x0,152x0,152x152,0x152
; bed_temperature = 60
; bed_temperature_extruder = 0
; before_layer_gcode = 
; between_objects_gcode = 
; binary_gcode = 0
; bottom_fill_pattern = monotonic
; bottom_solid_layers = 4
; bottom_solid_min_thickness = 0
; bridge_acceleration = 0
; bridge_angle = 0
; bridge_fan_speed = 100
; bridge_flow_ratio = 1
; bridge_speed = 60
; brim_separation = 0
; brim_type = outer_only
; brim_width = 0
; chamber_minimal_temperature = 0
; chamber_temperature = 0
; color_change_gcode = M600
; colorprint_heights = 
; complete_objects = 0
; cooling = 1
; cooling_perimeter_transition_distance = 0
; cooling_slowdown_logic = uniform_cooling
; cooling_tube_length = 5
; cooling_tube_retraction = 91.5
; custom_parameters_filament = ""
; custom_parameters_print = 
; custom_parameters_printer = 
; default_acceleration = 500
; deretract_speed = 20
; disable_fan_first_layers = 3
; dont_support_bridges = 1
; draft_shield = disabled
; duplicate_distance = 6
; elefant_foot_compensation = 0
; enable_dynamic_fan_speeds = 0
; enable_dynamic_overhang_speeds = 0
; end_filament_gcode = "; Filament-specific end gcode \n;END gcode for filament\n"
; end_gcode = M400\nM104 S0\nM140 S0\nG91\nG1 E-5 F300\nG90\nG28 X Y\nM84
; ensure_vertical_shell_thickness = enabled
; external_perimeter_acceleration = 0
; external_perimeter_extrusion_width = 0
; external_perimeter_speed = 12
; external_perimeters_first = 0
; extra_loading_move = -2
; extra_perimeters = 1
; extra_perimeters_on_overhangs = 0
; extruder_clearance_height = 20
; extruder_clearance_radius = 20
; extruder_colour = ""
; extruder_offset = 0x0
; extrusion_axis = E
; extrusion_multiplier = 1
; extrusion_width = 0
; fan_always_on = 0
; fan_below_layer_time = 30
; filament_abrasive = 0
; filament_colour = #29B2B2
; filament_cooling_final_speed = 3.4
; filament_cooling_initial_speed = 2.2
; filament_cooling_moves = 4
; filament_cost = 0
; filament_density = 1.21
; filament_diameter = 2.85
; filament_infill_max_crossing_speed = 0
; filament_infill_max_speed = 0
; filament_load_time = 0
; filament_loading_speed = 28
; filament_loading_speed_start = 3
; filament_max_volumetric_speed = 0
; filament_minimal_purge_on_wipe_tower = 15
; filament_multitool_ramming = 0
; filament_multitool_ramming_flow = 10
; filament_multitool_ramming_volume = 10
; filament_notes = ""
; filament_purge_multiplier = 100%
; filament_ramming_parameters = "120 100 6.6 6.8 7.2 7.6 7.9 8.2 8.7 9.4 9.9 10.0| 0.05 6.6 0.45 6.8 0.95 7.8 1.45 8.3 1.95 9.7 2.45 10 2.95 7.6 3.45 7.6 3.95 7.6 4.45 7.6 4.95 7.6"
; filament_seam_gap_distance = 15%
; filament_settings_id = LulzbotMini_TPU
; filament_shrinkage_compensation_xy = 0%
; filament_shrinkage_compensation_z = 0%
; filament_soluble = 0
; filament_spool_weight = 0
; filament_stamping_distance = 0
; filament_stamping_loading_speed = 20
; filament_toolchange_delay = 0
; filament_type = FLEX
; filament_unload_time = 0
; filament_unloading_speed = 90
; filament_unloading_speed_start = 100
; fill_angle = 45
; fill_density = 20%
; fill_pattern = grid
; first_layer_acceleration = 300
; first_layer_acceleration_over_raft = 0
; first_layer_bed_temperature = 65
; first_layer_extrusion_width = 200%
; first_layer_height = 0.3
; first_layer_infill_speed = 0
; first_layer_speed = 10
; first_layer_speed_over_raft = 30
; first_layer_temperature = 240
; full_fan_speed_layer = 0
; fuzzy_skin = none
; fuzzy_skin_point_dist = 0.8
; fuzzy_skin_thickness = 0.3
; gap_fill_enabled = 1
; gap_fill_speed = 15
; gcode_comments = 0
; gcode_flavor = marlin
; gcode_label_objects = disabled
; gcode_resolution = 0.0125
; gcode_substitutions = 
; high_current_on_filament_swap = 0
; idle_temperature = nil
; infill_acceleration = 500
; infill_anchor = 600%
; infill_anchor_max = 50
; infill_every_layers = 1
; infill_extruder = 1
; infill_extrusion_width = 0
; infill_first = 0
; infill_overlap = 25%
; infill_speed = 20
; interface_shells = 0
; interlocking_beam = 0
; interlocking_beam_layer_count = 2
; interlocking_beam_width = 0.8
; interlocking_boundary_avoidance = 2
; interlocking_depth = 2
; interlocking_orientation = 22.5
; ironing = 0
; ironing_flowrate = 15%
; ironing_spacing = 0.1
; ironing_speed = 15
; ironing_type = top
; layer_gcode = 
; layer_height = 0.2
; machine_limits_usage = time_estimate_only
; machine_max_acceleration_e = 10000,5000
; machine_max_acceleration_extruding = 1500,1250
; machine_max_acceleration_retracting = 1500,1250
; machine_max_acceleration_travel = 1500,1250
; machine_max_acceleration_x = 9000,1000
; machine_max_acceleration_y = 9000,1000
; machine_max_acceleration_z = 500,200
; machine_max_feedrate_e = 120,120
; machine_max_feedrate_x = 500,200
; machine_max_feedrate_y = 500,200
; machine_max_feedrate_z = 12,12
; machine_max_jerk_e = 2.5,2.5
; machine_max_jerk_x = 10,10
; machine_max_jerk_y = 10,10
; machine_max_jerk_z = 0.2,0.4
; machine_max_junction_deviation = 0,0
; machine_min_extruding_rate = 0,0
; machine_min_travel_rate = 0,0
; max_fan_speed = 50
; max_layer_height = 0
; max_print_height = 158
; max_print_speed = 80
; max_volumetric_extrusion_rate_slope_negative = 0
; max_volumetric_extrusion_rate_slope_positive = 0
; max_volumetric_speed = 0
; min_bead_width = 85%
; min_fan_speed = 0
; min_feature_size = 25%
; min_layer_height = 0.07
; min_print_speed = 5
; min_skirt_length = 0
; mmu_segmented_region_interlocking_depth = 0
; mmu_segmented_region_max_width = 0
; multimaterial_purging = 140
; notes = 
; nozzle_diameter = 0.5
; nozzle_high_flow = 0
; only_one_perimeter_first_layer = 0
; only_retract_when_crossing_perimeters = 0
; ooze_prevention = 0
; output_filename_format = [input_filename_base].gcode
; over_bridge_speed = 0
; overhang_fan_speed_0 = 0
; overhang_fan_speed_1 = 0
; overhang_fan_speed_2 = 0
; overhang_fan_speed_3 = 0
; overhang_speed_0 = 15
; overhang_speed_1 = 15
; overhang_speed_2 = 20
; overhang_speed_3 = 25
; overhangs = 1
; parking_pos_retraction = 92
; pause_print_gcode = M601
; perimeter_acceleration = 500
; perimeter_extruder = 1
; perimeter_extrusion_width = 0
; perimeter_generator = arachne
; perimeter_speed = 15
; perimeters = 3
; physical_printer_settings_id = 
; post_process = 
; prefer_clockwise_movements = 0
; print_settings_id = 
; printer_model = Lulzbot Mini
; printer_notes = 
; printer_settings_id = 
; printer_technology = FFF
; printer_variant = 0.5
; raft_contact_distance = 0.1
; raft_expansion = 1.5
; raft_first_layer_density = 90%
; raft_first_layer_expansion = 3
; raft_layers = 0
; remaining_times = 0
; resolution = 0
; retract_before_travel = 3
; retract_before_wipe = 0%
; retract_layer_change = 0
; retract_length = 1.5
; retract_length_toolchange = 10
; retract_lift = 0
; retract_lift_above = 0
; retract_lift_below = 0
; retract_restart_extra = 0
; retract_restart_extra_toolchange = 0
; retract_speed = 20
; scarf_seam_entire_loop = 0
; scarf_seam_length = 20
; scarf_seam_max_segment_length = 1
; scarf_seam_on_inner_perimeters = 0
; scarf_seam_only_on_smooth = 1
; scarf_seam_placement = nowhere
; scarf_seam_start_height = 0%
; seam_gap_distance = 15%
; seam_position = aligned
; silent_mode = 1
; single_extruder_multi_material = 0
; single_extruder_multi_material_priming = 1
; skirt_distance = 3
; skirt_height = 1
; skirts = 2
; slice_closing_radius = 0.049
; slicing_mode = regular
; slowdown_below_layer_time = 5
; small_perimeter_speed = 12
; solid_infill_acceleration = 0
; solid_infill_below_area = 70
; solid_infill_every_layers = 0
; solid_infill_extruder = 1
; solid_infill_extrusion_width = 0
; solid_infill_speed = 18
; spiral_vase = 0
; staggered_inner_seams = 0
; standby_temperature_delta = -5
; start_filament_gcode = "; Filament gcode\n"
; start_gcode = G21\nM107\nG90\nM82\nG92 E0\nM117 Heating\nM140 S[first_layer_bed_temperature]\nM109 R180\nM117 Anti-ooze retract\nG1 E-30 F75\nM117 Wiping\nG1 X42 Y173 F11520\nG1 Z0 F1200\nG1 X42 Y173 Z-0.5 F4000\nG1 X52 Y171 Z-0.5 F4000\nG1 X42 Y173 Z0 F4000\nG1 X52 Y171 F4000\nG1 X42 Y173 F4000\nG1 X52 Y171 F4000\nG1 X57 Y173 F4000\nG1 X77 Y171 F4000\nG1 X87 Y171 F4000\nG1 X97 Y171 F4000\nG1 X107 Y173 F4000\nG1 X112 Y171 Z-0.5 F1000\nG1 Z10 F600\nM117 Heating for print\nM190 S[first_layer_bed_temperature]\nM109 S[first_layer_temperature]\nG92 E0\nG1 E5 F75\nG92 E0\nM117 Printing
; support_material = 0
; support_material_angle = 0
; support_material_auto = 1
; support_material_bottom_contact_distance = 0
; support_material_bottom_interface_layers = -1
; support_material_buildplate_only = 0
; support_material_closing_radius = 2
; support_material_contact_distance = 0.2
; support_material_enforce_layers = 0
; support_material_extruder = 1
; support_material_extrusion_width = 0
; support_material_interface_contact_loops = 0
; support_material_interface_extruder = 1
; support_material_interface_layers = 3
; support_material_interface_pattern = rectilinear
; support_material_interface_spacing = 0
; support_material_interface_speed = 100%
; support_material_pattern = rectilinear
; support_material_spacing = 2.5
; support_material_speed = 60
; support_material_style = grid
; support_material_synchronize_layers = 0
; support_material_threshold = 0
; support_material_with_sheath = 1
; support_material_xy_spacing = 50%
; support_tree_angle = 40
; support_tree_angle_slow = 25
; support_tree_branch_diameter = 2
; support_tree_branch_diameter_angle = 5
; support_tree_branch_diameter_double_wall = 3
; support_tree_branch_distance = 1
; support_tree_tip_diameter = 0.8
; support_tree_top_rate = 15%
; temperature = 225
; template_custom_gcode = 
; thick_bridges = 1
; thin_walls = 1
; thumbnails = 
; thumbnails_format = PNG
; toolchange_gcode = 
; top_fill_pattern = monotonic
; top_infill_extrusion_width = 0
; top_one_perimeter_type = none
; top_solid_infill_acceleration = 0
; top_solid_infill_speed = 15
; top_solid_layers = 4
; top_solid_min_thickness = 0
; travel_acceleration = 1000
; travel_lift_before_obstacle = 0
; travel_max_lift = 0
; travel_ramping_lift = 0
; travel_short_distance_acceleration = 0
; travel_slope = 0
; travel_speed = 100
; travel_speed_z = 0
; use_firmware_retraction = 0
; use_relative_e_distances = 0
; use_volumetric_e = 0
; variable_layer_height = 1
; wall_distribution_count = 1
; wall_transition_angle = 10
; wall_transition_filter_deviation = 25%
; wall_transition_length = 100%
; wipe = 0
; wipe_into_infill = 0
; wipe_into_objects = 0
; wipe_tower = 0
; wipe_tower_acceleration = 0
; wipe_tower_bridging = 10
; wipe_tower_brim_width = 2
; wipe_tower_cone_angle = 0
; wipe_tower_extra_flow = 100%
; wipe_tower_extra_spacing = 100%
; wipe_tower_extruder = 0
; wipe_tower_no_sparse_layers = 0
; wipe_tower_width = 60
; wiping_volumes_matrix = 0,140,140,140,140,140,0,140,140,140,140,140,0,140,140,140,140,140,0,140,140,140,140,140,0
; wiping_volumes_use_custom_matrix = 0
; xy_size_compensation = 0
; z_offset = 0
; prusaslicer_config = end
